{
    "0": {
        "top5_index": [
            82,
            357,
            281,
            259,
            512
        ],
        "scores": [
            1.0,
            -0.7991130352020264,
            0.7780072689056396,
            0.7495342493057251,
            -0.6403834819793701
        ]
    },
    "1": {
        "top5_index": [
            514,
            483,
            681,
            195,
            690
        ],
        "scores": [
            -1.0,
            -0.7730635404586792,
            0.7516162991523743,
            -0.6963559985160828,
            -0.6941511631011963
        ]
    },
    "2": {
        "top5_index": [
            43,
            324,
            593,
            448,
            104
        ],
        "scores": [
            1.0,
            -0.8282009363174438,
            0.8019313216209412,
            -0.7829053401947021,
            -0.7601535320281982
        ]
    },
    "3": {
        "top5_index": [
            128,
            11,
            488,
            183,
            236
        ],
        "scores": [
            1.0,
            0.9577566981315613,
            -0.9167016744613647,
            0.9104165434837341,
            -0.9012191295623779
        ]
    },
    "4": {
        "top5_index": [
            69,
            355,
            507,
            364,
            134
        ],
        "scores": [
            -1.0,
            -0.9907180666923523,
            0.9787471294403076,
            0.9254759550094604,
            -0.8289006352424622
        ]
    },
    "5": {
        "top5_index": [
            69,
            507,
            134,
            10,
            505
        ],
        "scores": [
            -1.0,
            0.7701124548912048,
            -0.7575283646583557,
            -0.7358446717262268,
            0.7144249081611633
        ]
    },
    "6": {
        "top5_index": [
            355,
            69,
            134,
            314,
            674
        ],
        "scores": [
            -1.0,
            -0.9571877717971802,
            -0.8711116909980774,
            0.7747431993484497,
            0.7723545432090759
        ]
    },
    "7": {
        "top5_index": [
            134,
            393,
            414,
            674,
            730
        ],
        "scores": [
            -1.0,
            0.8364947438240051,
            -0.7964643239974976,
            0.7364063262939453,
            -0.6867132186889648
        ]
    },
    "8": {
        "top5_index": [
            134,
            414,
            238,
            393,
            395
        ],
        "scores": [
            -1.0,
            -0.8199422359466553,
            0.7412675023078918,
            0.7346295714378357,
            0.7077726125717163
        ]
    },
    "9": {
        "top5_index": [
            45,
            238,
            334,
            414,
            134
        ],
        "scores": [
            1.0,
            0.9827349185943604,
            -0.9357901811599731,
            -0.9259139895439148,
            -0.9100546836853027
        ]
    },
    "10": {
        "top5_index": [
            605,
            393,
            663,
            319,
            748
        ],
        "scores": [
            -1.0,
            0.9259841442108154,
            -0.8565695285797119,
            0.8299818634986877,
            0.8267768621444702
        ]
    },
    "11": {
        "top5_index": [
            605,
            702,
            577,
            169,
            319
        ],
        "scores": [
            -1.0,
            0.9249410033226013,
            -0.8609997034072876,
            0.8334484100341797,
            0.8219586610794067
        ]
    }
}