{
    "0": {
        "top5_index": [
            612,
            2115,
            2031,
            2581,
            2912
        ],
        "scores": [
            1.0,
            -0.8748572468757629,
            -0.8605560660362244,
            -0.80950528383255,
            0.808495283126831
        ]
    },
    "1": {
        "top5_index": [
            379,
            2563,
            2382,
            1978,
            1090
        ],
        "scores": [
            1.0,
            -0.8027897477149963,
            0.721253514289856,
            -0.6575012803077698,
            0.6475496888160706
        ]
    },
    "2": {
        "top5_index": [
            1281,
            2951,
            320,
            1858,
            540
        ],
        "scores": [
            -1.0,
            0.9518952965736389,
            0.9263612031936646,
            0.8854976296424866,
            0.8787402510643005
        ]
    },
    "3": {
        "top5_index": [
            1531,
            68,
            824,
            2660,
            1470
        ],
        "scores": [
            -1.0,
            -0.939937174320221,
            -0.8954907655715942,
            -0.876695990562439,
            -0.7815948128700256
        ]
    },
    "4": {
        "top5_index": [
            1014,
            2033,
            391,
            1464,
            3054
        ],
        "scores": [
            -1.0,
            0.9645893573760986,
            0.82508784532547,
            0.8241831660270691,
            -0.7942209243774414
        ]
    },
    "5": {
        "top5_index": [
            79,
            951,
            2166,
            2882,
            2077
        ],
        "scores": [
            -1.0,
            0.7883328795433044,
            0.7053661346435547,
            0.6867378950119019,
            0.676633358001709
        ]
    },
    "6": {
        "top5_index": [
            1580,
            684,
            977,
            1235,
            1615
        ],
        "scores": [
            1.0,
            0.8982930779457092,
            0.8429053425788879,
            -0.8014817833900452,
            0.7968761920928955
        ]
    },
    "7": {
        "top5_index": [
            2547,
            2390,
            164,
            2144,
            1142
        ],
        "scores": [
            -1.0,
            -0.7296000719070435,
            0.6663511395454407,
            0.6049658060073853,
            -0.6004024147987366
        ]
    },
    "8": {
        "top5_index": [
            1794,
            670,
            1015,
            1493,
            1394
        ],
        "scores": [
            -1.0,
            -0.7689650058746338,
            -0.7103108763694763,
            -0.6538193225860596,
            -0.5658995509147644
        ]
    },
    "9": {
        "top5_index": [
            2194,
            601,
            2805,
            2008,
            2437
        ],
        "scores": [
            -1.0,
            -0.8215637803077698,
            -0.8140867948532104,
            -0.7973921895027161,
            -0.7932435870170593
        ]
    },
    "10": {
        "top5_index": [
            2761,
            1148,
            2872,
            1041,
            745
        ],
        "scores": [
            1.0,
            0.8182306289672852,
            0.7996165156364441,
            0.7932307720184326,
            -0.7694420218467712
        ]
    },
    "11": {
        "top5_index": [
            2493,
            1225,
            1056,
            2123,
            3062
        ],
        "scores": [
            1.0,
            0.5929197072982788,
            0.581289529800415,
            -0.5545715093612671,
            0.5473112463951111
        ]
    }
}