{
    "0": {
        "top5_index": [
            281,
            78,
            1,
            366,
            282
        ],
        "scores": [
            1.0,
            0.8515013456344604,
            -0.8209180235862732,
            -0.7885684370994568,
            -0.702753484249115
        ]
    },
    "1": {
        "top5_index": [
            106,
            672,
            627,
            128,
            512
        ],
        "scores": [
            1.0,
            0.7922760844230652,
            -0.7780781984329224,
            0.7663466930389404,
            0.7543168067932129
        ]
    },
    "2": {
        "top5_index": [
            719,
            356,
            128,
            231,
            423
        ],
        "scores": [
            1.0,
            -0.9861012101173401,
            0.958085298538208,
            0.8894018530845642,
            0.8816380500793457
        ]
    },
    "3": {
        "top5_index": [
            128,
            719,
            414,
            357,
            302
        ],
        "scores": [
            1.0,
            0.9844151139259338,
            -0.9707472324371338,
            0.951590359210968,
            -0.9131014943122864
        ]
    },
    "4": {
        "top5_index": [
            524,
            719,
            60,
            435,
            423
        ],
        "scores": [
            -1.0,
            0.9739415645599365,
            0.9333195686340332,
            0.9219484925270081,
            0.9132698178291321
        ]
    },
    "5": {
        "top5_index": [
            524,
            719,
            651,
            435,
            75
        ],
        "scores": [
            -1.0,
            0.856830894947052,
            -0.7646912336349487,
            0.759523332118988,
            -0.7016424536705017
        ]
    },
    "6": {
        "top5_index": [
            314,
            72,
            435,
            524,
            163
        ],
        "scores": [
            1.0,
            0.9192997217178345,
            0.9112309217453003,
            -0.8777496814727783,
            -0.8534939885139465
        ]
    },
    "7": {
        "top5_index": [
            548,
            690,
            75,
            435,
            92
        ],
        "scores": [
            1.0,
            0.902061939239502,
            -0.8567343950271606,
            0.7731204032897949,
            0.7636253237724304
        ]
    },
    "8": {
        "top5_index": [
            548,
            435,
            737,
            663,
            134
        ],
        "scores": [
            1.0,
            0.903915286064148,
            0.8764221668243408,
            -0.8473591208457947,
            -0.8471387028694153
        ]
    },
    "9": {
        "top5_index": [
            663,
            72,
            6,
            414,
            134
        ],
        "scores": [
            -1.0,
            0.8929578065872192,
            0.8781635761260986,
            -0.8391963243484497,
            -0.8233383297920227
        ]
    },
    "10": {
        "top5_index": [
            605,
            748,
            88,
            663,
            319
        ],
        "scores": [
            -1.0,
            0.8594926595687866,
            -0.8064165711402893,
            -0.7788095474243164,
            0.7139987945556641
        ]
    },
    "11": {
        "top5_index": [
            605,
            702,
            577,
            169,
            319
        ],
        "scores": [
            -1.0,
            0.9249411225318909,
            -0.8609997034072876,
            0.8334484696388245,
            0.8219587206840515
        ]
    }
}