{
    "0": {
        "top5_index": [
            630,
            2581,
            1204,
            420,
            1268
        ],
        "scores": [
            -1.0,
            -0.9488692879676819,
            -0.838427722454071,
            -0.8123988509178162,
            -0.7935870289802551
        ]
    },
    "1": {
        "top5_index": [
            1978,
            489,
            1317,
            1435,
            528
        ],
        "scores": [
            -1.0,
            -0.8819641470909119,
            -0.8771068453788757,
            0.8197218775749207,
            -0.7999365925788879
        ]
    },
    "2": {
        "top5_index": [
            159,
            653,
            1728,
            2067,
            251
        ],
        "scores": [
            -1.0,
            0.944476842880249,
            0.9348746538162231,
            -0.9209784269332886,
            0.814327597618103
        ]
    },
    "3": {
        "top5_index": [
            1531,
            2664,
            2287,
            3032,
            2660
        ],
        "scores": [
            -1.0,
            -0.9561920166015625,
            -0.8869343400001526,
            -0.8573533296585083,
            -0.8418160080909729
        ]
    },
    "4": {
        "top5_index": [
            1452,
            533,
            1967,
            2931,
            781
        ],
        "scores": [
            -1.0,
            -0.9187029600143433,
            -0.8999772071838379,
            0.8952402472496033,
            0.8881590962409973
        ]
    },
    "5": {
        "top5_index": [
            79,
            496,
            1420,
            771,
            1509
        ],
        "scores": [
            -1.0,
            0.6717346906661987,
            -0.6551967263221741,
            -0.6450928449630737,
            -0.5988624095916748
        ]
    },
    "6": {
        "top5_index": [
            684,
            1235,
            1930,
            2503,
            77
        ],
        "scores": [
            1.0,
            -0.6901472806930542,
            0.6793708801269531,
            0.6253820657730103,
            -0.4727354645729065
        ]
    },
    "7": {
        "top5_index": [
            2547,
            2390,
            164,
            2765,
            1952
        ],
        "scores": [
            -1.0,
            -0.8844773769378662,
            0.7746940851211548,
            0.7211689949035645,
            0.5746257901191711
        ]
    },
    "8": {
        "top5_index": [
            1794,
            936,
            670,
            1493,
            2122
        ],
        "scores": [
            -1.0,
            -0.8689588308334351,
            -0.8559224605560303,
            -0.7540763020515442,
            0.692470133304596
        ]
    },
    "9": {
        "top5_index": [
            1043,
            1840,
            107,
            2805,
            2382
        ],
        "scores": [
            1.0,
            0.75986248254776,
            -0.7480929493904114,
            -0.7396641373634338,
            -0.7105724811553955
        ]
    },
    "10": {
        "top5_index": [
            2761,
            2678,
            749,
            1148,
            2872
        ],
        "scores": [
            1.0,
            0.8922726511955261,
            0.8432533144950867,
            0.8213309645652771,
            0.8065455555915833
        ]
    },
    "11": {
        "top5_index": [
            2493,
            1225,
            1056,
            2123,
            3062
        ],
        "scores": [
            1.0,
            0.5929199457168579,
            0.5812897682189941,
            -0.5545716881752014,
            0.5473114848136902
        ]
    }
}