{
    "0": {
        "top5_index": [
            595,
            1,
            259,
            357,
            151
        ],
        "scores": [
            1.0,
            -0.963580310344696,
            0.9266846179962158,
            -0.9139861464500427,
            -0.9097917675971985
        ]
    },
    "1": {
        "top5_index": [
            428,
            404,
            326,
            51,
            221
        ],
        "scores": [
            -1.0,
            0.9785966277122498,
            0.9560352563858032,
            0.9351493716239929,
            0.8924374580383301
        ]
    },
    "2": {
        "top5_index": [
            88,
            138,
            51,
            211,
            352
        ],
        "scores": [
            1.0,
            -0.7992863059043884,
            0.7649748921394348,
            -0.7351269721984863,
            -0.7061599493026733
        ]
    },
    "3": {
        "top5_index": [
            111,
            211,
            237,
            629,
            51
        ],
        "scores": [
            -1.0,
            -0.9773097634315491,
            -0.9719445705413818,
            0.9219159483909607,
            0.8608810305595398
        ]
    },
    "4": {
        "top5_index": [
            88,
            495,
            18,
            709,
            211
        ],
        "scores": [
            1.0,
            0.8549235463142395,
            0.810218334197998,
            -0.7924236059188843,
            -0.7819851636886597
        ]
    },
    "5": {
        "top5_index": [
            653,
            68,
            33,
            269,
            83
        ],
        "scores": [
            -1.0,
            0.9882049560546875,
            0.944089949131012,
            0.9325621128082275,
            0.9238502979278564
        ]
    },
    "6": {
        "top5_index": [
            508,
            764,
            211,
            51,
            23
        ],
        "scores": [
            1.0,
            -0.9121657609939575,
            -0.908004105091095,
            0.8702974915504456,
            0.867341935634613
        ]
    },
    "7": {
        "top5_index": [
            23,
            653,
            311,
            701,
            490
        ],
        "scores": [
            1.0,
            -0.8820289373397827,
            0.8644611239433289,
            -0.8616799712181091,
            0.8605010509490967
        ]
    },
    "8": {
        "top5_index": [
            731,
            490,
            635,
            701,
            232
        ],
        "scores": [
            1.0,
            0.9693310856819153,
            0.942035973072052,
            -0.926427960395813,
            0.9060095548629761
        ]
    },
    "9": {
        "top5_index": [
            490,
            663,
            313,
            298,
            88
        ],
        "scores": [
            1.0,
            0.9730842709541321,
            -0.9701617360115051,
            0.9550409913063049,
            0.9455502033233643
        ]
    },
    "10": {
        "top5_index": [
            88,
            605,
            663,
            311,
            119
        ],
        "scores": [
            1.0,
            0.9629703760147095,
            0.9330520033836365,
            0.9080966711044312,
            0.907051682472229
        ]
    },
    "11": {
        "top5_index": [
            554,
            443,
            605,
            47,
            707
        ],
        "scores": [
            -1.0,
            -0.9304335117340088,
            0.9148325324058533,
            0.9135874509811401,
            -0.9021062254905701
        ]
    }
}