{
    "0": {
        "top5_index": [
            2581,
            612,
            1914,
            2031,
            2115
        ],
        "scores": [
            -1.0,
            0.9116513133049011,
            -0.8948222398757935,
            -0.8646388053894043,
            -0.8584007024765015
        ]
    },
    "1": {
        "top5_index": [
            2054,
            2442,
            2563,
            2220,
            1793
        ],
        "scores": [
            1.0,
            0.9491830468177795,
            -0.9081783294677734,
            0.902931809425354,
            -0.8481047749519348
        ]
    },
    "2": {
        "top5_index": [
            1777,
            1014,
            986,
            227,
            2037
        ],
        "scores": [
            1.0,
            0.7886388301849365,
            -0.6787286996841431,
            -0.5973073840141296,
            0.5943037271499634
        ]
    },
    "3": {
        "top5_index": [
            68,
            1531,
            824,
            2660,
            1470
        ],
        "scores": [
            -1.0,
            -0.9532623291015625,
            -0.9254550933837891,
            -0.7602350115776062,
            -0.7298131585121155
        ]
    },
    "4": {
        "top5_index": [
            1637,
            2916,
            2041,
            2318,
            1144
        ],
        "scores": [
            -1.0,
            -0.9012966156005859,
            -0.887842059135437,
            0.8558934926986694,
            0.8354392647743225
        ]
    },
    "5": {
        "top5_index": [
            803,
            985,
            2068,
            2194,
            1305
        ],
        "scores": [
            -1.0,
            0.8943653702735901,
            0.7678540945053101,
            -0.7581392526626587,
            -0.6861176490783691
        ]
    },
    "6": {
        "top5_index": [
            862,
            2719,
            278,
            1615,
            2263
        ],
        "scores": [
            1.0,
            0.767341673374176,
            0.7302577495574951,
            -0.6350488662719727,
            -0.6163275241851807
        ]
    },
    "7": {
        "top5_index": [
            1562,
            2547,
            1339,
            58,
            1825
        ],
        "scores": [
            1.0,
            0.9596070051193237,
            0.7878974676132202,
            0.7586424350738525,
            0.701155424118042
        ]
    },
    "8": {
        "top5_index": [
            1794,
            936,
            1015,
            1509,
            1824
        ],
        "scores": [
            1.0,
            0.9654642343521118,
            0.9214282631874084,
            -0.9185873866081238,
            0.9090988636016846
        ]
    },
    "9": {
        "top5_index": [
            1144,
            1043,
            1595,
            1197,
            2762
        ],
        "scores": [
            -1.0,
            -0.9973064064979553,
            -0.9358092546463013,
            -0.8893605470657349,
            -0.8636709451675415
        ]
    },
    "10": {
        "top5_index": [
            126,
            2422,
            1148,
            2018,
            303
        ],
        "scores": [
            1.0,
            0.9906226992607117,
            -0.9898220300674438,
            -0.934791624546051,
            -0.9217693209648132
        ]
    },
    "11": {
        "top5_index": [
            2493,
            853,
            2807,
            1092,
            2123
        ],
        "scores": [
            -1.0,
            -0.6387248635292053,
            0.6370846033096313,
            -0.6218989491462708,
            0.611716091632843
        ]
    }
}