{
    "0": {
        "top5_index": [
            630,
            2976,
            395,
            1070,
            172
        ],
        "scores": [
            1.0,
            -0.9342204332351685,
            0.8990078568458557,
            -0.8783920407295227,
            -0.8734444379806519
        ]
    },
    "1": {
        "top5_index": [
            1978,
            2563,
            489,
            1510,
            1457
        ],
        "scores": [
            1.0,
            0.9925411939620972,
            0.9752953052520752,
            0.9363301992416382,
            -0.7166284918785095
        ]
    },
    "2": {
        "top5_index": [
            1784,
            2382,
            227,
            1543,
            2040
        ],
        "scores": [
            1.0,
            -0.9940979480743408,
            0.9903372526168823,
            0.9454358816146851,
            -0.940345048904419
        ]
    },
    "3": {
        "top5_index": [
            1456,
            2660,
            1531,
            518,
            68
        ],
        "scores": [
            1.0,
            0.8706955909729004,
            0.8348711133003235,
            0.7534887790679932,
            0.7396805882453918
        ]
    },
    "4": {
        "top5_index": [
            207,
            240,
            2361,
            1967,
            1031
        ],
        "scores": [
            1.0,
            0.935472846031189,
            -0.4703536629676819,
            0.43282803893089294,
            -0.42752230167388916
        ]
    },
    "5": {
        "top5_index": [
            1573,
            1837,
            2634,
            699,
            1440
        ],
        "scores": [
            -1.0,
            0.8785345554351807,
            -0.8717416524887085,
            0.859935462474823,
            0.8171895742416382
        ]
    },
    "6": {
        "top5_index": [
            1580,
            1534,
            684,
            977,
            2227
        ],
        "scores": [
            1.0,
            0.809653639793396,
            -0.7943935990333557,
            0.5995004177093506,
            -0.5455542206764221
        ]
    },
    "7": {
        "top5_index": [
            1226,
            2340,
            1105,
            2925,
            202
        ],
        "scores": [
            -1.0,
            -0.7294472455978394,
            -0.7134770750999451,
            -0.6575396060943604,
            0.5586483478546143
        ]
    },
    "8": {
        "top5_index": [
            2973,
            1509,
            1794,
            654,
            2874
        ],
        "scores": [
            -1.0,
            -0.8554323315620422,
            0.7851600646972656,
            -0.7806639671325684,
            0.7720759510993958
        ]
    },
    "9": {
        "top5_index": [
            2628,
            255,
            2805,
            507,
            1043
        ],
        "scores": [
            1.0,
            0.9232968688011169,
            0.9063357710838318,
            0.8857153654098511,
            -0.8777889609336853
        ]
    },
    "10": {
        "top5_index": [
            2761,
            1148,
            749,
            2678,
            2422
        ],
        "scores": [
            -1.0,
            -0.9272363185882568,
            -0.879477858543396,
            -0.8480565547943115,
            0.7917671799659729
        ]
    },
    "11": {
        "top5_index": [
            2493,
            853,
            2807,
            1092,
            2123
        ],
        "scores": [
            -1.0,
            -0.6387245655059814,
            0.637084424495697,
            -0.6218988299369812,
            0.6117159724235535
        ]
    }
}