{
    "0": {
        "top5_index": [
            1,
            366,
            674,
            210,
            236
        ],
        "scores": [
            1.0,
            0.8490107655525208,
            -0.7659998536109924,
            -0.7508333325386047,
            0.6646237373352051
        ]
    },
    "1": {
        "top5_index": [
            514,
            682,
            273,
            382,
            37
        ],
        "scores": [
            1.0,
            -0.8359881043434143,
            -0.7925580143928528,
            0.7647271752357483,
            0.7426677942276001
        ]
    },
    "2": {
        "top5_index": [
            393,
            448,
            88,
            105,
            253
        ],
        "scores": [
            -1.0,
            0.8065760731697083,
            0.7715486884117126,
            0.7576742768287659,
            0.7342203259468079
        ]
    },
    "3": {
        "top5_index": [
            393,
            326,
            88,
            448,
            183
        ],
        "scores": [
            -1.0,
            -0.9938457012176514,
            0.8713007569313049,
            0.8593738675117493,
            -0.778353750705719
        ]
    },
    "4": {
        "top5_index": [
            88,
            23,
            339,
            656,
            162
        ],
        "scores": [
            1.0,
            0.8142752647399902,
            -0.7108721137046814,
            -0.6462678909301758,
            -0.6378035545349121
        ]
    },
    "5": {
        "top5_index": [
            448,
            703,
            311,
            441,
            90
        ],
        "scores": [
            1.0,
            -0.9933068156242371,
            0.9498808979988098,
            0.8847536444664001,
            0.8708176016807556
        ]
    },
    "6": {
        "top5_index": [
            88,
            298,
            561,
            23,
            210
        ],
        "scores": [
            1.0,
            0.8847214579582214,
            0.8660658597946167,
            0.8630431890487671,
            -0.8466522693634033
        ]
    },
    "7": {
        "top5_index": [
            88,
            134,
            292,
            612,
            173
        ],
        "scores": [
            1.0,
            0.9381405711174011,
            -0.9066506624221802,
            0.8313466906547546,
            -0.7981156706809998
        ]
    },
    "8": {
        "top5_index": [
            88,
            298,
            448,
            229,
            591
        ],
        "scores": [
            1.0,
            0.8221617937088013,
            0.7846116423606873,
            -0.7115328311920166,
            0.6844733953475952
        ]
    },
    "9": {
        "top5_index": [
            88,
            443,
            311,
            47,
            612
        ],
        "scores": [
            1.0,
            -0.6985481977462769,
            0.6861772537231445,
            0.6844947338104248,
            0.6438749432563782
        ]
    },
    "10": {
        "top5_index": [
            88,
            47,
            605,
            247,
            311
        ],
        "scores": [
            1.0,
            0.8975284695625305,
            0.8963398933410645,
            0.8906097412109375,
            0.8847681283950806
        ]
    },
    "11": {
        "top5_index": [
            554,
            443,
            605,
            47,
            707
        ],
        "scores": [
            -1.0,
            -0.9304335117340088,
            0.914832353591919,
            0.9135873317718506,
            -0.9021062254905701
        ]
    }
}