{
    "0": {
        "top5_index": [
            516,
            2627,
            1070,
            2304,
            2401
        ],
        "scores": [
            1.0,
            -0.918681800365448,
            0.8838844299316406,
            -0.8769112825393677,
            0.876727819442749
        ]
    },
    "1": {
        "top5_index": [
            1982,
            2596,
            2992,
            907,
            1956
        ],
        "scores": [
            -1.0,
            -0.9759284853935242,
            0.9737787842750549,
            -0.9533507823944092,
            -0.9421807527542114
        ]
    },
    "2": {
        "top5_index": [
            1777,
            285,
            1536,
            2386,
            133
        ],
        "scores": [
            1.0,
            -0.9878231883049011,
            0.9720006585121155,
            0.9345406889915466,
            -0.906084418296814
        ]
    },
    "3": {
        "top5_index": [
            1758,
            895,
            68,
            824,
            2367
        ],
        "scores": [
            1.0,
            -0.93746018409729,
            -0.8710845708847046,
            -0.8234027624130249,
            0.782810628414154
        ]
    },
    "4": {
        "top5_index": [
            2220,
            533,
            237,
            2187,
            2511
        ],
        "scores": [
            1.0,
            0.795652449131012,
            0.732089638710022,
            -0.7266151905059814,
            0.7263138294219971
        ]
    },
    "5": {
        "top5_index": [
            951,
            2077,
            2166,
            2104,
            435
        ],
        "scores": [
            1.0,
            0.9324920773506165,
            0.8515965342521667,
            -0.7485131025314331,
            0.7207978963851929
        ]
    },
    "6": {
        "top5_index": [
            3009,
            170,
            684,
            1615,
            984
        ],
        "scores": [
            1.0,
            -0.995392382144928,
            -0.9727640748023987,
            -0.9353533387184143,
            -0.9340582489967346
        ]
    },
    "7": {
        "top5_index": [
            1339,
            2286,
            348,
            1562,
            58
        ],
        "scores": [
            1.0,
            0.8902803659439087,
            -0.7965649962425232,
            0.7875137329101562,
            0.7730175256729126
        ]
    },
    "8": {
        "top5_index": [
            1015,
            1158,
            654,
            1794,
            1830
        ],
        "scores": [
            1.0,
            -0.9901221990585327,
            -0.9864055514335632,
            0.9713612198829651,
            -0.96823650598526
        ]
    },
    "9": {
        "top5_index": [
            2207,
            2250,
            3004,
            255,
            2762
        ],
        "scores": [
            1.0,
            -0.983176589012146,
            -0.8732718229293823,
            0.856358528137207,
            -0.8429721593856812
        ]
    },
    "10": {
        "top5_index": [
            2761,
            126,
            2422,
            1148,
            303
        ],
        "scores": [
            -1.0,
            0.9465205073356628,
            0.8886171579360962,
            -0.8343497514724731,
            -0.8212709426879883
        ]
    },
    "11": {
        "top5_index": [
            2493,
            853,
            2807,
            1092,
            2123
        ],
        "scores": [
            -1.0,
            -0.6387249827384949,
            0.6370847821235657,
            -0.6218991875648499,
            0.6117161512374878
        ]
    }
}