{
    "0": {
        "top5_index": [
            554,
            637,
            360,
            404,
            40
        ],
        "scores": [
            -1.0,
            -0.9714277386665344,
            -0.9584646821022034,
            0.948876142501831,
            0.9476876258850098
        ]
    },
    "1": {
        "top5_index": [
            637,
            51,
            355,
            434,
            581
        ],
        "scores": [
            -1.0,
            0.9873474836349487,
            0.9259078502655029,
            -0.8954563736915588,
            -0.8719445466995239
        ]
    },
    "2": {
        "top5_index": [
            637,
            88,
            651,
            97,
            554
        ],
        "scores": [
            -1.0,
            0.9631214737892151,
            0.8953571319580078,
            -0.8366158604621887,
            -0.8256023526191711
        ]
    },
    "3": {
        "top5_index": [
            97,
            637,
            119,
            111,
            638
        ],
        "scores": [
            -1.0,
            -0.997797966003418,
            0.8142410516738892,
            -0.7724310755729675,
            0.7484598755836487
        ]
    },
    "4": {
        "top5_index": [
            97,
            637,
            88,
            679,
            119
        ],
        "scores": [
            -1.0,
            -0.9523614048957825,
            0.7134312391281128,
            0.7055105566978455,
            0.6912208795547485
        ]
    },
    "5": {
        "top5_index": [
            637,
            97,
            119,
            508,
            286
        ],
        "scores": [
            -1.0,
            -0.9086931347846985,
            0.797838032245636,
            0.7646832466125488,
            -0.7620426416397095
        ]
    },
    "6": {
        "top5_index": [
            119,
            196,
            508,
            311,
            490
        ],
        "scores": [
            1.0,
            0.9979308247566223,
            0.9905921220779419,
            0.9543485045433044,
            0.9232045412063599
        ]
    },
    "7": {
        "top5_index": [
            490,
            311,
            674,
            286,
            603
        ],
        "scores": [
            1.0,
            0.9862309098243713,
            -0.9516023993492126,
            -0.9224836230278015,
            0.9102286100387573
        ]
    },
    "8": {
        "top5_index": [
            311,
            587,
            287,
            286,
            674
        ],
        "scores": [
            1.0,
            -0.8830008506774902,
            0.8766908645629883,
            -0.8720952868461609,
            -0.8693941235542297
        ]
    },
    "9": {
        "top5_index": [
            88,
            287,
            238,
            47,
            311
        ],
        "scores": [
            1.0,
            0.9286757111549377,
            -0.8960205912590027,
            0.8868290185928345,
            0.860691487789154
        ]
    },
    "10": {
        "top5_index": [
            88,
            311,
            287,
            89,
            547
        ],
        "scores": [
            1.0,
            0.9185065627098083,
            0.876274049282074,
            0.8714578747749329,
            -0.8686079978942871
        ]
    },
    "11": {
        "top5_index": [
            554,
            443,
            605,
            47,
            707
        ],
        "scores": [
            -1.0,
            -0.930433452129364,
            0.9148324728012085,
            0.9135873913764954,
            -0.9021062254905701
        ]
    }
}