{
    "0": {
        "top5_index": [
            612,
            1082,
            527,
            61,
            2724
        ],
        "scores": [
            1.0,
            0.8857375979423523,
            -0.8526518940925598,
            0.8201034069061279,
            -0.7851389646530151
        ]
    },
    "1": {
        "top5_index": [
            3049,
            1510,
            2200,
            1978,
            1834
        ],
        "scores": [
            -1.0,
            0.9222070574760437,
            0.9126271605491638,
            0.8679909110069275,
            -0.8551721572875977
        ]
    },
    "2": {
        "top5_index": [
            285,
            2852,
            2768,
            1472,
            2311
        ],
        "scores": [
            -1.0,
            0.9726548194885254,
            0.9051296710968018,
            -0.893831193447113,
            -0.8916548490524292
        ]
    },
    "3": {
        "top5_index": [
            179,
            1115,
            575,
            68,
            1758
        ],
        "scores": [
            -1.0,
            -0.9731318950653076,
            -0.9451062083244324,
            -0.8914964199066162,
            0.8403347730636597
        ]
    },
    "4": {
        "top5_index": [
            1030,
            2361,
            2934,
            2008,
            751
        ],
        "scores": [
            -1.0,
            -0.8977485299110413,
            0.8286826014518738,
            -0.7837156653404236,
            -0.7635849714279175
        ]
    },
    "5": {
        "top5_index": [
            2386,
            2068,
            2212,
            2792,
            2634
        ],
        "scores": [
            1.0,
            0.969321072101593,
            -0.9143503904342651,
            0.8648647665977478,
            -0.8404648303985596
        ]
    },
    "6": {
        "top5_index": [
            684,
            664,
            165,
            1930,
            2896
        ],
        "scores": [
            -1.0,
            -0.8875421285629272,
            -0.7413535714149475,
            -0.6438632011413574,
            -0.5729173421859741
        ]
    },
    "7": {
        "top5_index": [
            1339,
            2390,
            2007,
            58,
            1562
        ],
        "scores": [
            1.0,
            0.8881673812866211,
            -0.7280007600784302,
            0.6978017687797546,
            0.6897649168968201
        ]
    },
    "8": {
        "top5_index": [
            1794,
            936,
            2676,
            557,
            1787
        ],
        "scores": [
            1.0,
            0.9835519790649414,
            0.9611057043075562,
            0.950895369052887,
            -0.8969393968582153
        ]
    },
    "9": {
        "top5_index": [
            2805,
            1436,
            1043,
            1529,
            2250
        ],
        "scores": [
            1.0,
            -0.9575733542442322,
            -0.9029030799865723,
            -0.8765636086463928,
            -0.8758893609046936
        ]
    },
    "10": {
        "top5_index": [
            2761,
            2422,
            126,
            303,
            749
        ],
        "scores": [
            -1.0,
            0.944742739200592,
            0.9245600700378418,
            -0.9243867993354797,
            -0.9147821664810181
        ]
    },
    "11": {
        "top5_index": [
            2493,
            853,
            2807,
            1092,
            2123
        ],
        "scores": [
            -1.0,
            -0.6387248039245605,
            0.6370846629142761,
            -0.6218987703323364,
            0.6117160320281982
        ]
    }
}