{
    "0": {
        "top5_index": [
            512,
            51,
            581,
            287,
            196
        ],
        "scores": [
            -1.0,
            0.9488456845283508,
            -0.8584385514259338,
            0.7937433123588562,
            0.6991321444511414
        ]
    },
    "1": {
        "top5_index": [
            581,
            755,
            51,
            512,
            638
        ],
        "scores": [
            -1.0,
            -0.887715756893158,
            0.8648295998573303,
            -0.834820032119751,
            0.8303599953651428
        ]
    },
    "2": {
        "top5_index": [
            512,
            581,
            88,
            638,
            155
        ],
        "scores": [
            -1.0,
            -0.94569993019104,
            0.751162052154541,
            0.6870537400245667,
            0.6724098920822144
        ]
    },
    "3": {
        "top5_index": [
            512,
            581,
            627,
            88,
            155
        ],
        "scores": [
            -1.0,
            -0.7836055755615234,
            -0.7677032947540283,
            0.7555593848228455,
            0.7428651452064514
        ]
    },
    "4": {
        "top5_index": [
            88,
            155,
            565,
            605,
            311
        ],
        "scores": [
            1.0,
            0.9190817475318909,
            0.8973631858825684,
            0.8091854453086853,
            0.78736811876297
        ]
    },
    "5": {
        "top5_index": [
            196,
            134,
            311,
            674,
            565
        ],
        "scores": [
            1.0,
            0.950574517250061,
            0.9026497006416321,
            -0.8844628930091858,
            0.8587431311607361
        ]
    },
    "6": {
        "top5_index": [
            287,
            134,
            196,
            488,
            508
        ],
        "scores": [
            1.0,
            0.9910910129547119,
            0.9471936225891113,
            0.9426662921905518,
            0.9043681621551514
        ]
    },
    "7": {
        "top5_index": [
            134,
            605,
            393,
            260,
            287
        ],
        "scores": [
            1.0,
            0.9571434855461121,
            -0.9106317162513733,
            -0.8578795790672302,
            0.8378420472145081
        ]
    },
    "8": {
        "top5_index": [
            287,
            311,
            134,
            587,
            88
        ],
        "scores": [
            1.0,
            0.7950380444526672,
            0.7278583645820618,
            -0.7255555391311646,
            0.7056573629379272
        ]
    },
    "9": {
        "top5_index": [
            287,
            88,
            311,
            119,
            663
        ],
        "scores": [
            1.0,
            0.9057267904281616,
            0.8623844385147095,
            0.8169898390769958,
            0.8114727139472961
        ]
    },
    "10": {
        "top5_index": [
            88,
            311,
            119,
            605,
            287
        ],
        "scores": [
            1.0,
            0.9049288034439087,
            0.8979582786560059,
            0.8894732594490051,
            0.8860687613487244
        ]
    },
    "11": {
        "top5_index": [
            554,
            443,
            605,
            47,
            707
        ],
        "scores": [
            -1.0,
            -0.930433452129364,
            0.9148324131965637,
            0.9135872721672058,
            -0.9021062254905701
        ]
    }
}