{
    "0": {
        "top5_index": [
            1,
            366,
            674,
            479,
            151
        ],
        "scores": [
            1.0,
            0.8202614784240723,
            -0.6279132962226868,
            0.6048857569694519,
            0.5920748114585876
        ]
    },
    "1": {
        "top5_index": [
            514,
            273,
            366,
            471,
            512
        ],
        "scores": [
            1.0,
            -0.9297996759414673,
            0.8826234936714172,
            -0.8254011869430542,
            -0.7696550488471985
        ]
    },
    "2": {
        "top5_index": [
            366,
            97,
            61,
            514,
            597
        ],
        "scores": [
            1.0,
            -0.8659634590148926,
            -0.8470099568367004,
            0.8443542122840881,
            -0.8123948574066162
        ]
    },
    "3": {
        "top5_index": [
            513,
            97,
            183,
            514,
            283
        ],
        "scores": [
            1.0,
            -0.9906037449836731,
            -0.9641346335411072,
            0.8027154207229614,
            -0.7709349393844604
        ]
    },
    "4": {
        "top5_index": [
            23,
            60,
            88,
            283,
            655
        ],
        "scores": [
            1.0,
            -0.9393392205238342,
            0.8429239392280579,
            -0.7833916544914246,
            0.7776221632957458
        ]
    },
    "5": {
        "top5_index": [
            524,
            441,
            272,
            435,
            75
        ],
        "scores": [
            1.0,
            0.9051686525344849,
            0.8698219656944275,
            -0.8222007155418396,
            0.8158336877822876
        ]
    },
    "6": {
        "top5_index": [
            23,
            667,
            283,
            622,
            524
        ],
        "scores": [
            1.0,
            -0.9382128715515137,
            -0.8749902248382568,
            0.8361718654632568,
            0.7772417068481445
        ]
    },
    "7": {
        "top5_index": [
            292,
            134,
            283,
            23,
            92
        ],
        "scores": [
            -1.0,
            0.8867554664611816,
            -0.8369128704071045,
            0.7984388470649719,
            -0.7597947716712952
        ]
    },
    "8": {
        "top5_index": [
            605,
            591,
            298,
            23,
            348
        ],
        "scores": [
            1.0,
            0.9414663314819336,
            0.9086537957191467,
            0.898427426815033,
            0.8818122148513794
        ]
    },
    "9": {
        "top5_index": [
            313,
            6,
            443,
            88,
            311
        ],
        "scores": [
            -1.0,
            -0.956382155418396,
            -0.9101157188415527,
            0.8819660544395447,
            0.8465725183486938
        ]
    },
    "10": {
        "top5_index": [
            605,
            311,
            313,
            88,
            47
        ],
        "scores": [
            1.0,
            0.992241382598877,
            -0.9486484527587891,
            0.9470104575157166,
            0.9434378743171692
        ]
    },
    "11": {
        "top5_index": [
            554,
            443,
            605,
            47,
            707
        ],
        "scores": [
            -1.0,
            -0.9304335713386536,
            0.9148324728012085,
            0.9135873913764954,
            -0.9021062850952148
        ]
    }
}