{
    "0": {
        "top5_index": [
            2255,
            2032,
            2976,
            1017,
            3023
        ],
        "scores": [
            1.0,
            0.9578102231025696,
            -0.949044942855835,
            0.9354406595230103,
            0.9201058149337769
        ]
    },
    "1": {
        "top5_index": [
            1978,
            489,
            1427,
            1061,
            1205
        ],
        "scores": [
            1.0,
            0.9915721416473389,
            -0.7079381346702576,
            0.6977248191833496,
            -0.6299429535865784
        ]
    },
    "2": {
        "top5_index": [
            1777,
            227,
            1073,
            1894,
            575
        ],
        "scores": [
            -1.0,
            0.8297066688537598,
            -0.8099943995475769,
            -0.8072444796562195,
            0.8045521974563599
        ]
    },
    "3": {
        "top5_index": [
            2660,
            2181,
            1531,
            1516,
            1456
        ],
        "scores": [
            1.0,
            0.9783965945243835,
            0.9639120697975159,
            0.9212380051612854,
            0.905724287033081
        ]
    },
    "4": {
        "top5_index": [
            2033,
            1030,
            240,
            2241,
            2655
        ],
        "scores": [
            -1.0,
            -0.9959924221038818,
            0.964743435382843,
            -0.8887824416160583,
            -0.8593695759773254
        ]
    },
    "5": {
        "top5_index": [
            1837,
            771,
            1440,
            699,
            2882
        ],
        "scores": [
            1.0,
            0.8576089143753052,
            0.8263660669326782,
            0.8132839202880859,
            -0.8004118204116821
        ]
    },
    "6": {
        "top5_index": [
            684,
            664,
            1930,
            2503,
            2896
        ],
        "scores": [
            -1.0,
            -0.5451914668083191,
            -0.5427901148796082,
            -0.49306029081344604,
            -0.46885108947753906
        ]
    },
    "7": {
        "top5_index": [
            2390,
            2547,
            1226,
            1339,
            1562
        ],
        "scores": [
            1.0,
            0.8750126957893372,
            -0.7220471501350403,
            0.7115814089775085,
            0.6122367978096008
        ]
    },
    "8": {
        "top5_index": [
            1794,
            670,
            936,
            2805,
            2973
        ],
        "scores": [
            1.0,
            0.7462912201881409,
            0.737766444683075,
            0.5563790202140808,
            -0.540539026260376
        ]
    },
    "9": {
        "top5_index": [
            1043,
            2628,
            1436,
            2382,
            2805
        ],
        "scores": [
            -1.0,
            0.9485623240470886,
            -0.8180974125862122,
            0.8124617338180542,
            0.8037837743759155
        ]
    },
    "10": {
        "top5_index": [
            2761,
            2678,
            957,
            1148,
            749
        ],
        "scores": [
            -1.0,
            -0.8493101000785828,
            0.8222280144691467,
            -0.8142691850662231,
            -0.8058377504348755
        ]
    },
    "11": {
        "top5_index": [
            2493,
            853,
            2807,
            1092,
            2123
        ],
        "scores": [
            -1.0,
            -0.638724684715271,
            0.637084424495697,
            -0.6218986511230469,
            0.6117162108421326
        ]
    }
}