{
    "0": {
        "top5_index": [
            2255,
            2577,
            738,
            1017,
            1302
        ],
        "scores": [
            -1.0,
            -0.9977626204490662,
            -0.930134654045105,
            -0.8599808812141418,
            -0.8542641401290894
        ]
    },
    "1": {
        "top5_index": [
            1435,
            1793,
            2695,
            910,
            1058
        ],
        "scores": [
            1.0,
            -0.6811350584030151,
            0.6548136472702026,
            0.6497565507888794,
            -0.6442602276802063
        ]
    },
    "2": {
        "top5_index": [
            1281,
            2772,
            125,
            637,
            1002
        ],
        "scores": [
            -1.0,
            -0.8727320432662964,
            -0.8531352281570435,
            -0.8406109809875488,
            -0.8281551003456116
        ]
    },
    "3": {
        "top5_index": [
            2565,
            2522,
            830,
            294,
            2119
        ],
        "scores": [
            1.0,
            -0.8946593403816223,
            0.8552542924880981,
            0.8218904137611389,
            -0.7288781404495239
        ]
    },
    "4": {
        "top5_index": [
            2574,
            1452,
            3054,
            2220,
            1967
        ],
        "scores": [
            -1.0,
            -0.8515632748603821,
            -0.846165120601654,
            -0.844755232334137,
            -0.8297391533851624
        ]
    },
    "5": {
        "top5_index": [
            1229,
            496,
            2068,
            910,
            2899
        ],
        "scores": [
            1.0,
            0.9198708534240723,
            -0.8236555457115173,
            0.6873680353164673,
            0.6823827028274536
        ]
    },
    "6": {
        "top5_index": [
            684,
            1930,
            2503,
            1235,
            2896
        ],
        "scores": [
            1.0,
            0.5473771095275879,
            0.5388971567153931,
            -0.4426416754722595,
            0.4229775369167328
        ]
    },
    "7": {
        "top5_index": [
            2390,
            164,
            2765,
            2547,
            2648
        ],
        "scores": [
            -1.0,
            0.693118155002594,
            0.6886484026908875,
            -0.5921837091445923,
            0.592006504535675
        ]
    },
    "8": {
        "top5_index": [
            1794,
            670,
            936,
            1493,
            2833
        ],
        "scores": [
            -1.0,
            -0.907128095626831,
            -0.7463178038597107,
            -0.7366167306900024,
            -0.6985911130905151
        ]
    },
    "9": {
        "top5_index": [
            1043,
            107,
            2805,
            2382,
            2173
        ],
        "scores": [
            1.0,
            -0.7626842856407166,
            -0.7391701936721802,
            -0.6953228116035461,
            0.674670934677124
        ]
    },
    "10": {
        "top5_index": [
            2761,
            749,
            2872,
            1148,
            2678
        ],
        "scores": [
            1.0,
            0.8647348284721375,
            0.8125180006027222,
            0.8024478554725647,
            0.7754082679748535
        ]
    },
    "11": {
        "top5_index": [
            2493,
            1225,
            1056,
            2123,
            3062
        ],
        "scores": [
            1.0,
            0.5929197072982788,
            0.5812895894050598,
            -0.5545713901519775,
            0.5473111867904663
        ]
    }
}