{
    "0": {
        "top5_index": [
            282,
            403,
            1,
            281,
            97
        ],
        "scores": [
            -1.0,
            0.9033262729644775,
            -0.8912604451179504,
            0.8658960461616516,
            0.8648345470428467
        ]
    },
    "1": {
        "top5_index": [
            512,
            394,
            366,
            134,
            97
        ],
        "scores": [
            1.0,
            0.7451084852218628,
            -0.7276427745819092,
            -0.7243790626525879,
            0.7085348963737488
        ]
    },
    "2": {
        "top5_index": [
            512,
            53,
            97,
            595,
            364
        ],
        "scores": [
            1.0,
            -0.9218806624412537,
            0.8449526429176331,
            -0.7442649602890015,
            0.7202711701393127
        ]
    },
    "3": {
        "top5_index": [
            53,
            414,
            97,
            512,
            68
        ],
        "scores": [
            -1.0,
            -0.9286665916442871,
            0.9073349237442017,
            0.8427678942680359,
            -0.825081467628479
        ]
    },
    "4": {
        "top5_index": [
            134,
            435,
            53,
            97,
            719
        ],
        "scores": [
            -1.0,
            0.9451472163200378,
            -0.8684035539627075,
            0.8576803803443909,
            0.8350012898445129
        ]
    },
    "5": {
        "top5_index": [
            49,
            53,
            655,
            524,
            57
        ],
        "scores": [
            -1.0,
            -0.8933913111686707,
            -0.8766552209854126,
            -0.8240508437156677,
            0.8214515447616577
        ]
    },
    "6": {
        "top5_index": [
            681,
            314,
            134,
            49,
            674
        ],
        "scores": [
            1.0,
            0.9406277537345886,
            -0.9239433407783508,
            -0.8662852048873901,
            0.8243140578269958
        ]
    },
    "7": {
        "top5_index": [
            134,
            393,
            605,
            286,
            656
        ],
        "scores": [
            -1.0,
            0.9114977121353149,
            -0.9072924852371216,
            0.8838365077972412,
            0.8431773781776428
        ]
    },
    "8": {
        "top5_index": [
            228,
            753,
            134,
            469,
            548
        ],
        "scores": [
            1.0,
            -0.9682521820068359,
            -0.9674327969551086,
            0.9255595207214355,
            0.8561158180236816
        ]
    },
    "9": {
        "top5_index": [
            334,
            319,
            663,
            134,
            287
        ],
        "scores": [
            -1.0,
            0.885400652885437,
            -0.8675798773765564,
            -0.8179650902748108,
            -0.8103278279304504
        ]
    },
    "10": {
        "top5_index": [
            605,
            319,
            663,
            88,
            65
        ],
        "scores": [
            -1.0,
            0.9392166137695312,
            -0.8922487497329712,
            -0.8498827219009399,
            -0.8085817098617554
        ]
    },
    "11": {
        "top5_index": [
            605,
            702,
            577,
            169,
            319
        ],
        "scores": [
            -1.0,
            0.9249410629272461,
            -0.8609997034072876,
            0.8334484100341797,
            0.8219586610794067
        ]
    }
}