{
    "0": {
        "top5_index": [
            2581,
            1914,
            271,
            2993,
            2031
        ],
        "scores": [
            -1.0,
            -0.9066123366355896,
            -0.5981404185295105,
            0.5934888124465942,
            -0.5603191256523132
        ]
    },
    "1": {
        "top5_index": [
            379,
            2008,
            287,
            1978,
            2382
        ],
        "scores": [
            1.0,
            -0.9665582776069641,
            -0.9041547179222107,
            -0.8443498611450195,
            0.8267126679420471
        ]
    },
    "2": {
        "top5_index": [
            2038,
            2951,
            2875,
            1298,
            1977
        ],
        "scores": [
            1.0,
            0.7265153527259827,
            0.6503099203109741,
            -0.6251732110977173,
            -0.6104145050048828
        ]
    },
    "3": {
        "top5_index": [
            1531,
            68,
            824,
            2660,
            2664
        ],
        "scores": [
            -1.0,
            -0.9581285119056702,
            -0.9114971160888672,
            -0.8695287108421326,
            -0.8078040480613708
        ]
    },
    "4": {
        "top5_index": [
            117,
            2033,
            1014,
            16,
            1452
        ],
        "scores": [
            -1.0,
            0.9949228763580322,
            -0.9783420562744141,
            -0.9777799248695374,
            -0.973487913608551
        ]
    },
    "5": {
        "top5_index": [
            79,
            615,
            1932,
            1974,
            2942
        ],
        "scores": [
            -1.0,
            -0.8959785103797913,
            -0.891339123249054,
            -0.8386002779006958,
            0.83552086353302
        ]
    },
    "6": {
        "top5_index": [
            684,
            1235,
            3009,
            2896,
            565
        ],
        "scores": [
            1.0,
            -0.7443180084228516,
            -0.7100114822387695,
            0.6676425337791443,
            -0.6414469480514526
        ]
    },
    "7": {
        "top5_index": [
            164,
            1069,
            2390,
            115,
            2547
        ],
        "scores": [
            1.0,
            -0.8658589720726013,
            -0.8627749085426331,
            0.8088537454605103,
            -0.7877594828605652
        ]
    },
    "8": {
        "top5_index": [
            1794,
            670,
            936,
            2833,
            1493
        ],
        "scores": [
            -1.0,
            -0.9082749485969543,
            -0.8190154433250427,
            -0.8141527771949768,
            -0.8118476271629333
        ]
    },
    "9": {
        "top5_index": [
            904,
            507,
            1679,
            1043,
            1840
        ],
        "scores": [
            -1.0,
            -0.9264364838600159,
            0.8559502959251404,
            0.8417844772338867,
            0.8376498818397522
        ]
    },
    "10": {
        "top5_index": [
            2761,
            1041,
            1148,
            2872,
            100
        ],
        "scores": [
            1.0,
            0.952564537525177,
            0.9017189741134644,
            0.8238725662231445,
            0.7719353437423706
        ]
    },
    "11": {
        "top5_index": [
            2493,
            1225,
            1056,
            2123,
            3062
        ],
        "scores": [
            1.0,
            0.5929200053215027,
            0.5812897682189941,
            -0.5545715689659119,
            0.5473113059997559
        ]
    }
}