{
    "0": {
        "top5_index": [
            281,
            236,
            237,
            370,
            1
        ],
        "scores": [
            1.0,
            -0.9338362216949463,
            0.837236225605011,
            -0.8315601944923401,
            -0.8078341484069824
        ]
    },
    "1": {
        "top5_index": [
            447,
            106,
            134,
            407,
            72
        ],
        "scores": [
            -1.0,
            0.9376624822616577,
            -0.9081321954727173,
            -0.8342676758766174,
            0.8161723613739014
        ]
    },
    "2": {
        "top5_index": [
            236,
            296,
            629,
            233,
            357
        ],
        "scores": [
            -1.0,
            -0.860244631767273,
            0.8033064603805542,
            0.7576805949211121,
            0.7528864145278931
        ]
    },
    "3": {
        "top5_index": [
            236,
            570,
            128,
            11,
            326
        ],
        "scores": [
            -1.0,
            -0.9024510979652405,
            0.9021676182746887,
            0.8978568315505981,
            0.8898475170135498
        ]
    },
    "4": {
        "top5_index": [
            134,
            357,
            719,
            281,
            69
        ],
        "scores": [
            -1.0,
            0.9425703287124634,
            0.8716003894805908,
            0.8669673204421997,
            -0.8480203151702881
        ]
    },
    "5": {
        "top5_index": [
            134,
            75,
            674,
            414,
            313
        ],
        "scores": [
            -1.0,
            -0.9261415004730225,
            0.898074209690094,
            -0.8347596526145935,
            0.8276566863059998
        ]
    },
    "6": {
        "top5_index": [
            134,
            314,
            24,
            96,
            690
        ],
        "scores": [
            -1.0,
            0.9670767188072205,
            0.815276563167572,
            -0.7423346042633057,
            0.6873161792755127
        ]
    },
    "7": {
        "top5_index": [
            134,
            393,
            75,
            605,
            24
        ],
        "scores": [
            -1.0,
            0.861868143081665,
            -0.788668155670166,
            -0.7522593140602112,
            0.6905744671821594
        ]
    },
    "8": {
        "top5_index": [
            134,
            3,
            753,
            414,
            24
        ],
        "scores": [
            -1.0,
            0.8923952579498291,
            -0.8326601386070251,
            -0.7379588484764099,
            0.7033966779708862
        ]
    },
    "9": {
        "top5_index": [
            414,
            663,
            134,
            72,
            690
        ],
        "scores": [
            -1.0,
            -0.9961600303649902,
            -0.9089827537536621,
            0.8696854114532471,
            0.8632540106773376
        ]
    },
    "10": {
        "top5_index": [
            605,
            393,
            72,
            88,
            319
        ],
        "scores": [
            -1.0,
            0.9052004218101501,
            0.8639431595802307,
            -0.8312588334083557,
            0.8257970213890076
        ]
    },
    "11": {
        "top5_index": [
            605,
            702,
            577,
            169,
            319
        ],
        "scores": [
            -1.0,
            0.9249411225318909,
            -0.8609997034072876,
            0.8334484696388245,
            0.8219587206840515
        ]
    }
}