{
    "0": {
        "top5_index": [
            2115,
            630,
            1638,
            2255,
            2973
        ],
        "scores": [
            -1.0,
            -0.8866807818412781,
            -0.866155743598938,
            -0.8657503724098206,
            -0.8471576571464539
        ]
    },
    "1": {
        "top5_index": [
            379,
            1778,
            1090,
            1726,
            1516
        ],
        "scores": [
            1.0,
            0.7534392476081848,
            0.6905444264411926,
            0.6127532124519348,
            -0.5631359815597534
        ]
    },
    "2": {
        "top5_index": [
            159,
            1842,
            859,
            1191,
            2291
        ],
        "scores": [
            -1.0,
            0.7946737408638,
            -0.7896201014518738,
            -0.6965757012367249,
            0.6346655488014221
        ]
    },
    "3": {
        "top5_index": [
            830,
            1860,
            294,
            1422,
            3032
        ],
        "scores": [
            1.0,
            0.906143069267273,
            0.9055495262145996,
            -0.8753471374511719,
            -0.8407626748085022
        ]
    },
    "4": {
        "top5_index": [
            2241,
            2254,
            1452,
            391,
            1418
        ],
        "scores": [
            1.0,
            -0.9384591579437256,
            -0.9166187644004822,
            0.8952727913856506,
            -0.8566420674324036
        ]
    },
    "5": {
        "top5_index": [
            659,
            415,
            1837,
            143,
            496
        ],
        "scores": [
            1.0,
            -0.8567293286323547,
            -0.8544880151748657,
            0.8455568552017212,
            0.8136929869651794
        ]
    },
    "6": {
        "top5_index": [
            684,
            2503,
            1930,
            1732,
            73
        ],
        "scores": [
            1.0,
            0.5940225124359131,
            0.5466465353965759,
            0.5225418210029602,
            0.5030769109725952
        ]
    },
    "7": {
        "top5_index": [
            164,
            2547,
            790,
            2765,
            2386
        ],
        "scores": [
            1.0,
            -0.983449399471283,
            -0.8131303787231445,
            0.8010954856872559,
            -0.7249181270599365
        ]
    },
    "8": {
        "top5_index": [
            1794,
            936,
            670,
            374,
            557
        ],
        "scores": [
            -1.0,
            -0.8630991578102112,
            -0.8397455811500549,
            0.6256214380264282,
            -0.5705336928367615
        ]
    },
    "9": {
        "top5_index": [
            1043,
            1808,
            2805,
            1856,
            1990
        ],
        "scores": [
            1.0,
            -0.8123670816421509,
            -0.7902917861938477,
            -0.6836071014404297,
            -0.6801866888999939
        ]
    },
    "10": {
        "top5_index": [
            2761,
            1148,
            749,
            2678,
            2872
        ],
        "scores": [
            1.0,
            0.9064958095550537,
            0.8978337645530701,
            0.8505505323410034,
            0.8249759078025818
        ]
    },
    "11": {
        "top5_index": [
            2493,
            1225,
            1056,
            2123,
            3062
        ],
        "scores": [
            1.0,
            0.5929198265075684,
            0.5812896490097046,
            -0.5545717477798462,
            0.5473112463951111
        ]
    }
}