{
    "0": {
        "top5_index": [
            281,
            282,
            373,
            97,
            37
        ],
        "scores": [
            1.0,
            -0.8854256868362427,
            0.6046389937400818,
            0.5644177794456482,
            0.5401357412338257
        ]
    },
    "1": {
        "top5_index": [
            678,
            43,
            134,
            426,
            253
        ],
        "scores": [
            1.0,
            0.7779687643051147,
            -0.7512272596359253,
            0.7289736866950989,
            0.6637700200080872
        ]
    },
    "2": {
        "top5_index": [
            507,
            463,
            597,
            269,
            663
        ],
        "scores": [
            1.0,
            0.7479485869407654,
            0.7170348167419434,
            -0.7145553231239319,
            -0.711718738079071
        ]
    },
    "3": {
        "top5_index": [
            173,
            507,
            392,
            190,
            97
        ],
        "scores": [
            1.0,
            0.9755618572235107,
            -0.9539441466331482,
            0.9240886569023132,
            0.8445255160331726
        ]
    },
    "4": {
        "top5_index": [
            507,
            487,
            68,
            513,
            392
        ],
        "scores": [
            1.0,
            0.8780790567398071,
            -0.8480088114738464,
            -0.8426514267921448,
            -0.8286617398262024
        ]
    },
    "5": {
        "top5_index": [
            69,
            257,
            142,
            507,
            524
        ],
        "scores": [
            -1.0,
            0.9874371290206909,
            0.9688461422920227,
            0.9270190596580505,
            -0.9044331908226013
        ]
    },
    "6": {
        "top5_index": [
            605,
            586,
            681,
            99,
            674
        ],
        "scores": [
            -1.0,
            0.8978526592254639,
            0.8346558809280396,
            0.8257017135620117,
            0.7893310785293579
        ]
    },
    "7": {
        "top5_index": [
            605,
            504,
            286,
            173,
            454
        ],
        "scores": [
            -1.0,
            -0.7984863519668579,
            0.7248079776763916,
            0.718206524848938,
            0.674622118473053
        ]
    },
    "8": {
        "top5_index": [
            605,
            286,
            38,
            99,
            548
        ],
        "scores": [
            -1.0,
            0.775201678276062,
            0.7542080879211426,
            0.750214695930481,
            0.7409713864326477
        ]
    },
    "9": {
        "top5_index": [
            663,
            287,
            605,
            514,
            24
        ],
        "scores": [
            -1.0,
            -0.954328715801239,
            -0.9425609111785889,
            -0.9383495450019836,
            0.9212289452552795
        ]
    },
    "10": {
        "top5_index": [
            605,
            748,
            319,
            88,
            663
        ],
        "scores": [
            -1.0,
            0.8734809756278992,
            0.8238696455955505,
            -0.8168262839317322,
            -0.8074941039085388
        ]
    },
    "11": {
        "top5_index": [
            605,
            702,
            577,
            169,
            319
        ],
        "scores": [
            -1.0,
            0.9249411225318909,
            -0.8609997034072876,
            0.8334484100341797,
            0.8219586610794067
        ]
    }
}