{
    "0": {
        "top5_index": [
            630,
            2976,
            1606,
            1204,
            248
        ],
        "scores": [
            -1.0,
            0.8650228381156921,
            -0.8635549545288086,
            -0.8234478831291199,
            0.8123791813850403
        ]
    },
    "1": {
        "top5_index": [
            1978,
            489,
            2563,
            1061,
            834
        ],
        "scores": [
            -1.0,
            -0.985863208770752,
            -0.8714108467102051,
            -0.8195216655731201,
            0.7500779628753662
        ]
    },
    "2": {
        "top5_index": [
            666,
            2772,
            1073,
            1543,
            2865
        ],
        "scores": [
            -1.0,
            -0.9518764019012451,
            0.9513442516326904,
            -0.8546820878982544,
            -0.8473067879676819
        ]
    },
    "3": {
        "top5_index": [
            1531,
            2660,
            68,
            824,
            2664
        ],
        "scores": [
            -1.0,
            -0.9147530198097229,
            -0.8647624850273132,
            -0.8645939826965332,
            -0.8420025110244751
        ]
    },
    "4": {
        "top5_index": [
            2655,
            2033,
            2570,
            2077,
            2241
        ],
        "scores": [
            1.0,
            0.9787347316741943,
            0.842633843421936,
            -0.787661612033844,
            0.7790467143058777
        ]
    },
    "5": {
        "top5_index": [
            79,
            496,
            2166,
            2634,
            951
        ],
        "scores": [
            -1.0,
            0.8695834279060364,
            0.7768322825431824,
            0.7190666198730469,
            0.7030545473098755
        ]
    },
    "6": {
        "top5_index": [
            684,
            2503,
            1930,
            2896,
            1235
        ],
        "scores": [
            1.0,
            0.5186886191368103,
            0.48916444182395935,
            0.48078256845474243,
            -0.45044901967048645
        ]
    },
    "7": {
        "top5_index": [
            2390,
            164,
            1952,
            687,
            2765
        ],
        "scores": [
            -1.0,
            0.7969051003456116,
            0.7066782116889954,
            -0.6379548907279968,
            0.6113032698631287
        ]
    },
    "8": {
        "top5_index": [
            1794,
            670,
            2833,
            1493,
            2122
        ],
        "scores": [
            -1.0,
            -0.8167897462844849,
            -0.7488377094268799,
            -0.740173876285553,
            0.7331079840660095
        ]
    },
    "9": {
        "top5_index": [
            2805,
            1043,
            2382,
            2142,
            107
        ],
        "scores": [
            -1.0,
            0.9734900593757629,
            -0.9186882972717285,
            -0.8735979795455933,
            -0.8281221389770508
        ]
    },
    "10": {
        "top5_index": [
            2761,
            2678,
            2872,
            749,
            1148
        ],
        "scores": [
            1.0,
            0.8087602853775024,
            0.7972307205200195,
            0.7866607904434204,
            0.7693221569061279
        ]
    },
    "11": {
        "top5_index": [
            2493,
            1225,
            1056,
            2123,
            3062
        ],
        "scores": [
            1.0,
            0.5929198861122131,
            0.5812898874282837,
            -0.5545717477798462,
            0.5473113656044006
        ]
    }
}