{
    "0": {
        "top5_index": [
            1,
            674,
            210,
            282,
            236
        ],
        "scores": [
            -1.0,
            0.68785160779953,
            0.6765443682670593,
            -0.6708579063415527,
            -0.6663500666618347
        ]
    },
    "1": {
        "top5_index": [
            11,
            605,
            273,
            514,
            106
        ],
        "scores": [
            1.0,
            -0.9751514196395874,
            0.9581769108772278,
            -0.9495217800140381,
            0.9293452501296997
        ]
    },
    "2": {
        "top5_index": [
            97,
            674,
            53,
            507,
            106
        ],
        "scores": [
            1.0,
            0.8204958438873291,
            -0.7798327803611755,
            0.7538906335830688,
            0.7472079396247864
        ]
    },
    "3": {
        "top5_index": [
            414,
            97,
            507,
            53,
            497
        ],
        "scores": [
            -1.0,
            0.9229606986045837,
            0.8095312118530273,
            -0.7691576480865479,
            0.7650948166847229
        ]
    },
    "4": {
        "top5_index": [
            97,
            100,
            435,
            538,
            60
        ],
        "scores": [
            1.0,
            0.9590469598770142,
            0.8647621870040894,
            0.8448355793952942,
            0.8227760195732117
        ]
    },
    "5": {
        "top5_index": [
            674,
            100,
            49,
            97,
            701
        ],
        "scores": [
            1.0,
            0.9814049005508423,
            -0.9469069242477417,
            0.9402856230735779,
            -0.9322043657302856
        ]
    },
    "6": {
        "top5_index": [
            674,
            97,
            314,
            20,
            53
        ],
        "scores": [
            1.0,
            0.8730795979499817,
            0.8708443641662598,
            0.806905210018158,
            -0.7897266745567322
        ]
    },
    "7": {
        "top5_index": [
            134,
            674,
            605,
            97,
            228
        ],
        "scores": [
            -1.0,
            0.98215651512146,
            -0.9414912462234497,
            0.9300981760025024,
            0.8356282711029053
        ]
    },
    "8": {
        "top5_index": [
            97,
            38,
            134,
            605,
            228
        ],
        "scores": [
            1.0,
            0.9131060242652893,
            -0.9007479548454285,
            -0.9007417559623718,
            0.8862777352333069
        ]
    },
    "9": {
        "top5_index": [
            663,
            134,
            308,
            238,
            319
        ],
        "scores": [
            -1.0,
            -0.9096860289573669,
            -0.902795672416687,
            0.8904061913490295,
            0.868613064289093
        ]
    },
    "10": {
        "top5_index": [
            605,
            319,
            748,
            663,
            88
        ],
        "scores": [
            -1.0,
            0.8975448608398438,
            0.8643290400505066,
            -0.8550092577934265,
            -0.8415392637252808
        ]
    },
    "11": {
        "top5_index": [
            605,
            702,
            577,
            169,
            319
        ],
        "scores": [
            -1.0,
            0.9249410629272461,
            -0.8609997034072876,
            0.8334484100341797,
            0.8219587206840515
        ]
    }
}