{
    "0": {
        "top5_index": [
            1681,
            291,
            2316,
            675,
            1070
        ],
        "scores": [
            1.0,
            -0.9352494478225708,
            0.9194571375846863,
            -0.9160459637641907,
            -0.8371288180351257
        ]
    },
    "1": {
        "top5_index": [
            379,
            2563,
            1090,
            1816,
            1266
        ],
        "scores": [
            1.0,
            0.9196849465370178,
            0.8213818073272705,
            -0.8200896382331848,
            -0.8101291656494141
        ]
    },
    "2": {
        "top5_index": [
            159,
            2382,
            1842,
            2560,
            859
        ],
        "scores": [
            -1.0,
            -0.9116992950439453,
            0.846656858921051,
            0.7971764802932739,
            -0.7866167426109314
        ]
    },
    "3": {
        "top5_index": [
            2713,
            2899,
            1422,
            2433,
            1531
        ],
        "scores": [
            -1.0,
            0.8713728785514832,
            -0.8576772809028625,
            0.8310549855232239,
            0.8130604028701782
        ]
    },
    "4": {
        "top5_index": [
            2033,
            1452,
            2570,
            1960,
            2574
        ],
        "scores": [
            1.0,
            -0.8516113758087158,
            0.8078069686889648,
            -0.8030799031257629,
            -0.7489946484565735
        ]
    },
    "5": {
        "top5_index": [
            659,
            79,
            1877,
            415,
            1837
        ],
        "scores": [
            1.0,
            -0.9639610052108765,
            -0.9581195116043091,
            -0.9039194583892822,
            -0.897472620010376
        ]
    },
    "6": {
        "top5_index": [
            684,
            2503,
            764,
            1142,
            2896
        ],
        "scores": [
            1.0,
            0.6921752095222473,
            0.5623314380645752,
            0.4838958978652954,
            0.4565057158470154
        ]
    },
    "7": {
        "top5_index": [
            2547,
            2390,
            164,
            115,
            2765
        ],
        "scores": [
            -1.0,
            -0.8408936858177185,
            0.8171365261077881,
            0.6934312582015991,
            0.6527504324913025
        ]
    },
    "8": {
        "top5_index": [
            1794,
            936,
            670,
            1493,
            557
        ],
        "scores": [
            -1.0,
            -0.9726519584655762,
            -0.7595118880271912,
            -0.6006149649620056,
            -0.5551966428756714
        ]
    },
    "9": {
        "top5_index": [
            1043,
            1808,
            2382,
            2705,
            2805
        ],
        "scores": [
            1.0,
            -0.8182512521743774,
            -0.792584240436554,
            0.76124507188797,
            -0.687068521976471
        ]
    },
    "10": {
        "top5_index": [
            2761,
            1148,
            2872,
            1041,
            749
        ],
        "scores": [
            1.0,
            0.8832564353942871,
            0.869738757610321,
            0.84148770570755,
            0.7958853840827942
        ]
    },
    "11": {
        "top5_index": [
            2493,
            1225,
            1056,
            2123,
            3062
        ],
        "scores": [
            1.0,
            0.5929200053215027,
            0.5812897682189941,
            -0.5545716285705566,
            0.5473111867904663
        ]
    }
}