{
    "0": {
        "top5_index": [
            364,
            282,
            136,
            377,
            281
        ],
        "scores": [
            1.0,
            -0.8474284410476685,
            -0.7800692915916443,
            -0.712844729423523,
            0.709181010723114
        ]
    },
    "1": {
        "top5_index": [
            364,
            134,
            512,
            357,
            43
        ],
        "scores": [
            1.0,
            -0.9797518253326416,
            0.9295998215675354,
            0.9248287677764893,
            0.920816957950592
        ]
    },
    "2": {
        "top5_index": [
            88,
            364,
            507,
            512,
            352
        ],
        "scores": [
            -1.0,
            0.9706667065620422,
            0.9694742560386658,
            0.8956336975097656,
            0.8072975277900696
        ]
    },
    "3": {
        "top5_index": [
            190,
            460,
            134,
            68,
            173
        ],
        "scores": [
            1.0,
            -0.9194680452346802,
            -0.911641538143158,
            -0.8832030296325684,
            0.8825744390487671
        ]
    },
    "4": {
        "top5_index": [
            68,
            674,
            744,
            487,
            701
        ],
        "scores": [
            -1.0,
            0.8655892014503479,
            -0.8399057984352112,
            0.7977358102798462,
            -0.7761165499687195
        ]
    },
    "5": {
        "top5_index": [
            674,
            69,
            257,
            68,
            508
        ],
        "scores": [
            1.0,
            -0.9783719182014465,
            0.949623167514801,
            -0.9459991455078125,
            -0.9049671292304993
        ]
    },
    "6": {
        "top5_index": [
            605,
            674,
            248,
            134,
            508
        ],
        "scores": [
            -1.0,
            0.8368552923202515,
            0.8293987512588501,
            -0.819063663482666,
            -0.816179096698761
        ]
    },
    "7": {
        "top5_index": [
            605,
            92,
            134,
            504,
            294
        ],
        "scores": [
            -1.0,
            0.7335940003395081,
            -0.6732023358345032,
            -0.6243658065795898,
            0.6220273375511169
        ]
    },
    "8": {
        "top5_index": [
            605,
            398,
            248,
            287,
            92
        ],
        "scores": [
            -1.0,
            -0.7334275841712952,
            0.7216777801513672,
            -0.6888324618339539,
            0.6622664332389832
        ]
    },
    "9": {
        "top5_index": [
            287,
            605,
            663,
            88,
            24
        ],
        "scores": [
            -1.0,
            -0.9808881282806396,
            -0.956604540348053,
            -0.9092047810554504,
            0.8812297582626343
        ]
    },
    "10": {
        "top5_index": [
            605,
            663,
            414,
            748,
            319
        ],
        "scores": [
            -1.0,
            -0.8138711452484131,
            -0.8032661080360413,
            0.7948125600814819,
            0.7864541411399841
        ]
    },
    "11": {
        "top5_index": [
            605,
            702,
            577,
            169,
            319
        ],
        "scores": [
            -1.0,
            0.9249410033226013,
            -0.8609997034072876,
            0.8334484100341797,
            0.821958601474762
        ]
    }
}