{
    "female10": 0.9984149932861328,
    "female1": 0.9862580299377441,
    "female2": 0.9991453886032104,
    "female3": 0.9889209270477295,
    "female4": 0.9764583110809326,
    "female5": 0.979330837726593,
    "female6": 0.9965456128120422,
    "female7": 0.9972489476203918,
    "female8": 0.9873665571212769,
    "female9": 0.9954469799995422,
    "girl10": 0.9935035109519958,
    "girl1": 0.985201895236969,
    "girl2": 0.9997887015342712,
    "girl3": 0.9976221919059753,
    "girl4": 0.8717393279075623,
    "girl5": 0.9822911024093628,
    "girl6": 0.9956163167953491,
    "girl7": 0.9778377413749695,
    "girl8": 0.9957520961761475,
    "girl9": 0.8801290988922119,
    "grandma10": 0.9919447302818298,
    "grandma1": 0.9987456798553467,
    "grandma2": 0.9993035793304443,
    "grandma3": 0.9967034459114075,
    "grandma4": 0.9944503307342529,
    "grandma5": 0.9901312589645386,
    "grandma6": 0.8504590392112732,
    "grandma7": 0.9050780534744263,
    "grandma8": 0.995567262172699,
    "grandma9": 0.9994250535964966,
    "woman10": 0.9991133809089661,
    "woman1": 0.956290066242218,
    "woman2": 0.9586941003799438,
    "woman3": 0.9921587705612183,
    "woman4": 0.9983060359954834,
    "woman5": 0.9996563196182251,
    "woman6": 0.9981834292411804,
    "woman7": 0.8848857283592224,
    "woman8": 0.988462507724762,
    "woman9": 0.9948059916496277
}