{
    "0": {
        "top5_index": [
            2912,
            2255,
            612,
            2115,
            2031
        ],
        "scores": [
            1.0,
            -0.9618164896965027,
            0.9612995982170105,
            -0.953841507434845,
            -0.9344320893287659
        ]
    },
    "1": {
        "top5_index": [
            1793,
            1978,
            1196,
            489,
            1466
        ],
        "scores": [
            -1.0,
            -0.9911043047904968,
            -0.8746374845504761,
            -0.8009541034698486,
            -0.8007180690765381
        ]
    },
    "2": {
        "top5_index": [
            891,
            2296,
            1777,
            2951,
            785
        ],
        "scores": [
            -1.0,
            0.9444425702095032,
            -0.785349428653717,
            0.7435384392738342,
            -0.7202649116516113
        ]
    },
    "3": {
        "top5_index": [
            1784,
            1817,
            618,
            1115,
            582
        ],
        "scores": [
            1.0,
            -0.8885684609413147,
            -0.8455876708030701,
            0.8063197135925293,
            -0.8043076395988464
        ]
    },
    "4": {
        "top5_index": [
            117,
            2033,
            672,
            958,
            1809
        ],
        "scores": [
            -1.0,
            0.7496562600135803,
            0.7236464023590088,
            -0.7035367488861084,
            0.700264573097229
        ]
    },
    "5": {
        "top5_index": [
            79,
            1909,
            964,
            198,
            2634
        ],
        "scores": [
            -1.0,
            0.7063993215560913,
            -0.678706705570221,
            -0.6743115186691284,
            0.5986360311508179
        ]
    },
    "6": {
        "top5_index": [
            684,
            2418,
            764,
            856,
            2044
        ],
        "scores": [
            1.0,
            0.7077149152755737,
            0.6588155627250671,
            -0.6183372735977173,
            0.6173253059387207
        ]
    },
    "7": {
        "top5_index": [
            1865,
            2390,
            164,
            1339,
            115
        ],
        "scores": [
            1.0,
            -0.8495808839797974,
            0.7785863280296326,
            -0.7277183532714844,
            0.7199326157569885
        ]
    },
    "8": {
        "top5_index": [
            936,
            1794,
            670,
            1509,
            2833
        ],
        "scores": [
            -1.0,
            -0.7981348633766174,
            -0.6772291660308838,
            0.672890841960907,
            -0.657956600189209
        ]
    },
    "9": {
        "top5_index": [
            1043,
            1538,
            2173,
            813,
            2382
        ],
        "scores": [
            1.0,
            -0.9056727290153503,
            0.8541933298110962,
            -0.8355042934417725,
            -0.8334581255912781
        ]
    },
    "10": {
        "top5_index": [
            2761,
            2678,
            1041,
            1148,
            749
        ],
        "scores": [
            1.0,
            0.8602873682975769,
            0.7753493189811707,
            0.7513073086738586,
            0.7253462076187134
        ]
    },
    "11": {
        "top5_index": [
            2493,
            1225,
            1056,
            2123,
            3062
        ],
        "scores": [
            1.0,
            0.5929202437400818,
            0.5812897086143494,
            -0.5545717477798462,
            0.5473113059997559
        ]
    }
}