{
    "0": {
        "top5_index": [
            281,
            282,
            377,
            747,
            489
        ],
        "scores": [
            1.0,
            -0.7391390204429626,
            -0.732952356338501,
            -0.732779860496521,
            0.7044172883033752
        ]
    },
    "1": {
        "top5_index": [
            581,
            554,
            110,
            678,
            414
        ],
        "scores": [
            1.0,
            0.9686887860298157,
            0.9248072504997253,
            0.9134663343429565,
            -0.8251129388809204
        ]
    },
    "2": {
        "top5_index": [
            88,
            554,
            507,
            313,
            414
        ],
        "scores": [
            -1.0,
            0.8672864437103271,
            0.8323060274124146,
            0.7789301872253418,
            -0.7750212550163269
        ]
    },
    "3": {
        "top5_index": [
            414,
            100,
            356,
            239,
            577
        ],
        "scores": [
            -1.0,
            0.9152380228042603,
            -0.8588788509368896,
            -0.8248881697654724,
            -0.8232972025871277
        ]
    },
    "4": {
        "top5_index": [
            88,
            663,
            38,
            435,
            100
        ],
        "scores": [
            -1.0,
            -0.9971222281455994,
            0.9909590482711792,
            0.9889370203018188,
            0.9682658314704895
        ]
    },
    "5": {
        "top5_index": [
            75,
            577,
            435,
            667,
            313
        ],
        "scores": [
            -1.0,
            -0.9283366799354553,
            0.9231301546096802,
            0.8627173900604248,
            0.8409411907196045
        ]
    },
    "6": {
        "top5_index": [
            667,
            663,
            314,
            75,
            134
        ],
        "scores": [
            1.0,
            -0.8977983593940735,
            0.8868697881698608,
            -0.8655683994293213,
            -0.7962647676467896
        ]
    },
    "7": {
        "top5_index": [
            75,
            663,
            134,
            667,
            605
        ],
        "scores": [
            -1.0,
            -0.9650152325630188,
            -0.8418696522712708,
            0.8194182515144348,
            -0.8079749345779419
        ]
    },
    "8": {
        "top5_index": [
            663,
            605,
            287,
            56,
            238
        ],
        "scores": [
            -1.0,
            -0.8292412161827087,
            -0.798185408115387,
            -0.7942878603935242,
            0.7782328724861145
        ]
    },
    "9": {
        "top5_index": [
            663,
            287,
            605,
            419,
            414
        ],
        "scores": [
            -1.0,
            -0.8363312482833862,
            -0.7901719808578491,
            0.7629173994064331,
            -0.7125146985054016
        ]
    },
    "10": {
        "top5_index": [
            605,
            88,
            663,
            319,
            748
        ],
        "scores": [
            -1.0,
            -0.9982913732528687,
            -0.8526991009712219,
            0.823740541934967,
            0.7887963056564331
        ]
    },
    "11": {
        "top5_index": [
            605,
            702,
            577,
            169,
            319
        ],
        "scores": [
            -1.0,
            0.9249410033226013,
            -0.8609997034072876,
            0.8334484100341797,
            0.8219586610794067
        ]
    }
}