{
    "0": {
        "top5_index": [
            915,
            1893,
            623,
            731,
            2050
        ],
        "scores": [
            1.0,
            0.8177727460861206,
            0.7331451773643494,
            -0.6926538348197937,
            -0.6759381890296936
        ]
    },
    "1": {
        "top5_index": [
            636,
            2992,
            2442,
            1041,
            3049
        ],
        "scores": [
            1.0,
            0.8978689908981323,
            -0.8910560011863708,
            0.86668860912323,
            -0.8647716045379639
        ]
    },
    "2": {
        "top5_index": [
            159,
            1777,
            1536,
            2772,
            69
        ],
        "scores": [
            1.0,
            0.8178523778915405,
            0.7493316531181335,
            0.7041950225830078,
            -0.6866558790206909
        ]
    },
    "3": {
        "top5_index": [
            144,
            1115,
            2192,
            2752,
            3032
        ],
        "scores": [
            -1.0,
            -0.9874125123023987,
            0.9333356618881226,
            -0.9179850816726685,
            0.8743669390678406
        ]
    },
    "4": {
        "top5_index": [
            2033,
            1967,
            2934,
            2361,
            1014
        ],
        "scores": [
            -1.0,
            0.8868882656097412,
            0.8278235197067261,
            -0.7744747400283813,
            0.7657679915428162
        ]
    },
    "5": {
        "top5_index": [
            1456,
            2813,
            1229,
            496,
            1420
        ],
        "scores": [
            1.0,
            0.8328065872192383,
            -0.821088969707489,
            -0.7823182940483093,
            0.777138352394104
        ]
    },
    "6": {
        "top5_index": [
            684,
            2896,
            664,
            2503,
            1615
        ],
        "scores": [
            -1.0,
            -0.6035374999046326,
            -0.5885267853736877,
            -0.5639920830726624,
            -0.5629985928535461
        ]
    },
    "7": {
        "top5_index": [
            2390,
            2765,
            58,
            2547,
            1339
        ],
        "scores": [
            1.0,
            -0.8149551749229431,
            0.7398057579994202,
            0.6344165802001953,
            0.6298214197158813
        ]
    },
    "8": {
        "top5_index": [
            1794,
            670,
            936,
            557,
            2676
        ],
        "scores": [
            1.0,
            0.9640185832977295,
            0.8232800960540771,
            0.7319871783256531,
            0.6484962701797485
        ]
    },
    "9": {
        "top5_index": [
            1043,
            1436,
            1197,
            107,
            2207
        ],
        "scores": [
            -1.0,
            -0.8481785655021667,
            -0.7789692878723145,
            0.6859851479530334,
            0.6643232703208923
        ]
    },
    "10": {
        "top5_index": [
            1148,
            2761,
            1910,
            2678,
            1536
        ],
        "scores": [
            -1.0,
            -0.9816693067550659,
            -0.9578849077224731,
            -0.9341808557510376,
            -0.8445903062820435
        ]
    },
    "11": {
        "top5_index": [
            2493,
            853,
            2807,
            1092,
            2123
        ],
        "scores": [
            -1.0,
            -0.6387245655059814,
            0.6370844841003418,
            -0.6218988299369812,
            0.6117159724235535
        ]
    }
}