{
    "0": {
        "top5_index": [
            97,
            508,
            206,
            53,
            79
        ],
        "scores": [
            -1.0,
            0.8499980568885803,
            0.6924469470977783,
            0.6722906827926636,
            0.6564884185791016
        ]
    },
    "1": {
        "top5_index": [
            97,
            554,
            581,
            512,
            276
        ],
        "scores": [
            -1.0,
            -0.9790780544281006,
            -0.9760577082633972,
            -0.8961063623428345,
            -0.8074010014533997
        ]
    },
    "2": {
        "top5_index": [
            554,
            512,
            97,
            282,
            507
        ],
        "scores": [
            -1.0,
            -0.9521737694740295,
            -0.863556444644928,
            0.7409493923187256,
            -0.7362993955612183
        ]
    },
    "3": {
        "top5_index": [
            554,
            97,
            512,
            134,
            581
        ],
        "scores": [
            -1.0,
            -0.9917581081390381,
            -0.8253333568572998,
            0.7913236618041992,
            -0.7308325171470642
        ]
    },
    "4": {
        "top5_index": [
            97,
            283,
            554,
            12,
            311
        ],
        "scores": [
            -1.0,
            -0.9947019815444946,
            -0.993800699710846,
            -0.9168457984924316,
            0.904689610004425
        ]
    },
    "5": {
        "top5_index": [
            508,
            311,
            320,
            269,
            97
        ],
        "scores": [
            1.0,
            0.9167969226837158,
            -0.79653000831604,
            0.7771493792533875,
            -0.7610941529273987
        ]
    },
    "6": {
        "top5_index": [
            283,
            508,
            12,
            605,
            57
        ],
        "scores": [
            -1.0,
            0.8744624257087708,
            -0.8284239768981934,
            0.8239926695823669,
            -0.8076710104942322
        ]
    },
    "7": {
        "top5_index": [
            605,
            260,
            283,
            653,
            196
        ],
        "scores": [
            1.0,
            -0.8070617318153381,
            -0.7734465599060059,
            -0.7503947615623474,
            0.7272993326187134
        ]
    },
    "8": {
        "top5_index": [
            605,
            283,
            762,
            548,
            375
        ],
        "scores": [
            1.0,
            -0.8880828022956848,
            0.8657532334327698,
            -0.810520589351654,
            0.7582991719245911
        ]
    },
    "9": {
        "top5_index": [
            663,
            313,
            88,
            264,
            93
        ],
        "scores": [
            1.0,
            -0.88963383436203,
            0.816344678401947,
            -0.7809064388275146,
            -0.7738863825798035
        ]
    },
    "10": {
        "top5_index": [
            605,
            663,
            707,
            88,
            313
        ],
        "scores": [
            1.0,
            0.9251374006271362,
            -0.9164391756057739,
            0.8982224464416504,
            -0.8634583353996277
        ]
    },
    "11": {
        "top5_index": [
            554,
            443,
            605,
            47,
            707
        ],
        "scores": [
            -1.0,
            -0.930433452129364,
            0.9148324131965637,
            0.9135873317718506,
            -0.9021061658859253
        ]
    }
}