{
    "0": {
        "top5_index": [
            1,
            120,
            653,
            97,
            236
        ],
        "scores": [
            -1.0,
            -0.7977821230888367,
            0.7957227826118469,
            0.7734554409980774,
            -0.7490935921669006
        ]
    },
    "1": {
        "top5_index": [
            97,
            394,
            611,
            653,
            273
        ],
        "scores": [
            1.0,
            0.9542698264122009,
            0.9010657668113708,
            0.8938512802124023,
            0.858180582523346
        ]
    },
    "2": {
        "top5_index": [
            97,
            561,
            319,
            326,
            53
        ],
        "scores": [
            1.0,
            -0.8415817022323608,
            0.8249916434288025,
            0.8246899247169495,
            -0.8126236200332642
        ]
    },
    "3": {
        "top5_index": [
            97,
            681,
            53,
            69,
            458
        ],
        "scores": [
            1.0,
            0.9382097721099854,
            -0.9252445101737976,
            -0.9019622802734375,
            -0.9013040661811829
        ]
    },
    "4": {
        "top5_index": [
            681,
            719,
            69,
            23,
            97
        ],
        "scores": [
            1.0,
            0.9928017258644104,
            -0.9469153881072998,
            -0.9348372220993042,
            0.8812182545661926
        ]
    },
    "5": {
        "top5_index": [
            69,
            681,
            527,
            319,
            49
        ],
        "scores": [
            -1.0,
            0.9416911602020264,
            0.917142927646637,
            0.8665049076080322,
            -0.8529006838798523
        ]
    },
    "6": {
        "top5_index": [
            681,
            548,
            527,
            674,
            20
        ],
        "scores": [
            1.0,
            0.8470185995101929,
            0.8310304880142212,
            0.8164674639701843,
            0.7946971654891968
        ]
    },
    "7": {
        "top5_index": [
            134,
            548,
            674,
            69,
            753
        ],
        "scores": [
            -1.0,
            0.973052978515625,
            0.9528549313545227,
            -0.9129155874252319,
            -0.8474554419517517
        ]
    },
    "8": {
        "top5_index": [
            134,
            730,
            548,
            368,
            737
        ],
        "scores": [
            -1.0,
            -0.9829408526420593,
            0.9775288105010986,
            -0.9382116198539734,
            0.8252108693122864
        ]
    },
    "9": {
        "top5_index": [
            319,
            663,
            287,
            238,
            241
        ],
        "scores": [
            1.0,
            -0.8958056569099426,
            -0.8678649663925171,
            0.8300361633300781,
            -0.8179095387458801
        ]
    },
    "10": {
        "top5_index": [
            605,
            88,
            663,
            748,
            319
        ],
        "scores": [
            -1.0,
            -0.9033131003379822,
            -0.8843142986297607,
            0.8765963315963745,
            0.8464738130569458
        ]
    },
    "11": {
        "top5_index": [
            605,
            702,
            577,
            169,
            319
        ],
        "scores": [
            -1.0,
            0.9249410629272461,
            -0.8609997034072876,
            0.8334484696388245,
            0.8219587206840515
        ]
    }
}