{
    "0": {
        "top5_index": [
            2581,
            1204,
            1914,
            630,
            1017
        ],
        "scores": [
            -1.0,
            -0.850599467754364,
            -0.8470597267150879,
            -0.8280989527702332,
            -0.8275737762451172
        ]
    },
    "1": {
        "top5_index": [
            1435,
            1793,
            1978,
            1440,
            1816
        ],
        "scores": [
            1.0,
            -0.8889364004135132,
            -0.8242245316505432,
            -0.8009145855903625,
            -0.7966538071632385
        ]
    },
    "2": {
        "top5_index": [
            1084,
            666,
            1777,
            1281,
            2232
        ],
        "scores": [
            -1.0,
            -0.9019891023635864,
            0.88778156042099,
            -0.8665496706962585,
            0.8619946241378784
        ]
    },
    "3": {
        "top5_index": [
            830,
            294,
            1860,
            2181,
            2853
        ],
        "scores": [
            1.0,
            0.8400588631629944,
            0.7051283717155457,
            -0.6855840086936951,
            0.626050591468811
        ]
    },
    "4": {
        "top5_index": [
            207,
            240,
            1967,
            2033,
            3054
        ],
        "scores": [
            -1.0,
            -0.8805545568466187,
            -0.7517896294593811,
            0.6389720439910889,
            -0.6316974759101868
        ]
    },
    "5": {
        "top5_index": [
            1289,
            143,
            3065,
            1837,
            496
        ],
        "scores": [
            -1.0,
            0.9762008786201477,
            -0.9248284101486206,
            -0.917326033115387,
            0.887093722820282
        ]
    },
    "6": {
        "top5_index": [
            684,
            2503,
            1930,
            1732,
            73
        ],
        "scores": [
            1.0,
            0.6429831385612488,
            0.5405715107917786,
            0.4649370014667511,
            0.4632147252559662
        ]
    },
    "7": {
        "top5_index": [
            2390,
            2547,
            164,
            2765,
            1562
        ],
        "scores": [
            -1.0,
            -0.7136755585670471,
            0.5848309993743896,
            0.5762128233909607,
            -0.5590506792068481
        ]
    },
    "8": {
        "top5_index": [
            1794,
            936,
            670,
            1493,
            2833
        ],
        "scores": [
            -1.0,
            -0.8498892188072205,
            -0.8213863372802734,
            -0.7427639365196228,
            -0.7103898525238037
        ]
    },
    "9": {
        "top5_index": [
            1043,
            107,
            2805,
            1808,
            1856
        ],
        "scores": [
            1.0,
            -0.7749014496803284,
            -0.7318758368492126,
            -0.6714082956314087,
            -0.6316062808036804
        ]
    },
    "10": {
        "top5_index": [
            2761,
            749,
            1148,
            2872,
            705
        ],
        "scores": [
            1.0,
            0.8768487572669983,
            0.807117223739624,
            0.7810251712799072,
            0.7081182599067688
        ]
    },
    "11": {
        "top5_index": [
            2493,
            1225,
            1056,
            2123,
            3062
        ],
        "scores": [
            1.0,
            0.5929200649261475,
            0.5812897682189941,
            -0.5545718669891357,
            0.5473114252090454
        ]
    }
}