{
    "0": {
        "top5_index": [
            51,
            259,
            366,
            357,
            92
        ],
        "scores": [
            -1.0,
            -0.873561680316925,
            0.751190185546875,
            0.70744389295578,
            0.7013882398605347
        ]
    },
    "1": {
        "top5_index": [
            51,
            428,
            544,
            281,
            507
        ],
        "scores": [
            -1.0,
            0.9450488686561584,
            0.9249694347381592,
            0.9173028469085693,
            0.8593524098396301
        ]
    },
    "2": {
        "top5_index": [
            51,
            100,
            88,
            281,
            454
        ],
        "scores": [
            -1.0,
            0.98698490858078,
            -0.9291225075721741,
            0.822569727897644,
            0.8078661561012268
        ]
    },
    "3": {
        "top5_index": [
            100,
            311,
            51,
            73,
            581
        ],
        "scores": [
            1.0,
            -0.8924347758293152,
            -0.8626320958137512,
            0.7269097566604614,
            0.694283127784729
        ]
    },
    "4": {
        "top5_index": [
            51,
            100,
            663,
            311,
            738
        ],
        "scores": [
            -1.0,
            0.9885236620903015,
            -0.9336379766464233,
            -0.8737801909446716,
            0.8641894459724426
        ]
    },
    "5": {
        "top5_index": [
            311,
            100,
            435,
            49,
            674
        ],
        "scores": [
            -1.0,
            0.8662407398223877,
            0.8093248605728149,
            -0.8061379790306091,
            0.8020879030227661
        ]
    },
    "6": {
        "top5_index": [
            311,
            605,
            314,
            51,
            173
        ],
        "scores": [
            -1.0,
            -0.9768035411834717,
            0.8736717700958252,
            -0.8476303219795227,
            0.840751051902771
        ]
    },
    "7": {
        "top5_index": [
            605,
            393,
            4,
            311,
            92
        ],
        "scores": [
            -1.0,
            0.8267580270767212,
            0.7479249238967896,
            -0.7468611598014832,
            0.682673990726471
        ]
    },
    "8": {
        "top5_index": [
            605,
            134,
            4,
            88,
            311
        ],
        "scores": [
            -1.0,
            -0.884934663772583,
            0.8820415735244751,
            -0.8222029209136963,
            -0.8219518661499023
        ]
    },
    "9": {
        "top5_index": [
            663,
            4,
            88,
            393,
            605
        ],
        "scores": [
            -1.0,
            0.8839254975318909,
            -0.8733878135681152,
            0.8303384184837341,
            -0.8201115727424622
        ]
    },
    "10": {
        "top5_index": [
            605,
            393,
            663,
            319,
            748
        ],
        "scores": [
            -1.0,
            0.869542121887207,
            -0.8361249566078186,
            0.7860321998596191,
            0.7781144976615906
        ]
    },
    "11": {
        "top5_index": [
            605,
            702,
            577,
            169,
            319
        ],
        "scores": [
            -1.0,
            0.9249410629272461,
            -0.8609997034072876,
            0.8334484696388245,
            0.821958601474762
        ]
    }
}