{
    "0": {
        "top5_index": [
            2771,
            1681,
            1462,
            2571,
            1720
        ],
        "scores": [
            1.0,
            0.8149392604827881,
            0.7876600623130798,
            0.72368985414505,
            0.7157734036445618
        ]
    },
    "1": {
        "top5_index": [
            379,
            2992,
            1090,
            2116,
            1967
        ],
        "scores": [
            1.0,
            -0.9035440683364868,
            0.8668947219848633,
            -0.8519831895828247,
            -0.8225463628768921
        ]
    },
    "2": {
        "top5_index": [
            1777,
            1674,
            133,
            2319,
            2143
        ],
        "scores": [
            -1.0,
            -0.7164459824562073,
            0.6804181933403015,
            0.6743204593658447,
            0.6450990438461304
        ]
    },
    "3": {
        "top5_index": [
            1531,
            68,
            824,
            2660,
            1470
        ],
        "scores": [
            1.0,
            0.9272505640983582,
            0.8934632539749146,
            0.8051137924194336,
            0.7718206644058228
        ]
    },
    "4": {
        "top5_index": [
            1587,
            2033,
            2254,
            1452,
            2098
        ],
        "scores": [
            1.0,
            0.9706223607063293,
            -0.927199125289917,
            -0.8558057546615601,
            -0.7647429704666138
        ]
    },
    "5": {
        "top5_index": [
            496,
            79,
            1509,
            1376,
            1974
        ],
        "scores": [
            1.0,
            -0.9576424360275269,
            -0.9245660901069641,
            -0.9138638973236084,
            -0.9044367074966431
        ]
    },
    "6": {
        "top5_index": [
            684,
            2503,
            2896,
            1235,
            73
        ],
        "scores": [
            1.0,
            0.7271279692649841,
            0.6738923788070679,
            -0.6581357717514038,
            0.6395351886749268
        ]
    },
    "7": {
        "top5_index": [
            115,
            687,
            2390,
            402,
            179
        ],
        "scores": [
            1.0,
            -0.9786612391471863,
            -0.9646176099777222,
            -0.9024868011474609,
            0.8319162726402283
        ]
    },
    "8": {
        "top5_index": [
            1794,
            2833,
            670,
            1493,
            936
        ],
        "scores": [
            -1.0,
            -0.9922281503677368,
            -0.8914150595664978,
            -0.8815774321556091,
            -0.8232772350311279
        ]
    },
    "9": {
        "top5_index": [
            904,
            806,
            2705,
            2805,
            2243
        ],
        "scores": [
            -1.0,
            0.9928771257400513,
            0.977642297744751,
            -0.9531812071800232,
            0.9484105110168457
        ]
    },
    "10": {
        "top5_index": [
            2761,
            1148,
            2872,
            749,
            2678
        ],
        "scores": [
            1.0,
            0.91488116979599,
            0.83565753698349,
            0.8182703256607056,
            0.8163732886314392
        ]
    },
    "11": {
        "top5_index": [
            2493,
            1225,
            1056,
            2123,
            3062
        ],
        "scores": [
            1.0,
            0.5929201245307922,
            0.5812896490097046,
            -0.5545716881752014,
            0.5473113656044006
        ]
    }
}