{
    "0": {
        "top5_index": [
            1463,
            2825,
            291,
            250,
            554
        ],
        "scores": [
            1.0,
            -0.8107478022575378,
            0.8083307147026062,
            -0.7987765073776245,
            0.7403345108032227
        ]
    },
    "1": {
        "top5_index": [
            1435,
            2992,
            1475,
            252,
            1982
        ],
        "scores": [
            1.0,
            0.8933913707733154,
            -0.8838089108467102,
            0.8143874406814575,
            -0.7991544008255005
        ]
    },
    "2": {
        "top5_index": [
            2703,
            2316,
            1116,
            1538,
            1972
        ],
        "scores": [
            -1.0,
            -0.9403262734413147,
            0.8840294480323792,
            -0.7946625351905823,
            -0.7794389724731445
        ]
    },
    "3": {
        "top5_index": [
            68,
            2015,
            1531,
            824,
            2507
        ],
        "scores": [
            -1.0,
            -0.977653980255127,
            -0.9746100902557373,
            -0.9464166760444641,
            -0.8510050177574158
        ]
    },
    "4": {
        "top5_index": [
            2422,
            2989,
            449,
            192,
            1032
        ],
        "scores": [
            1.0,
            0.9353667497634888,
            -0.909754753112793,
            0.9019474983215332,
            0.8937661647796631
        ]
    },
    "5": {
        "top5_index": [
            803,
            1376,
            253,
            435,
            1305
        ],
        "scores": [
            -1.0,
            0.728559136390686,
            -0.5668596625328064,
            0.5512892007827759,
            -0.5482249855995178
        ]
    },
    "6": {
        "top5_index": [
            1615,
            684,
            2719,
            1415,
            1930
        ],
        "scores": [
            -1.0,
            -0.9666309952735901,
            0.9045567512512207,
            -0.8870601058006287,
            -0.8194097280502319
        ]
    },
    "7": {
        "top5_index": [
            3071,
            1562,
            1339,
            2390,
            238
        ],
        "scores": [
            1.0,
            0.9057568311691284,
            0.7603269815444946,
            0.6893868446350098,
            0.6636817455291748
        ]
    },
    "8": {
        "top5_index": [
            1509,
            1794,
            1015,
            1830,
            936
        ],
        "scores": [
            -1.0,
            0.975432276725769,
            0.9348605871200562,
            -0.7995539903640747,
            0.7982450127601624
        ]
    },
    "9": {
        "top5_index": [
            1144,
            1390,
            2250,
            44,
            1529
        ],
        "scores": [
            -1.0,
            -0.9707554578781128,
            -0.9423721432685852,
            -0.9140899777412415,
            -0.8977282047271729
        ]
    },
    "10": {
        "top5_index": [
            2761,
            2422,
            2678,
            749,
            126
        ],
        "scores": [
            -1.0,
            0.9771653413772583,
            -0.9441003799438477,
            -0.9109494090080261,
            0.9092426896095276
        ]
    },
    "11": {
        "top5_index": [
            2493,
            853,
            2807,
            1092,
            2123
        ],
        "scores": [
            -1.0,
            -0.6387248039245605,
            0.6370846629142761,
            -0.6218990683555603,
            0.611716091632843
        ]
    }
}