{
    "0": {
        "top5_index": [
            51,
            554,
            259,
            595,
            449
        ],
        "scores": [
            1.0,
            -0.694116473197937,
            0.69339519739151,
            0.6919901967048645,
            -0.6751936674118042
        ]
    },
    "1": {
        "top5_index": [
            51,
            403,
            581,
            20,
            355
        ],
        "scores": [
            1.0,
            -0.9019553661346436,
            -0.8493258357048035,
            0.7105866074562073,
            0.7066847085952759
        ]
    },
    "2": {
        "top5_index": [
            508,
            554,
            466,
            319,
            512
        ],
        "scores": [
            1.0,
            -0.8900911211967468,
            0.8656119108200073,
            -0.8552513718605042,
            -0.846197783946991
        ]
    },
    "3": {
        "top5_index": [
            355,
            466,
            300,
            202,
            329
        ],
        "scores": [
            1.0,
            0.9935851097106934,
            -0.9574819207191467,
            -0.8785052299499512,
            -0.8400048017501831
        ]
    },
    "4": {
        "top5_index": [
            608,
            311,
            395,
            202,
            119
        ],
        "scores": [
            -1.0,
            0.9680787324905396,
            -0.9495172500610352,
            -0.8791976571083069,
            0.8370200991630554
        ]
    },
    "5": {
        "top5_index": [
            311,
            202,
            587,
            158,
            564
        ],
        "scores": [
            1.0,
            -0.973628580570221,
            -0.9437616467475891,
            0.8780651092529297,
            -0.8570368885993958
        ]
    },
    "6": {
        "top5_index": [
            587,
            202,
            311,
            508,
            667
        ],
        "scores": [
            -1.0,
            -0.8918245434761047,
            0.7211968898773193,
            0.6889919638633728,
            -0.6576337814331055
        ]
    },
    "7": {
        "top5_index": [
            587,
            92,
            311,
            667,
            119
        ],
        "scores": [
            -1.0,
            -0.9648379683494568,
            0.9205524325370789,
            -0.892546534538269,
            0.890384316444397
        ]
    },
    "8": {
        "top5_index": [
            587,
            663,
            287,
            490,
            435
        ],
        "scores": [
            -1.0,
            0.9390609860420227,
            0.8366517424583435,
            0.8088218569755554,
            -0.7988661527633667
        ]
    },
    "9": {
        "top5_index": [
            663,
            287,
            88,
            298,
            232
        ],
        "scores": [
            1.0,
            0.9285683035850525,
            0.8208786249160767,
            0.756782054901123,
            0.7257768511772156
        ]
    },
    "10": {
        "top5_index": [
            88,
            119,
            605,
            707,
            313
        ],
        "scores": [
            1.0,
            0.9591115117073059,
            0.8940245509147644,
            -0.8394691348075867,
            -0.8368438482284546
        ]
    },
    "11": {
        "top5_index": [
            554,
            443,
            605,
            47,
            707
        ],
        "scores": [
            -1.0,
            -0.9304335117340088,
            0.9148324131965637,
            0.9135873913764954,
            -0.9021062254905701
        ]
    }
}