{
    "0": {
        "top5_index": [
            1,
            282,
            366,
            236,
            674
        ],
        "scores": [
            -1.0,
            -0.74671471118927,
            -0.7332373261451721,
            -0.6711232662200928,
            0.6634048819541931
        ]
    },
    "1": {
        "top5_index": [
            366,
            514,
            512,
            740,
            403
        ],
        "scores": [
            -1.0,
            -0.9317864179611206,
            0.9235374927520752,
            0.7711770534515381,
            -0.7609257698059082
        ]
    },
    "2": {
        "top5_index": [
            719,
            53,
            570,
            507,
            452
        ],
        "scores": [
            1.0,
            -0.9734163880348206,
            -0.9384150505065918,
            0.8657379746437073,
            -0.8282156586647034
        ]
    },
    "3": {
        "top5_index": [
            651,
            73,
            507,
            53,
            414
        ],
        "scores": [
            -1.0,
            0.8830742239952087,
            0.8668214082717896,
            -0.8373399972915649,
            -0.811937689781189
        ]
    },
    "4": {
        "top5_index": [
            538,
            507,
            651,
            377,
            76
        ],
        "scores": [
            1.0,
            0.9512725472450256,
            -0.8904778361320496,
            -0.805777907371521,
            0.801007091999054
        ]
    },
    "5": {
        "top5_index": [
            651,
            733,
            674,
            60,
            524
        ],
        "scores": [
            -1.0,
            0.9499064683914185,
            0.9080508351325989,
            0.8390727043151855,
            -0.8195002675056458
        ]
    },
    "6": {
        "top5_index": [
            538,
            674,
            667,
            60,
            241
        ],
        "scores": [
            1.0,
            0.8947911262512207,
            0.8298793435096741,
            0.8210051655769348,
            -0.8058084845542908
        ]
    },
    "7": {
        "top5_index": [
            605,
            674,
            304,
            134,
            737
        ],
        "scores": [
            -1.0,
            0.9887521862983704,
            -0.9062060713768005,
            -0.8869651556015015,
            0.8687199354171753
        ]
    },
    "8": {
        "top5_index": [
            605,
            737,
            405,
            229,
            287
        ],
        "scores": [
            -1.0,
            0.9610648155212402,
            0.9525884985923767,
            0.853432297706604,
            -0.8388031125068665
        ]
    },
    "9": {
        "top5_index": [
            241,
            605,
            124,
            175,
            319
        ],
        "scores": [
            -1.0,
            -0.9232423901557922,
            0.9112462997436523,
            -0.8903337121009827,
            0.881872832775116
        ]
    },
    "10": {
        "top5_index": [
            605,
            319,
            748,
            663,
            88
        ],
        "scores": [
            -1.0,
            0.8955575227737427,
            0.8442665338516235,
            -0.8144179582595825,
            -0.8083009719848633
        ]
    },
    "11": {
        "top5_index": [
            605,
            702,
            577,
            169,
            319
        ],
        "scores": [
            -1.0,
            0.9249411225318909,
            -0.8609996438026428,
            0.8334484100341797,
            0.8219587206840515
        ]
    }
}