{
    "0": {
        "top5_index": [
            630,
            2255,
            420,
            1606,
            2073
        ],
        "scores": [
            -1.0,
            -0.928276777267456,
            -0.8845311999320984,
            -0.837821900844574,
            -0.8362669944763184
        ]
    },
    "1": {
        "top5_index": [
            1978,
            2563,
            489,
            1427,
            1061
        ],
        "scores": [
            -1.0,
            -0.939239501953125,
            -0.8436147570610046,
            0.8004212975502014,
            -0.7816981673240662
        ]
    },
    "2": {
        "top5_index": [
            159,
            785,
            2038,
            52,
            3017
        ],
        "scores": [
            -1.0,
            -0.7869168519973755,
            0.7307714819908142,
            -0.7305005788803101,
            -0.7298620343208313
        ]
    },
    "3": {
        "top5_index": [
            1306,
            3032,
            2138,
            1531,
            2119
        ],
        "scores": [
            -1.0,
            -0.9692026376724243,
            0.9239362478256226,
            -0.9181816577911377,
            -0.917236328125
        ]
    },
    "4": {
        "top5_index": [
            1967,
            2508,
            1418,
            1097,
            2931
        ],
        "scores": [
            -1.0,
            0.8440583944320679,
            -0.7849972248077393,
            -0.772582471370697,
            0.7718187570571899
        ]
    },
    "5": {
        "top5_index": [
            771,
            1573,
            2166,
            1440,
            2194
        ],
        "scores": [
            -1.0,
            0.8327253460884094,
            0.7926913499832153,
            -0.693324863910675,
            0.6583212614059448
        ]
    },
    "6": {
        "top5_index": [
            684,
            2503,
            853,
            862,
            1732
        ],
        "scores": [
            1.0,
            0.5494257807731628,
            0.483201265335083,
            -0.4719582498073578,
            0.4578593671321869
        ]
    },
    "7": {
        "top5_index": [
            2390,
            2547,
            164,
            1142,
            2765
        ],
        "scores": [
            -1.0,
            -0.9611386060714722,
            0.891647458076477,
            -0.7140200138092041,
            0.6997995376586914
        ]
    },
    "8": {
        "top5_index": [
            936,
            1794,
            2833,
            670,
            1493
        ],
        "scores": [
            -1.0,
            -0.8001781105995178,
            -0.7011632919311523,
            -0.5950102210044861,
            -0.5915318131446838
        ]
    },
    "9": {
        "top5_index": [
            1043,
            1808,
            2805,
            904,
            1538
        ],
        "scores": [
            1.0,
            -0.9651483297348022,
            -0.8250737190246582,
            -0.802321195602417,
            -0.7984104752540588
        ]
    },
    "10": {
        "top5_index": [
            2761,
            2872,
            2678,
            749,
            1148
        ],
        "scores": [
            1.0,
            0.8312627673149109,
            0.7862909436225891,
            0.781510591506958,
            0.7785051465034485
        ]
    },
    "11": {
        "top5_index": [
            2493,
            1225,
            1056,
            2123,
            3062
        ],
        "scores": [
            1.0,
            0.5929200053215027,
            0.5812897682189941,
            -0.5545715689659119,
            0.5473113059997559
        ]
    }
}