{
    "0": {
        "top5_index": [
            512,
            134,
            581,
            366,
            377
        ],
        "scores": [
            -1.0,
            0.9588629603385925,
            -0.9415494799613953,
            0.9037705063819885,
            -0.8369992971420288
        ]
    },
    "1": {
        "top5_index": [
            423,
            512,
            678,
            382,
            605
        ],
        "scores": [
            -1.0,
            -0.936252236366272,
            0.9212837815284729,
            0.8980879783630371,
            0.8946896195411682
        ]
    },
    "2": {
        "top5_index": [
            508,
            88,
            395,
            466,
            525
        ],
        "scores": [
            1.0,
            0.9555333256721497,
            -0.8536269664764404,
            0.8327805995941162,
            0.8314588069915771
        ]
    },
    "3": {
        "top5_index": [
            88,
            508,
            395,
            24,
            229
        ],
        "scores": [
            1.0,
            0.8642625212669373,
            -0.8176425695419312,
            -0.8096127510070801,
            -0.7497434616088867
        ]
    },
    "4": {
        "top5_index": [
            88,
            23,
            508,
            686,
            158
        ],
        "scores": [
            1.0,
            0.8902568817138672,
            0.854507327079773,
            0.7683084607124329,
            0.7555900812149048
        ]
    },
    "5": {
        "top5_index": [
            212,
            703,
            508,
            587,
            88
        ],
        "scores": [
            1.0,
            -0.9972757697105408,
            0.9908602833747864,
            -0.944233238697052,
            0.940472424030304
        ]
    },
    "6": {
        "top5_index": [
            587,
            23,
            88,
            508,
            173
        ],
        "scores": [
            -1.0,
            0.9543014764785767,
            0.8990383148193359,
            0.846364438533783,
            -0.8245617747306824
        ]
    },
    "7": {
        "top5_index": [
            69,
            587,
            92,
            298,
            23
        ],
        "scores": [
            1.0,
            -0.9356110692024231,
            -0.8812310099601746,
            0.8642207980155945,
            0.8634868860244751
        ]
    },
    "8": {
        "top5_index": [
            587,
            298,
            663,
            232,
            196
        ],
        "scores": [
            -1.0,
            0.9574471712112427,
            0.8964203596115112,
            0.8631864190101624,
            0.8033934235572815
        ]
    },
    "9": {
        "top5_index": [
            88,
            313,
            24,
            663,
            298
        ],
        "scores": [
            1.0,
            -0.9924042820930481,
            -0.9730930328369141,
            0.9664430022239685,
            0.911253809928894
        ]
    },
    "10": {
        "top5_index": [
            88,
            605,
            119,
            313,
            247
        ],
        "scores": [
            1.0,
            0.9711958169937134,
            0.963287889957428,
            -0.9474890232086182,
            0.9305184483528137
        ]
    },
    "11": {
        "top5_index": [
            554,
            443,
            605,
            47,
            707
        ],
        "scores": [
            -1.0,
            -0.9304335713386536,
            0.9148324131965637,
            0.9135872721672058,
            -0.9021062254905701
        ]
    }
}