{
    "0": {
        "top5_index": [
            1463,
            352,
            2073,
            630,
            1268
        ],
        "scores": [
            1.0,
            -0.8713248372077942,
            0.8537973165512085,
            0.8231930136680603,
            0.82065749168396
        ]
    },
    "1": {
        "top5_index": [
            1978,
            2563,
            489,
            1726,
            1427
        ],
        "scores": [
            1.0,
            0.923823356628418,
            0.7522553205490112,
            0.7344518303871155,
            -0.7289539575576782
        ]
    },
    "2": {
        "top5_index": [
            1916,
            1359,
            1972,
            1321,
            1865
        ],
        "scores": [
            1.0,
            -0.7504897713661194,
            -0.6978055238723755,
            -0.66184401512146,
            0.644287109375
        ]
    },
    "3": {
        "top5_index": [
            790,
            2554,
            2565,
            1851,
            2678
        ],
        "scores": [
            -1.0,
            -0.939934253692627,
            0.8652403950691223,
            -0.8481442332267761,
            0.8439881801605225
        ]
    },
    "4": {
        "top5_index": [
            1030,
            2422,
            2606,
            2361,
            1180
        ],
        "scores": [
            -1.0,
            0.8891447186470032,
            -0.8314692974090576,
            -0.6977574229240417,
            -0.6961113214492798
        ]
    },
    "5": {
        "top5_index": [
            3065,
            435,
            1687,
            985,
            2386
        ],
        "scores": [
            1.0,
            0.8823975324630737,
            0.8572030067443848,
            0.852804958820343,
            0.8394689559936523
        ]
    },
    "6": {
        "top5_index": [
            684,
            1615,
            853,
            260,
            278
        ],
        "scores": [
            -1.0,
            -0.9113492369651794,
            -0.8693381547927856,
            -0.8179320693016052,
            0.7946233749389648
        ]
    },
    "7": {
        "top5_index": [
            2547,
            1339,
            1562,
            2390,
            687
        ],
        "scores": [
            1.0,
            0.8018748164176941,
            0.746853232383728,
            0.5771684050559998,
            0.5424421429634094
        ]
    },
    "8": {
        "top5_index": [
            1794,
            1509,
            1031,
            936,
            1015
        ],
        "scores": [
            1.0,
            -0.87433260679245,
            0.7276849150657654,
            0.7064386010169983,
            0.6278511881828308
        ]
    },
    "9": {
        "top5_index": [
            1043,
            1197,
            1418,
            255,
            2250
        ],
        "scores": [
            -1.0,
            -0.9047406315803528,
            -0.8787265419960022,
            0.8271812796592712,
            -0.8250670433044434
        ]
    },
    "10": {
        "top5_index": [
            2761,
            2678,
            2422,
            1148,
            303
        ],
        "scores": [
            -1.0,
            -0.8913347125053406,
            0.8563202619552612,
            -0.8444492816925049,
            -0.836905837059021
        ]
    },
    "11": {
        "top5_index": [
            2493,
            853,
            2807,
            1092,
            2123
        ],
        "scores": [
            -1.0,
            -0.6387245059013367,
            0.637084424495697,
            -0.6218987107276917,
            0.6117160320281982
        ]
    }
}