{
    "0": {
        "top5_index": [
            82,
            747,
            539,
            135,
            554
        ],
        "scores": [
            -1.0,
            0.9205533266067505,
            0.7896248698234558,
            -0.7709763646125793,
            0.7400528192520142
        ]
    },
    "1": {
        "top5_index": [
            223,
            596,
            372,
            638,
            458
        ],
        "scores": [
            -1.0,
            -0.9746046662330627,
            -0.9582833051681519,
            0.9289572834968567,
            0.9123533368110657
        ]
    },
    "2": {
        "top5_index": [
            442,
            638,
            328,
            242,
            223
        ],
        "scores": [
            1.0,
            0.9778433442115784,
            0.9374825358390808,
            0.838869035243988,
            -0.8306213021278381
        ]
    },
    "3": {
        "top5_index": [
            181,
            638,
            368,
            211,
            242
        ],
        "scores": [
            -1.0,
            0.9613599181175232,
            0.880648672580719,
            -0.8473070859909058,
            0.8459065556526184
        ]
    },
    "4": {
        "top5_index": [
            23,
            406,
            88,
            325,
            223
        ],
        "scores": [
            1.0,
            -0.7764918804168701,
            0.6777852773666382,
            0.6627649664878845,
            -0.6410108208656311
        ]
    },
    "5": {
        "top5_index": [
            173,
            181,
            520,
            348,
            703
        ],
        "scores": [
            -1.0,
            -0.931045651435852,
            -0.9200530648231506,
            0.9046804904937744,
            -0.8688420653343201
        ]
    },
    "6": {
        "top5_index": [
            23,
            587,
            298,
            181,
            211
        ],
        "scores": [
            1.0,
            -0.9884843230247498,
            0.9505165219306946,
            -0.8799163699150085,
            -0.8609426617622375
        ]
    },
    "7": {
        "top5_index": [
            173,
            50,
            442,
            597,
            14
        ],
        "scores": [
            -1.0,
            0.9576340913772583,
            0.9461708664894104,
            0.9321354031562805,
            -0.8369749188423157
        ]
    },
    "8": {
        "top5_index": [
            701,
            298,
            547,
            348,
            587
        ],
        "scores": [
            -1.0,
            0.9354158639907837,
            -0.9264361262321472,
            0.8854577541351318,
            -0.853670060634613
        ]
    },
    "9": {
        "top5_index": [
            663,
            313,
            88,
            298,
            287
        ],
        "scores": [
            1.0,
            -0.9586358070373535,
            0.9269760847091675,
            0.9025702476501465,
            0.8471230268478394
        ]
    },
    "10": {
        "top5_index": [
            88,
            605,
            707,
            663,
            119
        ],
        "scores": [
            1.0,
            0.9082322716712952,
            -0.8991262316703796,
            0.8948873281478882,
            0.889280378818512
        ]
    },
    "11": {
        "top5_index": [
            554,
            443,
            605,
            47,
            707
        ],
        "scores": [
            -1.0,
            -0.930433452129364,
            0.9148324728012085,
            0.9135873913764954,
            -0.9021062254905701
        ]
    }
}