{
    "0": {
        "top5_index": [
            623,
            2976,
            915,
            2822,
            1485
        ],
        "scores": [
            1.0,
            0.8814166784286499,
            0.8598883748054504,
            0.8397994041442871,
            -0.8126175999641418
        ]
    },
    "1": {
        "top5_index": [
            1978,
            2200,
            3049,
            379,
            1510
        ],
        "scores": [
            1.0,
            0.9126247763633728,
            -0.8858071565628052,
            -0.8841348886489868,
            0.8229126930236816
        ]
    },
    "2": {
        "top5_index": [
            1916,
            561,
            1002,
            2059,
            881
        ],
        "scores": [
            1.0,
            -0.9549641609191895,
            0.9385800361633301,
            0.8545821309089661,
            -0.8488399982452393
        ]
    },
    "3": {
        "top5_index": [
            1784,
            766,
            790,
            2860,
            1915
        ],
        "scores": [
            -1.0,
            0.714055597782135,
            -0.6589933037757874,
            0.5876471400260925,
            0.571827232837677
        ]
    },
    "4": {
        "top5_index": [
            207,
            240,
            1401,
            2422,
            1030
        ],
        "scores": [
            1.0,
            0.9581698775291443,
            -0.6252044439315796,
            0.5987099409103394,
            -0.5595030784606934
        ]
    },
    "5": {
        "top5_index": [
            1440,
            2634,
            1573,
            1837,
            699
        ],
        "scores": [
            1.0,
            -0.9379656910896301,
            -0.9266220927238464,
            0.8519158363342285,
            0.8495818376541138
        ]
    },
    "6": {
        "top5_index": [
            1580,
            1534,
            977,
            862,
            2459
        ],
        "scores": [
            1.0,
            0.8286002278327942,
            0.7799268364906311,
            0.7329401969909668,
            -0.6303650140762329
        ]
    },
    "7": {
        "top5_index": [
            1562,
            2547,
            1226,
            1339,
            2925
        ],
        "scores": [
            1.0,
            0.9765625,
            -0.97383713722229,
            0.9516364932060242,
            -0.8909881711006165
        ]
    },
    "8": {
        "top5_index": [
            1509,
            1794,
            1272,
            1429,
            2684
        ],
        "scores": [
            -1.0,
            0.9380726218223572,
            -0.6488869786262512,
            0.6313917636871338,
            0.6135410666465759
        ]
    },
    "9": {
        "top5_index": [
            1043,
            1197,
            1529,
            2250,
            1436
        ],
        "scores": [
            -1.0,
            -0.8881102204322815,
            -0.7980906963348389,
            -0.7789884805679321,
            -0.7639808058738708
        ]
    },
    "10": {
        "top5_index": [
            2761,
            2678,
            1148,
            2422,
            749
        ],
        "scores": [
            -1.0,
            -0.9270431399345398,
            -0.9220232963562012,
            0.8530370593070984,
            -0.8454967737197876
        ]
    },
    "11": {
        "top5_index": [
            2493,
            853,
            2807,
            1092,
            2123
        ],
        "scores": [
            -1.0,
            -0.6387245059013367,
            0.6370846629142761,
            -0.6218988299369812,
            0.6117162108421326
        ]
    }
}