{
    "0": {
        "top5_index": [
            2386,
            248,
            1844,
            1893,
            869
        ],
        "scores": [
            -1.0,
            0.9758939146995544,
            -0.9352759122848511,
            0.8891710042953491,
            0.8873151540756226
        ]
    },
    "1": {
        "top5_index": [
            489,
            1978,
            457,
            2949,
            695
        ],
        "scores": [
            -1.0,
            -0.9269033074378967,
            -0.8760887384414673,
            -0.8187938928604126,
            -0.8045167922973633
        ]
    },
    "2": {
        "top5_index": [
            1538,
            1565,
            2995,
            636,
            2772
        ],
        "scores": [
            -1.0,
            -0.9987412691116333,
            -0.8557227253913879,
            -0.8385547399520874,
            -0.7747467756271362
        ]
    },
    "3": {
        "top5_index": [
            2730,
            1456,
            738,
            812,
            1941
        ],
        "scores": [
            -1.0,
            -0.9292508363723755,
            -0.8783204555511475,
            -0.8120331764221191,
            -0.7634446620941162
        ]
    },
    "4": {
        "top5_index": [
            1841,
            2655,
            1721,
            2920,
            2247
        ],
        "scores": [
            1.0,
            0.9583292007446289,
            -0.950908899307251,
            0.8391560912132263,
            0.8280279040336609
        ]
    },
    "5": {
        "top5_index": [
            98,
            1510,
            1974,
            964,
            2364
        ],
        "scores": [
            1.0,
            -0.9006237983703613,
            -0.8679078817367554,
            -0.840903103351593,
            0.7695097327232361
        ]
    },
    "6": {
        "top5_index": [
            684,
            173,
            764,
            3047,
            2896
        ],
        "scores": [
            1.0,
            0.5554209351539612,
            0.5479797720909119,
            -0.5393542647361755,
            0.532633900642395
        ]
    },
    "7": {
        "top5_index": [
            1142,
            1865,
            164,
            2746,
            887
        ],
        "scores": [
            -1.0,
            0.7413245439529419,
            0.6344848275184631,
            -0.5968268513679504,
            -0.5699658989906311
        ]
    },
    "8": {
        "top5_index": [
            1794,
            654,
            670,
            465,
            1493
        ],
        "scores": [
            -1.0,
            0.9983891844749451,
            -0.8494631052017212,
            0.839031994342804,
            -0.8105863332748413
        ]
    },
    "9": {
        "top5_index": [
            2805,
            1267,
            1043,
            2194,
            254
        ],
        "scores": [
            -1.0,
            -0.9792004823684692,
            0.9682162404060364,
            -0.9448915123939514,
            -0.9170108437538147
        ]
    },
    "10": {
        "top5_index": [
            2761,
            1041,
            2872,
            2678,
            1148
        ],
        "scores": [
            1.0,
            0.9450141787528992,
            0.8819236159324646,
            0.867476224899292,
            0.8582922220230103
        ]
    },
    "11": {
        "top5_index": [
            2493,
            1225,
            1056,
            2123,
            3062
        ],
        "scores": [
            1.0,
            0.5929198861122131,
            0.5812897682189941,
            -0.5545716881752014,
            0.5473113656044006
        ]
    }
}