{
    "0": {
        "top5_index": [
            674,
            507,
            281,
            282,
            287
        ],
        "scores": [
            1.0,
            0.9711135029792786,
            0.9550653696060181,
            -0.9050980806350708,
            -0.875895082950592
        ]
    },
    "1": {
        "top5_index": [
            282,
            281,
            507,
            581,
            565
        ],
        "scores": [
            -1.0,
            0.9425109028816223,
            0.8979847431182861,
            0.7651495933532715,
            -0.7611585259437561
        ]
    },
    "2": {
        "top5_index": [
            507,
            281,
            53,
            357,
            43
        ],
        "scores": [
            1.0,
            0.9209583401679993,
            -0.7141028642654419,
            0.6920273303985596,
            0.6718230247497559
        ]
    },
    "3": {
        "top5_index": [
            507,
            73,
            53,
            554,
            100
        ],
        "scores": [
            1.0,
            0.8199445009231567,
            -0.7803998589515686,
            0.7678136229515076,
            0.7599628567695618
        ]
    },
    "4": {
        "top5_index": [
            507,
            100,
            73,
            281,
            605
        ],
        "scores": [
            1.0,
            0.9678374528884888,
            0.840111494064331,
            0.8188101649284363,
            -0.8105865120887756
        ]
    },
    "5": {
        "top5_index": [
            100,
            257,
            334,
            281,
            605
        ],
        "scores": [
            1.0,
            0.965654194355011,
            -0.8811507225036621,
            0.8770866394042969,
            -0.8289504051208496
        ]
    },
    "6": {
        "top5_index": [
            605,
            53,
            393,
            134,
            334
        ],
        "scores": [
            -1.0,
            -0.9342420101165771,
            0.9288749098777771,
            -0.9096695184707642,
            -0.8997732400894165
        ]
    },
    "7": {
        "top5_index": [
            134,
            393,
            605,
            656,
            281
        ],
        "scores": [
            -1.0,
            0.8429301977157593,
            -0.8236924409866333,
            0.7240970730781555,
            0.6977996230125427
        ]
    },
    "8": {
        "top5_index": [
            134,
            605,
            393,
            663,
            281
        ],
        "scores": [
            -1.0,
            -0.9930747151374817,
            0.8752133250236511,
            -0.7818933725357056,
            0.7587779760360718
        ]
    },
    "9": {
        "top5_index": [
            663,
            88,
            134,
            124,
            24
        ],
        "scores": [
            -1.0,
            -0.8812189698219299,
            -0.8569641709327698,
            0.8343151807785034,
            0.8098741173744202
        ]
    },
    "10": {
        "top5_index": [
            605,
            393,
            663,
            88,
            748
        ],
        "scores": [
            -1.0,
            0.8812735676765442,
            -0.8741371631622314,
            -0.8544180989265442,
            0.7980508208274841
        ]
    },
    "11": {
        "top5_index": [
            605,
            702,
            577,
            169,
            319
        ],
        "scores": [
            -1.0,
            0.9249411821365356,
            -0.8609997034072876,
            0.8334485292434692,
            0.8219587206840515
        ]
    }
}