{
    "0": {
        "top5_index": [
            2336,
            95,
            2196,
            2944,
            2976
        ],
        "scores": [
            1.0,
            -0.817455530166626,
            -0.8005052804946899,
            0.7781636118888855,
            0.7747126221656799
        ]
    },
    "1": {
        "top5_index": [
            3049,
            3003,
            1956,
            907,
            2133
        ],
        "scores": [
            -1.0,
            -0.9861729145050049,
            -0.9133761525154114,
            -0.8579253554344177,
            0.8527390956878662
        ]
    },
    "2": {
        "top5_index": [
            2296,
            755,
            1354,
            1281,
            637
        ],
        "scores": [
            -1.0,
            0.8342823386192322,
            -0.8065868616104126,
            0.7480666041374207,
            0.7447682619094849
        ]
    },
    "3": {
        "top5_index": [
            199,
            2557,
            1359,
            1470,
            1412
        ],
        "scores": [
            1.0,
            -0.7904006838798523,
            -0.7848102450370789,
            -0.7737553119659424,
            -0.7329081892967224
        ]
    },
    "4": {
        "top5_index": [
            1967,
            533,
            2033,
            3054,
            1780
        ],
        "scores": [
            1.0,
            0.913779079914093,
            -0.6323246955871582,
            0.620229184627533,
            -0.5859948396682739
        ]
    },
    "5": {
        "top5_index": [
            2454,
            672,
            2386,
            2068,
            1305
        ],
        "scores": [
            1.0,
            -0.8911574482917786,
            0.8457528352737427,
            0.7437719702720642,
            -0.7142999172210693
        ]
    },
    "6": {
        "top5_index": [
            1321,
            2503,
            1930,
            3009,
            684
        ],
        "scores": [
            1.0,
            -0.9807709455490112,
            -0.8111209273338318,
            0.7797603011131287,
            -0.760490357875824
        ]
    },
    "7": {
        "top5_index": [
            238,
            2390,
            2547,
            1562,
            3071
        ],
        "scores": [
            1.0,
            0.98288893699646,
            0.9262445569038391,
            0.9048436880111694,
            0.7211694717407227
        ]
    },
    "8": {
        "top5_index": [
            1794,
            1015,
            670,
            1394,
            1509
        ],
        "scores": [
            1.0,
            0.9621753692626953,
            0.9365877509117126,
            0.782866358757019,
            -0.7230022549629211
        ]
    },
    "9": {
        "top5_index": [
            1043,
            1436,
            2628,
            107,
            2805
        ],
        "scores": [
            -1.0,
            -0.9087878465652466,
            0.807149350643158,
            0.7332610487937927,
            0.7222443222999573
        ]
    },
    "10": {
        "top5_index": [
            2761,
            1148,
            303,
            2678,
            749
        ],
        "scores": [
            -1.0,
            -0.8895343542098999,
            -0.8422811627388,
            -0.8231650590896606,
            -0.8082985877990723
        ]
    },
    "11": {
        "top5_index": [
            2493,
            853,
            2807,
            1092,
            2123
        ],
        "scores": [
            -1.0,
            -0.6387245059013367,
            0.6370846033096313,
            -0.6218989491462708,
            0.6117159724235535
        ]
    }
}