{
    "0": {
        "top5_index": [
            82,
            360,
            747,
            690,
            595
        ],
        "scores": [
            -1.0,
            -0.7589964270591736,
            0.659450888633728,
            -0.6536608934402466,
            0.6395257115364075
        ]
    },
    "1": {
        "top5_index": [
            512,
            134,
            595,
            434,
            64
        ],
        "scores": [
            -1.0,
            0.9631270170211792,
            0.7997643947601318,
            -0.7584308385848999,
            -0.746791660785675
        ]
    },
    "2": {
        "top5_index": [
            512,
            753,
            458,
            352,
            364
        ],
        "scores": [
            -1.0,
            0.8477041125297546,
            0.8204207420349121,
            -0.7989882230758667,
            -0.7545467019081116
        ]
    },
    "3": {
        "top5_index": [
            282,
            465,
            311,
            355,
            402
        ],
        "scores": [
            1.0,
            0.9133989810943604,
            0.9001849889755249,
            0.8826379179954529,
            -0.8722028732299805
        ]
    },
    "4": {
        "top5_index": [
            282,
            311,
            417,
            655,
            495
        ],
        "scores": [
            1.0,
            0.844484806060791,
            0.7431482076644897,
            0.7297237515449524,
            0.7006731033325195
        ]
    },
    "5": {
        "top5_index": [
            19,
            311,
            655,
            53,
            282
        ],
        "scores": [
            1.0,
            0.9802639484405518,
            0.9216406941413879,
            0.9120131731033325,
            0.8955066800117493
        ]
    },
    "6": {
        "top5_index": [
            19,
            764,
            202,
            206,
            532
        ],
        "scores": [
            1.0,
            -0.995610773563385,
            -0.9877873659133911,
            0.9803227782249451,
            -0.9503774642944336
        ]
    },
    "7": {
        "top5_index": [
            69,
            19,
            202,
            228,
            627
        ],
        "scores": [
            1.0,
            0.9977213144302368,
            -0.949561595916748,
            -0.945338785648346,
            -0.9369546175003052
        ]
    },
    "8": {
        "top5_index": [
            228,
            435,
            69,
            47,
            490
        ],
        "scores": [
            -1.0,
            -0.885871946811676,
            0.8748799562454224,
            0.8586248159408569,
            0.8425680994987488
        ]
    },
    "9": {
        "top5_index": [
            287,
            663,
            313,
            554,
            702
        ],
        "scores": [
            1.0,
            0.9195910692214966,
            -0.9023427963256836,
            -0.8902530670166016,
            -0.8794504404067993
        ]
    },
    "10": {
        "top5_index": [
            707,
            311,
            554,
            605,
            88
        ],
        "scores": [
            -1.0,
            0.9680278897285461,
            -0.9612269997596741,
            0.9473828077316284,
            0.9087269306182861
        ]
    },
    "11": {
        "top5_index": [
            554,
            443,
            605,
            47,
            707
        ],
        "scores": [
            -1.0,
            -0.9304335117340088,
            0.9148324131965637,
            0.9135873317718506,
            -0.9021062850952148
        ]
    }
}