{
    "0": {
        "top5_index": [
            2581,
            2912,
            1914,
            612,
            1204
        ],
        "scores": [
            -1.0,
            0.7080580592155457,
            -0.6535028219223022,
            0.6378297209739685,
            -0.5415555834770203
        ]
    },
    "1": {
        "top5_index": [
            1978,
            1778,
            489,
            1516,
            379
        ],
        "scores": [
            -1.0,
            0.7969024181365967,
            -0.7499937415122986,
            -0.6607609987258911,
            0.6222510933876038
        ]
    },
    "2": {
        "top5_index": [
            540,
            2382,
            1258,
            909,
            492
        ],
        "scores": [
            1.0,
            -0.9393139481544495,
            0.8569265604019165,
            0.8334155678749084,
            -0.7982324957847595
        ]
    },
    "3": {
        "top5_index": [
            1784,
            738,
            2035,
            1846,
            1531
        ],
        "scores": [
            1.0,
            -0.9156838059425354,
            0.911969780921936,
            -0.8894919157028198,
            -0.8864823579788208
        ]
    },
    "4": {
        "top5_index": [
            1014,
            3035,
            2187,
            2493,
            2934
        ],
        "scores": [
            -1.0,
            -0.9263123869895935,
            0.9050337672233582,
            -0.8884043097496033,
            -0.8620010614395142
        ]
    },
    "5": {
        "top5_index": [
            79,
            1837,
            3018,
            1471,
            699
        ],
        "scores": [
            -1.0,
            -0.7138535380363464,
            -0.6424612998962402,
            -0.632304847240448,
            -0.6318479776382446
        ]
    },
    "6": {
        "top5_index": [
            684,
            3009,
            984,
            2418,
            2503
        ],
        "scores": [
            1.0,
            -0.6755304336547852,
            0.6488676071166992,
            0.6343116164207458,
            0.6138577461242676
        ]
    },
    "7": {
        "top5_index": [
            2390,
            164,
            115,
            2547,
            2765
        ],
        "scores": [
            -1.0,
            0.9986396431922913,
            0.933584451675415,
            -0.7863211035728455,
            0.7588469386100769
        ]
    },
    "8": {
        "top5_index": [
            1794,
            2833,
            936,
            2122,
            670
        ],
        "scores": [
            -1.0,
            -0.8358985185623169,
            -0.8051033616065979,
            0.7604065537452698,
            -0.756173849105835
        ]
    },
    "9": {
        "top5_index": [
            1043,
            904,
            1856,
            490,
            484
        ],
        "scores": [
            1.0,
            -0.8616408109664917,
            -0.8601665496826172,
            0.8542914390563965,
            -0.7771159410476685
        ]
    },
    "10": {
        "top5_index": [
            2761,
            2678,
            126,
            749,
            100
        ],
        "scores": [
            1.0,
            0.8421410918235779,
            -0.8182507157325745,
            0.8058598637580872,
            0.8028143048286438
        ]
    },
    "11": {
        "top5_index": [
            2493,
            1225,
            1056,
            2123,
            3062
        ],
        "scores": [
            1.0,
            0.5929199457168579,
            0.5812894701957703,
            -0.5545715093612671,
            0.5473111867904663
        ]
    }
}