{
    "0": {
        "top5_index": [
            395,
            508,
            237,
            595,
            101
        ],
        "scores": [
            1.0,
            -0.8390197157859802,
            0.8114684224128723,
            0.7958881855010986,
            0.7701365351676941
        ]
    },
    "1": {
        "top5_index": [
            581,
            364,
            678,
            134,
            139
        ],
        "scores": [
            1.0,
            0.7024677395820618,
            0.666167140007019,
            -0.5827083587646484,
            -0.5436285138130188
        ]
    },
    "2": {
        "top5_index": [
            165,
            625,
            524,
            678,
            586
        ],
        "scores": [
            -1.0,
            0.9946562051773071,
            -0.9565472602844238,
            0.949367105960846,
            -0.9491837620735168
        ]
    },
    "3": {
        "top5_index": [
            625,
            581,
            722,
            236,
            69
        ],
        "scores": [
            1.0,
            0.9664815664291382,
            -0.9621598720550537,
            -0.9400509595870972,
            -0.8795297741889954
        ]
    },
    "4": {
        "top5_index": [
            88,
            524,
            581,
            587,
            100
        ],
        "scores": [
            -1.0,
            -0.909557044506073,
            0.9025968909263611,
            0.885027289390564,
            0.8432188034057617
        ]
    },
    "5": {
        "top5_index": [
            134,
            524,
            674,
            651,
            667
        ],
        "scores": [
            -1.0,
            -0.8644021153450012,
            0.8412033319473267,
            -0.8174225091934204,
            0.7716618776321411
        ]
    },
    "6": {
        "top5_index": [
            314,
            134,
            749,
            674,
            667
        ],
        "scores": [
            1.0,
            -0.9515034556388855,
            -0.8252655863761902,
            0.7253363728523254,
            0.7123152613639832
        ]
    },
    "7": {
        "top5_index": [
            134,
            605,
            674,
            196,
            287
        ],
        "scores": [
            -1.0,
            -0.8163639307022095,
            0.7547467947006226,
            -0.7314690351486206,
            -0.7162067890167236
        ]
    },
    "8": {
        "top5_index": [
            134,
            287,
            88,
            667,
            605
        ],
        "scores": [
            -1.0,
            -0.7592309713363647,
            -0.7116342186927795,
            0.7062602639198303,
            -0.7033228874206543
        ]
    },
    "9": {
        "top5_index": [
            287,
            663,
            72,
            134,
            88
        ],
        "scores": [
            -1.0,
            -0.980286180973053,
            0.9046655297279358,
            -0.8805744051933289,
            -0.8504898548126221
        ]
    },
    "10": {
        "top5_index": [
            88,
            605,
            544,
            748,
            667
        ],
        "scores": [
            -1.0,
            -0.946815013885498,
            0.7693606615066528,
            0.7531728148460388,
            0.7432761788368225
        ]
    },
    "11": {
        "top5_index": [
            605,
            702,
            577,
            169,
            319
        ],
        "scores": [
            -1.0,
            0.9249410629272461,
            -0.8609997034072876,
            0.8334484100341797,
            0.8219587206840515
        ]
    }
}