{
    "0": {
        "top5_index": [
            2581,
            1914,
            2771,
            1070,
            271
        ],
        "scores": [
            -1.0,
            -0.859708845615387,
            -0.8463799357414246,
            0.8301436901092529,
            -0.8049904108047485
        ]
    },
    "1": {
        "top5_index": [
            2563,
            1475,
            1158,
            1909,
            1235
        ],
        "scores": [
            -1.0,
            -0.9946492314338684,
            -0.9725286960601807,
            -0.9665870666503906,
            0.9562209844589233
        ]
    },
    "2": {
        "top5_index": [
            2037,
            2943,
            1310,
            77,
            1570
        ],
        "scores": [
            1.0,
            0.9655123353004456,
            0.914004921913147,
            0.8960850238800049,
            0.8417735695838928
        ]
    },
    "3": {
        "top5_index": [
            1531,
            824,
            68,
            1470,
            2660
        ],
        "scores": [
            -1.0,
            -0.998161256313324,
            -0.9703038334846497,
            -0.8880638480186462,
            -0.8600737452507019
        ]
    },
    "4": {
        "top5_index": [
            1955,
            923,
            1296,
            2559,
            388
        ],
        "scores": [
            -1.0,
            -0.9872612953186035,
            0.9682767987251282,
            0.9098992943763733,
            0.9064939022064209
        ]
    },
    "5": {
        "top5_index": [
            1094,
            1417,
            1914,
            80,
            2866
        ],
        "scores": [
            1.0,
            0.9916888475418091,
            0.9769325256347656,
            0.9721657633781433,
            0.9489401578903198
        ]
    },
    "6": {
        "top5_index": [
            1622,
            729,
            1550,
            1720,
            1041
        ],
        "scores": [
            -1.0,
            0.7846113443374634,
            -0.7500390410423279,
            0.7168960571289062,
            -0.7144899964332581
        ]
    },
    "7": {
        "top5_index": [
            2093,
            1562,
            1339,
            1069,
            2547
        ],
        "scores": [
            1.0,
            0.8473855257034302,
            0.6717429161071777,
            0.6437947154045105,
            0.6389287710189819
        ]
    },
    "8": {
        "top5_index": [
            1794,
            1509,
            936,
            1361,
            1394
        ],
        "scores": [
            1.0,
            -0.9550014138221741,
            0.8769992589950562,
            0.6640265583992004,
            0.6397018432617188
        ]
    },
    "9": {
        "top5_index": [
            484,
            1144,
            1197,
            1043,
            2233
        ],
        "scores": [
            1.0,
            -0.9164828062057495,
            -0.897572934627533,
            -0.8824104070663452,
            -0.8363760113716125
        ]
    },
    "10": {
        "top5_index": [
            749,
            2422,
            2761,
            2678,
            957
        ],
        "scores": [
            -1.0,
            0.9233626127243042,
            -0.9200408458709717,
            -0.8933455944061279,
            0.8787611126899719
        ]
    },
    "11": {
        "top5_index": [
            2493,
            853,
            2807,
            1092,
            2123
        ],
        "scores": [
            -1.0,
            -0.6387245059013367,
            0.6370843648910522,
            -0.6218986511230469,
            0.6117159128189087
        ]
    }
}