{
    "0": {
        "top5_index": [
            634,
            151,
            755,
            366,
            136
        ],
        "scores": [
            1.0,
            -0.9196200370788574,
            -0.8964983224868774,
            -0.8700895309448242,
            0.8630489706993103
        ]
    },
    "1": {
        "top5_index": [
            448,
            682,
            206,
            616,
            434
        ],
        "scores": [
            -1.0,
            0.8715052604675293,
            0.7620380520820618,
            0.7567181587219238,
            -0.7484363317489624
        ]
    },
    "2": {
        "top5_index": [
            206,
            581,
            508,
            448,
            311
        ],
        "scores": [
            1.0,
            -0.9054337739944458,
            0.8893452286720276,
            -0.8620567917823792,
            0.7394618391990662
        ]
    },
    "3": {
        "top5_index": [
            448,
            355,
            345,
            343,
            540
        ],
        "scores": [
            -1.0,
            0.7852213382720947,
            -0.7227821946144104,
            -0.6949557065963745,
            -0.694594144821167
        ]
    },
    "4": {
        "top5_index": [
            173,
            448,
            358,
            206,
            334
        ],
        "scores": [
            -1.0,
            -0.9167609214782715,
            -0.7820525765419006,
            0.7527580261230469,
            0.6634681224822998
        ]
    },
    "5": {
        "top5_index": [
            173,
            181,
            342,
            379,
            119
        ],
        "scores": [
            -1.0,
            -0.9478117823600769,
            0.8964090943336487,
            0.8918415904045105,
            0.86713045835495
        ]
    },
    "6": {
        "top5_index": [
            205,
            265,
            342,
            566,
            3
        ],
        "scores": [
            1.0,
            0.9956357479095459,
            0.9213537573814392,
            0.8785334229469299,
            0.8510707020759583
        ]
    },
    "7": {
        "top5_index": [
            119,
            265,
            175,
            205,
            32
        ],
        "scores": [
            1.0,
            0.8776997923851013,
            0.8680132031440735,
            0.8128581047058105,
            0.7816530466079712
        ]
    },
    "8": {
        "top5_index": [
            119,
            88,
            490,
            667,
            232
        ],
        "scores": [
            1.0,
            0.9441602826118469,
            0.9129634499549866,
            -0.8908392190933228,
            0.8745113015174866
        ]
    },
    "9": {
        "top5_index": [
            88,
            298,
            119,
            605,
            490
        ],
        "scores": [
            1.0,
            0.9602042436599731,
            0.9322267174720764,
            0.9212774634361267,
            0.8647235631942749
        ]
    },
    "10": {
        "top5_index": [
            88,
            119,
            605,
            31,
            707
        ],
        "scores": [
            1.0,
            0.9900506138801575,
            0.8879305720329285,
            -0.8609417676925659,
            -0.8105869293212891
        ]
    },
    "11": {
        "top5_index": [
            554,
            443,
            605,
            47,
            707
        ],
        "scores": [
            -1.0,
            -0.9304335117340088,
            0.914832353591919,
            0.9135872721672058,
            -0.9021062254905701
        ]
    }
}