{
    "0": {
        "top5_index": [
            637,
            366,
            120,
            1,
            306
        ],
        "scores": [
            -1.0,
            0.9643060564994812,
            0.9544660449028015,
            0.805034875869751,
            0.7862313389778137
        ]
    },
    "1": {
        "top5_index": [
            51,
            605,
            581,
            595,
            566
        ],
        "scores": [
            1.0,
            0.7088118195533752,
            -0.6574835181236267,
            0.6042128801345825,
            0.6012006998062134
        ]
    },
    "2": {
        "top5_index": [
            51,
            605,
            581,
            55,
            637
        ],
        "scores": [
            1.0,
            0.7895196080207825,
            -0.6671256422996521,
            0.6032195687294006,
            -0.5926362872123718
        ]
    },
    "3": {
        "top5_index": [
            51,
            605,
            637,
            38,
            312
        ],
        "scores": [
            1.0,
            0.8231551051139832,
            -0.7450665235519409,
            -0.6932088136672974,
            -0.6819828152656555
        ]
    },
    "4": {
        "top5_index": [
            51,
            605,
            312,
            202,
            97
        ],
        "scores": [
            1.0,
            0.7287246584892273,
            -0.6856142282485962,
            -0.6823786497116089,
            -0.6489010453224182
        ]
    },
    "5": {
        "top5_index": [
            51,
            202,
            609,
            119,
            198
        ],
        "scores": [
            1.0,
            -0.9456638097763062,
            0.8731484413146973,
            0.8444446325302124,
            0.8040717840194702
        ]
    },
    "6": {
        "top5_index": [
            713,
            51,
            202,
            674,
            225
        ],
        "scores": [
            1.0,
            0.9552955031394958,
            -0.9507741928100586,
            -0.9452564120292664,
            0.8848636746406555
        ]
    },
    "7": {
        "top5_index": [
            674,
            51,
            119,
            311,
            605
        ],
        "scores": [
            -1.0,
            0.9837997555732727,
            0.9356278777122498,
            0.903161883354187,
            0.8345538973808289
        ]
    },
    "8": {
        "top5_index": [
            287,
            674,
            435,
            539,
            119
        ],
        "scores": [
            1.0,
            -0.9968994855880737,
            -0.9707886576652527,
            0.9660748839378357,
            0.9309406280517578
        ]
    },
    "9": {
        "top5_index": [
            287,
            605,
            88,
            663,
            241
        ],
        "scores": [
            1.0,
            0.8037281036376953,
            0.8005014061927795,
            0.781773567199707,
            0.701978325843811
        ]
    },
    "10": {
        "top5_index": [
            88,
            605,
            119,
            287,
            313
        ],
        "scores": [
            1.0,
            0.9631138443946838,
            0.922741174697876,
            0.86357581615448,
            -0.8367812633514404
        ]
    },
    "11": {
        "top5_index": [
            554,
            443,
            605,
            47,
            707
        ],
        "scores": [
            -1.0,
            -0.9304335117340088,
            0.9148324131965637,
            0.9135873913764954,
            -0.9021062254905701
        ]
    }
}