{
    "0": {
        "top5_index": [
            2581,
            95,
            2115,
            562,
            581
        ],
        "scores": [
            1.0,
            0.8892898559570312,
            0.8454747200012207,
            0.8389514684677124,
            0.8281152844429016
        ]
    },
    "1": {
        "top5_index": [
            1978,
            1427,
            1058,
            2475,
            705
        ],
        "scores": [
            1.0,
            -0.9264746904373169,
            0.7790294885635376,
            -0.7394324541091919,
            0.716756284236908
        ]
    },
    "2": {
        "top5_index": [
            2268,
            2201,
            2772,
            1554,
            1321
        ],
        "scores": [
            1.0,
            -0.8413951992988586,
            0.8172128796577454,
            -0.8068265318870544,
            -0.7880164384841919
        ]
    },
    "3": {
        "top5_index": [
            812,
            1699,
            2324,
            3064,
            1148
        ],
        "scores": [
            -1.0,
            0.9317598342895508,
            -0.8987681865692139,
            -0.8807552456855774,
            0.6818397045135498
        ]
    },
    "4": {
        "top5_index": [
            3,
            191,
            2916,
            2422,
            829
        ],
        "scores": [
            -1.0,
            -0.7407066822052002,
            -0.7364487051963806,
            0.6601546406745911,
            0.6335079669952393
        ]
    },
    "5": {
        "top5_index": [
            803,
            1275,
            1815,
            930,
            141
        ],
        "scores": [
            -1.0,
            -0.6201745271682739,
            0.6019850373268127,
            0.5982352495193481,
            -0.587343692779541
        ]
    },
    "6": {
        "top5_index": [
            1443,
            1720,
            1615,
            2503,
            1550
        ],
        "scores": [
            1.0,
            0.893681526184082,
            -0.8827499747276306,
            -0.8635891675949097,
            -0.8564125299453735
        ]
    },
    "7": {
        "top5_index": [
            1562,
            2547,
            2390,
            564,
            1175
        ],
        "scores": [
            1.0,
            0.9324150085449219,
            0.7932623624801636,
            0.7862225770950317,
            0.7582245469093323
        ]
    },
    "8": {
        "top5_index": [
            1015,
            1830,
            676,
            654,
            1147
        ],
        "scores": [
            1.0,
            -0.9621546268463135,
            -0.9070139527320862,
            -0.9010655283927917,
            0.8888811469078064
        ]
    },
    "9": {
        "top5_index": [
            2207,
            1857,
            44,
            1938,
            324
        ],
        "scores": [
            1.0,
            -0.9454672932624817,
            -0.9299688935279846,
            -0.9085565805435181,
            -0.8367956876754761
        ]
    },
    "10": {
        "top5_index": [
            2422,
            2761,
            1148,
            2678,
            126
        ],
        "scores": [
            1.0,
            -0.9982501864433289,
            -0.9197651147842407,
            -0.8751182556152344,
            0.8375719785690308
        ]
    },
    "11": {
        "top5_index": [
            2493,
            853,
            2807,
            1092,
            2123
        ],
        "scores": [
            -1.0,
            -0.638724684715271,
            0.637084424495697,
            -0.6218987703323364,
            0.6117159724235535
        ]
    }
}