{
    "0": {
        "top5_index": [
            1,
            674,
            282,
            366,
            638
        ],
        "scores": [
            1.0,
            -0.8097886443138123,
            0.7999345064163208,
            0.7761860489845276,
            0.6800133585929871
        ]
    },
    "1": {
        "top5_index": [
            448,
            273,
            514,
            366,
            674
        ],
        "scores": [
            1.0,
            -0.8140069246292114,
            0.8093549609184265,
            0.7763158679008484,
            -0.7474114894866943
        ]
    },
    "2": {
        "top5_index": [
            448,
            61,
            97,
            638,
            43
        ],
        "scores": [
            1.0,
            -0.7257342338562012,
            -0.7097298502922058,
            0.6608187556266785,
            -0.6588627696037292
        ]
    },
    "3": {
        "top5_index": [
            448,
            97,
            444,
            185,
            130
        ],
        "scores": [
            1.0,
            -0.8962608575820923,
            -0.7078561186790466,
            0.7013947367668152,
            -0.6780686378479004
        ]
    },
    "4": {
        "top5_index": [
            448,
            198,
            88,
            320,
            656
        ],
        "scores": [
            1.0,
            0.8221721649169922,
            0.795566976070404,
            -0.7423081398010254,
            -0.6552808284759521
        ]
    },
    "5": {
        "top5_index": [
            448,
            272,
            395,
            198,
            196
        ],
        "scores": [
            1.0,
            0.862048864364624,
            -0.7690973877906799,
            0.7487711310386658,
            0.6802514791488647
        ]
    },
    "6": {
        "top5_index": [
            508,
            448,
            53,
            561,
            283
        ],
        "scores": [
            1.0,
            0.9685381650924683,
            0.9013029932975769,
            0.8567579388618469,
            -0.8056640028953552
        ]
    },
    "7": {
        "top5_index": [
            88,
            605,
            69,
            341,
            448
        ],
        "scores": [
            1.0,
            0.9008265137672424,
            0.876544713973999,
            -0.8697220087051392,
            0.8462113738059998
        ]
    },
    "8": {
        "top5_index": [
            88,
            298,
            283,
            605,
            229
        ],
        "scores": [
            1.0,
            0.884148895740509,
            -0.8711642622947693,
            0.7854313254356384,
            -0.7526724338531494
        ]
    },
    "9": {
        "top5_index": [
            88,
            311,
            5,
            663,
            287
        ],
        "scores": [
            1.0,
            0.8108062148094177,
            -0.7961268424987793,
            0.7930817604064941,
            0.7860133647918701
        ]
    },
    "10": {
        "top5_index": [
            88,
            247,
            605,
            47,
            313
        ],
        "scores": [
            1.0,
            0.9464640617370605,
            0.9385057687759399,
            0.9222805500030518,
            -0.9108651876449585
        ]
    },
    "11": {
        "top5_index": [
            554,
            443,
            605,
            47,
            707
        ],
        "scores": [
            -1.0,
            -0.9304335117340088,
            0.9148324728012085,
            0.9135873913764954,
            -0.9021062254905701
        ]
    }
}