{
    "0": {
        "top5_index": [
            2255,
            630,
            578,
            2921,
            1017
        ],
        "scores": [
            1.0,
            0.9856723546981812,
            0.9595266580581665,
            0.9497817754745483,
            0.9414488077163696
        ]
    },
    "1": {
        "top5_index": [
            705,
            1205,
            2563,
            489,
            1457
        ],
        "scores": [
            1.0,
            -0.9655554890632629,
            0.9554381370544434,
            0.9255209565162659,
            -0.9235590100288391
        ]
    },
    "2": {
        "top5_index": [
            2951,
            1073,
            159,
            2038,
            2362
        ],
        "scores": [
            -1.0,
            -0.9605648517608643,
            0.9504320025444031,
            -0.9471839070320129,
            -0.9186166524887085
        ]
    },
    "3": {
        "top5_index": [
            1306,
            790,
            1456,
            2181,
            2035
        ],
        "scores": [
            1.0,
            -0.9974918961524963,
            0.9821452498435974,
            0.9481496214866638,
            -0.8787564635276794
        ]
    },
    "4": {
        "top5_index": [
            240,
            207,
            1030,
            2033,
            2655
        ],
        "scores": [
            1.0,
            0.9851709604263306,
            -0.8004675507545471,
            -0.7512958645820618,
            -0.7185660600662231
        ]
    },
    "5": {
        "top5_index": [
            699,
            79,
            771,
            1440,
            1837
        ],
        "scores": [
            1.0,
            0.878850519657135,
            0.8777436017990112,
            0.8576971888542175,
            0.8025543689727783
        ]
    },
    "6": {
        "top5_index": [
            684,
            1930,
            664,
            1615,
            2896
        ],
        "scores": [
            -1.0,
            -0.542645275592804,
            -0.5414649844169617,
            -0.5348563194274902,
            -0.5332131385803223
        ]
    },
    "7": {
        "top5_index": [
            2390,
            2547,
            1339,
            1562,
            58
        ],
        "scores": [
            1.0,
            0.900520384311676,
            0.7682853937149048,
            0.7150283455848694,
            0.6079031825065613
        ]
    },
    "8": {
        "top5_index": [
            1794,
            936,
            670,
            1493,
            2973
        ],
        "scores": [
            1.0,
            0.8242834806442261,
            0.8024665713310242,
            0.6433693170547485,
            -0.6253053545951843
        ]
    },
    "9": {
        "top5_index": [
            1043,
            2628,
            255,
            1436,
            1197
        ],
        "scores": [
            -1.0,
            0.9604697823524475,
            0.8739388585090637,
            -0.8584570288658142,
            -0.8433537483215332
        ]
    },
    "10": {
        "top5_index": [
            2761,
            1148,
            2678,
            2422,
            749
        ],
        "scores": [
            -1.0,
            -0.97019362449646,
            -0.9515222907066345,
            0.873229444026947,
            -0.8508843183517456
        ]
    },
    "11": {
        "top5_index": [
            2493,
            853,
            2807,
            1092,
            2123
        ],
        "scores": [
            -1.0,
            -0.6387245655059814,
            0.6370844841003418,
            -0.6218985915184021,
            0.6117159724235535
        ]
    }
}