{
    "0": {
        "top5_index": [
            2581,
            2912,
            612,
            2115,
            2031
        ],
        "scores": [
            -1.0,
            0.8296290040016174,
            0.827688455581665,
            -0.8117016553878784,
            -0.7595409154891968
        ]
    },
    "1": {
        "top5_index": [
            2721,
            2433,
            2924,
            73,
            68
        ],
        "scores": [
            -1.0,
            -0.8746842741966248,
            -0.8534089922904968,
            -0.8491848707199097,
            -0.8311899900436401
        ]
    },
    "2": {
        "top5_index": [
            666,
            227,
            46,
            2897,
            2245
        ],
        "scores": [
            -1.0,
            -0.7893965840339661,
            0.7885385751724243,
            -0.7770650386810303,
            0.7225468158721924
        ]
    },
    "3": {
        "top5_index": [
            1531,
            2660,
            68,
            824,
            2664
        ],
        "scores": [
            -1.0,
            -0.8942579627037048,
            -0.8803342580795288,
            -0.8376361131668091,
            -0.7955214977264404
        ]
    },
    "4": {
        "top5_index": [
            1442,
            2570,
            2254,
            2422,
            1014
        ],
        "scores": [
            1.0,
            0.977522075176239,
            -0.9017205834388733,
            0.8623170852661133,
            -0.8517885208129883
        ]
    },
    "5": {
        "top5_index": [
            79,
            1868,
            1932,
            1509,
            699
        ],
        "scores": [
            -1.0,
            -0.6440547704696655,
            -0.6248067617416382,
            -0.6185503602027893,
            -0.6181378364562988
        ]
    },
    "6": {
        "top5_index": [
            684,
            764,
            2503,
            96,
            1235
        ],
        "scores": [
            1.0,
            0.7168771624565125,
            0.5916810035705566,
            0.53397536277771,
            -0.45390719175338745
        ]
    },
    "7": {
        "top5_index": [
            164,
            2547,
            2390,
            115,
            112
        ],
        "scores": [
            1.0,
            -0.7333406805992126,
            -0.6826614737510681,
            0.667909562587738,
            0.622923731803894
        ]
    },
    "8": {
        "top5_index": [
            1794,
            670,
            374,
            936,
            93
        ],
        "scores": [
            -1.0,
            -0.6759037375450134,
            0.6026448607444763,
            -0.600951611995697,
            -0.5997453927993774
        ]
    },
    "9": {
        "top5_index": [
            2382,
            507,
            1043,
            2437,
            904
        ],
        "scores": [
            -1.0,
            -0.9827485084533691,
            0.9269203543663025,
            -0.8842650055885315,
            -0.8752319812774658
        ]
    },
    "10": {
        "top5_index": [
            2761,
            1148,
            1032,
            126,
            749
        ],
        "scores": [
            1.0,
            0.8591594099998474,
            -0.7822661995887756,
            -0.7664710283279419,
            0.7603901624679565
        ]
    },
    "11": {
        "top5_index": [
            2493,
            1225,
            1056,
            2123,
            3062
        ],
        "scores": [
            1.0,
            0.5929200649261475,
            0.5812899470329285,
            -0.5545716881752014,
            0.5473113656044006
        ]
    }
}