{
    "0": {
        "top5_index": [
            259,
            281,
            1,
            366,
            82
        ],
        "scores": [
            1.0,
            0.9604055285453796,
            -0.9161840677261353,
            -0.8914825320243835,
            0.8761305212974548
        ]
    },
    "1": {
        "top5_index": [
            28,
            323,
            428,
            627,
            186
        ],
        "scores": [
            1.0,
            -0.9667362570762634,
            -0.9340619444847107,
            -0.9070178270339966,
            0.8776944279670715
        ]
    },
    "2": {
        "top5_index": [
            366,
            522,
            128,
            107,
            460
        ],
        "scores": [
            -1.0,
            0.9685787558555603,
            0.9418286085128784,
            -0.9020821452140808,
            -0.8604013919830322
        ]
    },
    "3": {
        "top5_index": [
            128,
            522,
            624,
            554,
            326
        ],
        "scores": [
            1.0,
            0.8771364092826843,
            -0.7565786838531494,
            0.7369151711463928,
            0.7319897413253784
        ]
    },
    "4": {
        "top5_index": [
            281,
            100,
            289,
            69,
            76
        ],
        "scores": [
            1.0,
            0.9907118678092957,
            0.9262087941169739,
            -0.8587402105331421,
            0.8454440236091614
        ]
    },
    "5": {
        "top5_index": [
            281,
            289,
            69,
            524,
            163
        ],
        "scores": [
            1.0,
            0.9497390985488892,
            -0.9094839692115784,
            -0.905748188495636,
            -0.8960107564926147
        ]
    },
    "6": {
        "top5_index": [
            314,
            289,
            405,
            163,
            480
        ],
        "scores": [
            1.0,
            0.9915197491645813,
            0.9457176923751831,
            -0.9206922650337219,
            0.919750988483429
        ]
    },
    "7": {
        "top5_index": [
            605,
            134,
            405,
            663,
            38
        ],
        "scores": [
            -1.0,
            -0.9482439756393433,
            0.9032699465751648,
            -0.8936854600906372,
            0.8222641348838806
        ]
    },
    "8": {
        "top5_index": [
            134,
            38,
            605,
            405,
            663
        ],
        "scores": [
            -1.0,
            0.9762800931930542,
            -0.9544223546981812,
            0.925320029258728,
            -0.8995930552482605
        ]
    },
    "9": {
        "top5_index": [
            663,
            414,
            571,
            134,
            88
        ],
        "scores": [
            -1.0,
            -0.9532291889190674,
            -0.9127553105354309,
            -0.8814657926559448,
            -0.8668304085731506
        ]
    },
    "10": {
        "top5_index": [
            605,
            748,
            88,
            414,
            663
        ],
        "scores": [
            -1.0,
            0.8726062774658203,
            -0.8505935668945312,
            -0.8501952886581421,
            -0.8500702977180481
        ]
    },
    "11": {
        "top5_index": [
            605,
            702,
            577,
            169,
            319
        ],
        "scores": [
            -1.0,
            0.9249410629272461,
            -0.8609997034072876,
            0.8334484100341797,
            0.8219586610794067
        ]
    }
}