{
    "0": {
        "top5_index": [
            2581,
            1914,
            2627,
            2112,
            554
        ],
        "scores": [
            1.0,
            0.8370161056518555,
            -0.8203853964805603,
            0.8197677731513977,
            0.7944470643997192
        ]
    },
    "1": {
        "top5_index": [
            1982,
            2563,
            1058,
            7,
            2383
        ],
        "scores": [
            -1.0,
            -0.8933025598526001,
            0.8861720561981201,
            0.8805205821990967,
            -0.8515604138374329
        ]
    },
    "2": {
        "top5_index": [
            1777,
            1536,
            1281,
            125,
            2557
        ],
        "scores": [
            1.0,
            0.9418771266937256,
            -0.8616846799850464,
            -0.8600887060165405,
            0.8568129539489746
        ]
    },
    "3": {
        "top5_index": [
            2791,
            2184,
            604,
            2897,
            1191
        ],
        "scores": [
            -1.0,
            -0.9050306677818298,
            0.862554132938385,
            0.8355591893196106,
            0.8125184774398804
        ]
    },
    "4": {
        "top5_index": [
            3,
            1296,
            2718,
            2220,
            86
        ],
        "scores": [
            -1.0,
            0.9371822476387024,
            -0.894376277923584,
            0.8923007845878601,
            0.8760730028152466
        ]
    },
    "5": {
        "top5_index": [
            803,
            2386,
            2361,
            168,
            74
        ],
        "scores": [
            -1.0,
            0.6762784719467163,
            0.5897889137268066,
            -0.578859269618988,
            -0.57826167345047
        ]
    },
    "6": {
        "top5_index": [
            1443,
            1334,
            1615,
            2154,
            1130
        ],
        "scores": [
            1.0,
            -0.9567434787750244,
            -0.9460322856903076,
            0.8910827040672302,
            -0.8858490586280823
        ]
    },
    "7": {
        "top5_index": [
            1339,
            1562,
            2390,
            3071,
            1825
        ],
        "scores": [
            1.0,
            0.9988251328468323,
            0.8411852121353149,
            0.7906340956687927,
            0.7529559135437012
        ]
    },
    "8": {
        "top5_index": [
            1015,
            1794,
            936,
            1272,
            1830
        ],
        "scores": [
            1.0,
            0.8046879172325134,
            0.7938451766967773,
            -0.672921895980835,
            -0.6578034162521362
        ]
    },
    "9": {
        "top5_index": [
            1390,
            44,
            2250,
            2233,
            1529
        ],
        "scores": [
            -1.0,
            -0.9707726240158081,
            -0.9392011165618896,
            -0.9385727047920227,
            -0.9154622554779053
        ]
    },
    "10": {
        "top5_index": [
            2761,
            2422,
            1148,
            126,
            2678
        ],
        "scores": [
            -1.0,
            0.9145532250404358,
            -0.9040214419364929,
            0.8776361346244812,
            -0.8746834397315979
        ]
    },
    "11": {
        "top5_index": [
            2493,
            853,
            2807,
            1092,
            2123
        ],
        "scores": [
            -1.0,
            -0.638724684715271,
            0.6370844841003418,
            -0.6218989491462708,
            0.611716091632843
        ]
    }
}