{
    "0": {
        "top5_index": [
            51,
            97,
            595,
            517,
            465
        ],
        "scores": [
            1.0,
            -0.7386333346366882,
            0.7240261435508728,
            -0.6613978743553162,
            0.6191812753677368
        ]
    },
    "1": {
        "top5_index": [
            51,
            124,
            94,
            403,
            700
        ],
        "scores": [
            1.0,
            -0.7023168802261353,
            -0.6316747665405273,
            -0.6295732855796814,
            -0.6220648884773254
        ]
    },
    "2": {
        "top5_index": [
            51,
            202,
            64,
            525,
            508
        ],
        "scores": [
            1.0,
            -0.8903844356536865,
            -0.8213943243026733,
            0.8211269974708557,
            0.7639420032501221
        ]
    },
    "3": {
        "top5_index": [
            676,
            202,
            466,
            311,
            69
        ],
        "scores": [
            1.0,
            -0.9952279925346375,
            0.8780350089073181,
            0.8593152761459351,
            0.8285039663314819
        ]
    },
    "4": {
        "top5_index": [
            202,
            311,
            674,
            198,
            69
        ],
        "scores": [
            -1.0,
            0.9877496361732483,
            -0.9384251832962036,
            0.8739781379699707,
            0.8222529292106628
        ]
    },
    "5": {
        "top5_index": [
            202,
            311,
            158,
            679,
            565
        ],
        "scores": [
            -1.0,
            0.9086034297943115,
            0.8112154006958008,
            0.8053326606750488,
            0.7965062856674194
        ]
    },
    "6": {
        "top5_index": [
            69,
            202,
            311,
            124,
            158
        ],
        "scores": [
            1.0,
            -0.9783545136451721,
            0.8786018490791321,
            -0.8370664715766907,
            0.8026285767555237
        ]
    },
    "7": {
        "top5_index": [
            69,
            92,
            311,
            119,
            202
        ],
        "scores": [
            1.0,
            -0.9816603660583496,
            0.9215344786643982,
            0.8827194571495056,
            -0.850193202495575
        ]
    },
    "8": {
        "top5_index": [
            202,
            435,
            24,
            69,
            311
        ],
        "scores": [
            -1.0,
            -0.9979690909385681,
            -0.8918011784553528,
            0.8868007063865662,
            0.8628343939781189
        ]
    },
    "9": {
        "top5_index": [
            287,
            663,
            298,
            202,
            88
        ],
        "scores": [
            1.0,
            0.9326759576797485,
            0.8766350746154785,
            -0.8255612254142761,
            0.8098397254943848
        ]
    },
    "10": {
        "top5_index": [
            88,
            605,
            119,
            311,
            247
        ],
        "scores": [
            1.0,
            0.9275647401809692,
            0.9122927784919739,
            0.8267134428024292,
            0.810395359992981
        ]
    },
    "11": {
        "top5_index": [
            554,
            443,
            605,
            47,
            707
        ],
        "scores": [
            -1.0,
            -0.930433452129364,
            0.9148324131965637,
            0.9135872721672058,
            -0.9021062254905701
        ]
    }
}