{
    "0": {
        "top5_index": [
            51,
            364,
            9,
            377,
            507
        ],
        "scores": [
            -1.0,
            0.9152646064758301,
            -0.716803789138794,
            -0.6301469206809998,
            0.58584064245224
        ]
    },
    "1": {
        "top5_index": [
            51,
            134,
            248,
            364,
            682
        ],
        "scores": [
            -1.0,
            -0.9405843615531921,
            0.8456661105155945,
            0.837283194065094,
            -0.8120887875556946
        ]
    },
    "2": {
        "top5_index": [
            51,
            364,
            508,
            509,
            392
        ],
        "scores": [
            -1.0,
            0.8494148254394531,
            -0.8003819584846497,
            -0.7730075120925903,
            -0.7697696685791016
        ]
    },
    "3": {
        "top5_index": [
            51,
            248,
            236,
            345,
            361
        ],
        "scores": [
            -1.0,
            0.9402734637260437,
            -0.8599690198898315,
            0.8222429752349854,
            -0.8073914647102356
        ]
    },
    "4": {
        "top5_index": [
            722,
            435,
            719,
            51,
            667
        ],
        "scores": [
            -1.0,
            0.9918339252471924,
            0.9748106002807617,
            -0.9658060669898987,
            0.9278582334518433
        ]
    },
    "5": {
        "top5_index": [
            667,
            69,
            645,
            395,
            587
        ],
        "scores": [
            1.0,
            -0.9616905450820923,
            -0.9280369281768799,
            0.9193322062492371,
            0.8832777738571167
        ]
    },
    "6": {
        "top5_index": [
            69,
            645,
            34,
            749,
            72
        ],
        "scores": [
            -1.0,
            -0.7954655885696411,
            0.7635803818702698,
            -0.7586050629615784,
            0.7538089156150818
        ]
    },
    "7": {
        "top5_index": [
            393,
            469,
            134,
            605,
            313
        ],
        "scores": [
            1.0,
            0.8855069279670715,
            -0.8777392506599426,
            -0.8686507940292358,
            0.8224163055419922
        ]
    },
    "8": {
        "top5_index": [
            134,
            238,
            228,
            753,
            24
        ],
        "scores": [
            -1.0,
            0.913854718208313,
            0.8900325298309326,
            -0.7936391234397888,
            0.7777535915374756
        ]
    },
    "9": {
        "top5_index": [
            69,
            663,
            72,
            414,
            685
        ],
        "scores": [
            -1.0,
            -0.963966429233551,
            0.8936494588851929,
            -0.8920721411705017,
            0.8615404963493347
        ]
    },
    "10": {
        "top5_index": [
            605,
            88,
            319,
            663,
            69
        ],
        "scores": [
            -1.0,
            -0.9809413552284241,
            0.8890858292579651,
            -0.8847059607505798,
            -0.8839796185493469
        ]
    },
    "11": {
        "top5_index": [
            605,
            702,
            577,
            169,
            319
        ],
        "scores": [
            -1.0,
            0.9249410629272461,
            -0.8609997630119324,
            0.8334484100341797,
            0.8219586610794067
        ]
    }
}