{
    "0": {
        "top5_index": [
            250,
            2825,
            1070,
            2336,
            2981
        ],
        "scores": [
            1.0,
            0.9633536338806152,
            -0.9535724520683289,
            -0.9265446066856384,
            0.8803790807723999
        ]
    },
    "1": {
        "top5_index": [
            2563,
            2596,
            1510,
            588,
            1778
        ],
        "scores": [
            1.0,
            0.928022027015686,
            0.901486337184906,
            0.806795060634613,
            0.7438937425613403
        ]
    },
    "2": {
        "top5_index": [
            1281,
            2772,
            3017,
            1352,
            637
        ],
        "scores": [
            -1.0,
            -0.9037617444992065,
            -0.8589065074920654,
            -0.8129350543022156,
            -0.8051539659500122
        ]
    },
    "3": {
        "top5_index": [
            2433,
            1364,
            2119,
            2324,
            535
        ],
        "scores": [
            1.0,
            0.9351149797439575,
            -0.8620569109916687,
            -0.8487206101417542,
            -0.7854185104370117
        ]
    },
    "4": {
        "top5_index": [
            2511,
            2570,
            117,
            1809,
            367
        ],
        "scores": [
            -1.0,
            0.9020199179649353,
            -0.8981949687004089,
            0.8967903852462769,
            -0.8805065751075745
        ]
    },
    "5": {
        "top5_index": [
            1392,
            79,
            2882,
            803,
            1953
        ],
        "scores": [
            -1.0,
            -0.9857172966003418,
            0.9176035523414612,
            0.896219789981842,
            0.8555785417556763
        ]
    },
    "6": {
        "top5_index": [
            684,
            764,
            1142,
            2503,
            1235
        ],
        "scores": [
            1.0,
            0.6841805577278137,
            0.5992223024368286,
            0.5616507530212402,
            -0.5349534153938293
        ]
    },
    "7": {
        "top5_index": [
            2390,
            115,
            164,
            1069,
            3071
        ],
        "scores": [
            -1.0,
            0.8000234365463257,
            0.6180456280708313,
            -0.6060138940811157,
            -0.5911172032356262
        ]
    },
    "8": {
        "top5_index": [
            1794,
            670,
            936,
            374,
            1493
        ],
        "scores": [
            -1.0,
            -0.8046566247940063,
            -0.7413625121116638,
            0.559017539024353,
            -0.5568070411682129
        ]
    },
    "9": {
        "top5_index": [
            1043,
            47,
            28,
            107,
            484
        ],
        "scores": [
            1.0,
            0.786970853805542,
            -0.7700015306472778,
            -0.7384791374206543,
            -0.7239009141921997
        ]
    },
    "10": {
        "top5_index": [
            2761,
            1032,
            749,
            126,
            2872
        ],
        "scores": [
            1.0,
            -0.8977094292640686,
            0.8650386333465576,
            -0.7685391306877136,
            0.7646462917327881
        ]
    },
    "11": {
        "top5_index": [
            2493,
            1225,
            1056,
            2123,
            3062
        ],
        "scores": [
            1.0,
            0.5929198861122131,
            0.5812896490097046,
            -0.5545716881752014,
            0.5473113059997559
        ]
    }
}