{
    "0": {
        "top5_index": [
            516,
            1452,
            1980,
            109,
            1947
        ],
        "scores": [
            1.0,
            -0.8907576203346252,
            -0.8410192131996155,
            -0.8332208395004272,
            -0.8178823590278625
        ]
    },
    "1": {
        "top5_index": [
            1435,
            1978,
            3049,
            1235,
            431
        ],
        "scores": [
            1.0,
            0.9116487503051758,
            -0.8653145432472229,
            0.8546777367591858,
            -0.8422189354896545
        ]
    },
    "2": {
        "top5_index": [
            1916,
            1685,
            1144,
            1258,
            1084
        ],
        "scores": [
            1.0,
            0.9979089498519897,
            0.9900708198547363,
            0.93897944688797,
            0.9173310995101929
        ]
    },
    "3": {
        "top5_index": [
            68,
            1531,
            824,
            1470,
            2660
        ],
        "scores": [
            -1.0,
            -0.9732598066329956,
            -0.897506594657898,
            -0.7653693556785583,
            -0.7053602337837219
        ]
    },
    "4": {
        "top5_index": [
            240,
            2606,
            207,
            1417,
            1180
        ],
        "scores": [
            1.0,
            -0.9239777326583862,
            0.9112196564674377,
            0.81010502576828,
            -0.807426393032074
        ]
    },
    "5": {
        "top5_index": [
            803,
            2249,
            1510,
            435,
            1687
        ],
        "scores": [
            -1.0,
            0.8571861982345581,
            0.7594026327133179,
            0.7551410794258118,
            0.7459881901741028
        ]
    },
    "6": {
        "top5_index": [
            1580,
            1321,
            954,
            2418,
            3009
        ],
        "scores": [
            1.0,
            0.9921957850456238,
            0.98099285364151,
            -0.9062904119491577,
            0.8597487807273865
        ]
    },
    "7": {
        "top5_index": [
            2547,
            1562,
            687,
            1339,
            238
        ],
        "scores": [
            1.0,
            0.9142606258392334,
            0.799570620059967,
            0.7724391222000122,
            0.6834527254104614
        ]
    },
    "8": {
        "top5_index": [
            1794,
            1509,
            1015,
            1709,
            654
        ],
        "scores": [
            1.0,
            -0.8901910781860352,
            0.6987088918685913,
            0.6760741472244263,
            -0.6730822920799255
        ]
    },
    "9": {
        "top5_index": [
            1043,
            2628,
            1197,
            2250,
            1529
        ],
        "scores": [
            -1.0,
            0.8534915447235107,
            -0.8456814289093018,
            -0.8226449489593506,
            -0.7889595031738281
        ]
    },
    "10": {
        "top5_index": [
            2761,
            1148,
            2678,
            2422,
            749
        ],
        "scores": [
            -1.0,
            -0.9002605080604553,
            -0.8990198969841003,
            0.8610273003578186,
            -0.8381492495536804
        ]
    },
    "11": {
        "top5_index": [
            2493,
            853,
            2807,
            1092,
            2123
        ],
        "scores": [
            -1.0,
            -0.6387247443199158,
            0.6370847821235657,
            -0.621898889541626,
            0.6117161512374878
        ]
    }
}