{
    "0": {
        "top5_index": [
            1,
            210,
            503,
            259,
            299
        ],
        "scores": [
            -1.0,
            0.6777963638305664,
            0.6508098840713501,
            0.6324288249015808,
            -0.6283305287361145
        ]
    },
    "1": {
        "top5_index": [
            138,
            596,
            581,
            458,
            358
        ],
        "scores": [
            -1.0,
            -0.9478161334991455,
            -0.9414047002792358,
            0.9334579110145569,
            -0.9096782207489014
        ]
    },
    "2": {
        "top5_index": [
            211,
            223,
            436,
            716,
            446
        ],
        "scores": [
            -1.0,
            -0.9416001439094543,
            0.868536651134491,
            -0.841037392616272,
            -0.8363600373268127
        ]
    },
    "3": {
        "top5_index": [
            211,
            120,
            181,
            747,
            223
        ],
        "scores": [
            -1.0,
            0.9737159609794617,
            -0.9235702157020569,
            0.9024735689163208,
            -0.8893741369247437
        ]
    },
    "4": {
        "top5_index": [
            539,
            406,
            23,
            211,
            446
        ],
        "scores": [
            1.0,
            -0.98515385389328,
            0.9525516629219055,
            -0.9116986393928528,
            -0.8927897810935974
        ]
    },
    "5": {
        "top5_index": [
            173,
            212,
            211,
            703,
            474
        ],
        "scores": [
            -1.0,
            0.8353589177131653,
            -0.7810196876525879,
            -0.7776097655296326,
            0.7586113810539246
        ]
    },
    "6": {
        "top5_index": [
            173,
            587,
            23,
            211,
            764
        ],
        "scores": [
            -1.0,
            -0.9830518364906311,
            0.9529975652694702,
            -0.9382742047309875,
            -0.8763334155082703
        ]
    },
    "7": {
        "top5_index": [
            50,
            173,
            283,
            119,
            23
        ],
        "scores": [
            1.0,
            -0.8982025980949402,
            -0.8803833723068237,
            0.8506814241409302,
            0.8064534664154053
        ]
    },
    "8": {
        "top5_index": [
            605,
            539,
            587,
            298,
            667
        ],
        "scores": [
            1.0,
            0.8952171206474304,
            -0.8945198655128479,
            0.8676522970199585,
            -0.860522449016571
        ]
    },
    "9": {
        "top5_index": [
            663,
            88,
            605,
            298,
            313
        ],
        "scores": [
            1.0,
            0.9659143090248108,
            0.942480742931366,
            0.9183605313301086,
            -0.9051255583763123
        ]
    },
    "10": {
        "top5_index": [
            88,
            605,
            313,
            554,
            247
        ],
        "scores": [
            1.0,
            0.9943355917930603,
            -0.932746410369873,
            -0.8882673978805542,
            0.8809740543365479
        ]
    },
    "11": {
        "top5_index": [
            554,
            443,
            605,
            47,
            707
        ],
        "scores": [
            -1.0,
            -0.930433452129364,
            0.914832353591919,
            0.9135873913764954,
            -0.9021062254905701
        ]
    }
}