{
    "0": {
        "top5_index": [
            151,
            755,
            596,
            449,
            512
        ],
        "scores": [
            -1.0,
            -0.8283174633979797,
            -0.7257562279701233,
            -0.7178599834442139,
            -0.7002825736999512
        ]
    },
    "1": {
        "top5_index": [
            428,
            211,
            532,
            323,
            554
        ],
        "scores": [
            -1.0,
            -0.9171186089515686,
            -0.9111667275428772,
            -0.900448739528656,
            -0.8688210844993591
        ]
    },
    "2": {
        "top5_index": [
            554,
            512,
            508,
            211,
            138
        ],
        "scores": [
            -1.0,
            -0.9830995202064514,
            0.9357017874717712,
            -0.9086433053016663,
            -0.8882849812507629
        ]
    },
    "3": {
        "top5_index": [
            181,
            765,
            211,
            508,
            581
        ],
        "scores": [
            -1.0,
            -0.9918514490127563,
            -0.935867965221405,
            0.9298336505889893,
            -0.9189949631690979
        ]
    },
    "4": {
        "top5_index": [
            490,
            746,
            76,
            211,
            512
        ],
        "scores": [
            1.0,
            -0.9940033555030823,
            0.9717657566070557,
            -0.9303348064422607,
            -0.9262079000473022
        ]
    },
    "5": {
        "top5_index": [
            609,
            565,
            379,
            395,
            181
        ],
        "scores": [
            1.0,
            0.9582304954528809,
            0.9577524065971375,
            -0.8818725943565369,
            -0.8516757488250732
        ]
    },
    "6": {
        "top5_index": [
            508,
            181,
            609,
            379,
            587
        ],
        "scores": [
            1.0,
            -0.9201306700706482,
            0.9172909259796143,
            0.9078620672225952,
            -0.8933692574501038
        ]
    },
    "7": {
        "top5_index": [
            311,
            119,
            160,
            69,
            218
        ],
        "scores": [
            1.0,
            0.916414201259613,
            -0.9001683592796326,
            0.8483519554138184,
            0.8405629992485046
        ]
    },
    "8": {
        "top5_index": [
            232,
            587,
            311,
            547,
            454
        ],
        "scores": [
            1.0,
            -0.979986846446991,
            0.9388527274131775,
            -0.9322254061698914,
            -0.906748354434967
        ]
    },
    "9": {
        "top5_index": [
            298,
            313,
            663,
            232,
            490
        ],
        "scores": [
            1.0,
            -0.9948328733444214,
            0.9561857581138611,
            0.9296698570251465,
            0.9233731031417847
        ]
    },
    "10": {
        "top5_index": [
            88,
            119,
            605,
            313,
            663
        ],
        "scores": [
            1.0,
            0.9381777048110962,
            0.9301040172576904,
            -0.9154772758483887,
            0.8742244839668274
        ]
    },
    "11": {
        "top5_index": [
            554,
            443,
            605,
            47,
            707
        ],
        "scores": [
            -1.0,
            -0.930433452129364,
            0.914832353591919,
            0.9135873317718506,
            -0.9021062254905701
        ]
    }
}