{
    "0": {
        "top5_index": [
            2581,
            1463,
            250,
            2825,
            1914
        ],
        "scores": [
            -1.0,
            0.9940133094787598,
            -0.9808055758476257,
            -0.8791243433952332,
            -0.7817001938819885
        ]
    },
    "1": {
        "top5_index": [
            1061,
            1475,
            1158,
            831,
            2355
        ],
        "scores": [
            -1.0,
            -0.9621700644493103,
            -0.950297474861145,
            -0.8840845823287964,
            0.8408437371253967
        ]
    },
    "2": {
        "top5_index": [
            2703,
            1777,
            121,
            3012,
            2316
        ],
        "scores": [
            -1.0,
            0.9500123858451843,
            -0.9492823481559753,
            0.9053918123245239,
            -0.850956916809082
        ]
    },
    "3": {
        "top5_index": [
            68,
            1531,
            824,
            2660,
            1470
        ],
        "scores": [
            -1.0,
            -0.9213534593582153,
            -0.8755727410316467,
            -0.7784093618392944,
            -0.7241378426551819
        ]
    },
    "4": {
        "top5_index": [
            191,
            2140,
            2422,
            1417,
            1144
        ],
        "scores": [
            -1.0,
            0.876951277256012,
            0.857002854347229,
            0.8395036458969116,
            0.8381043672561646
        ]
    },
    "5": {
        "top5_index": [
            803,
            83,
            1914,
            1417,
            1094
        ],
        "scores": [
            -1.0,
            -0.6166788339614868,
            0.5979768633842468,
            0.5926933884620667,
            0.5874755382537842
        ]
    },
    "6": {
        "top5_index": [
            2719,
            1443,
            278,
            1615,
            1142
        ],
        "scores": [
            1.0,
            0.9997345805168152,
            0.9591987729072571,
            -0.9293309450149536,
            -0.9291955232620239
        ]
    },
    "7": {
        "top5_index": [
            1562,
            2547,
            1339,
            687,
            1825
        ],
        "scores": [
            1.0,
            0.9346799850463867,
            0.809536874294281,
            0.6574706435203552,
            0.645198404788971
        ]
    },
    "8": {
        "top5_index": [
            1794,
            1509,
            1015,
            936,
            1272
        ],
        "scores": [
            1.0,
            -0.8421876430511475,
            0.7272799015045166,
            0.703186571598053,
            -0.6992565989494324
        ]
    },
    "9": {
        "top5_index": [
            1043,
            1436,
            1197,
            44,
            1144
        ],
        "scores": [
            -1.0,
            -0.8662734627723694,
            -0.8075361251831055,
            -0.7212491631507874,
            -0.697010338306427
        ]
    },
    "10": {
        "top5_index": [
            1148,
            303,
            2678,
            2761,
            126
        ],
        "scores": [
            -1.0,
            -0.9842780232429504,
            -0.9841388463973999,
            -0.9777025580406189,
            0.8774129152297974
        ]
    },
    "11": {
        "top5_index": [
            2493,
            853,
            2807,
            1092,
            2123
        ],
        "scores": [
            -1.0,
            -0.6387246251106262,
            0.6370845437049866,
            -0.6218989491462708,
            0.611716091632843
        ]
    }
}