{
    "0": {
        "top5_index": [
            95,
            1452,
            1947,
            1610,
            2910
        ],
        "scores": [
            -1.0,
            0.9562808275222778,
            0.7416906952857971,
            0.7002241015434265,
            0.6881798505783081
        ]
    },
    "1": {
        "top5_index": [
            1909,
            1982,
            2538,
            806,
            2992
        ],
        "scores": [
            1.0,
            0.8991127014160156,
            0.8947601318359375,
            -0.8440979719161987,
            -0.8381921648979187
        ]
    },
    "2": {
        "top5_index": [
            1777,
            891,
            1014,
            1264,
            2703
        ],
        "scores": [
            -1.0,
            -0.8089786171913147,
            -0.686474621295929,
            -0.6524288058280945,
            0.571856677532196
        ]
    },
    "3": {
        "top5_index": [
            2331,
            68,
            1531,
            824,
            1451
        ],
        "scores": [
            -1.0,
            0.9224489331245422,
            0.8949812650680542,
            0.8783988952636719,
            -0.7558981776237488
        ]
    },
    "4": {
        "top5_index": [
            1660,
            117,
            1014,
            1452,
            3054
        ],
        "scores": [
            1.0,
            -0.9905176758766174,
            -0.9871304631233215,
            -0.9353182911872864,
            -0.9213449358940125
        ]
    },
    "5": {
        "top5_index": [
            79,
            951,
            1376,
            1953,
            2068
        ],
        "scores": [
            -1.0,
            -0.8601498603820801,
            -0.8377544283866882,
            0.8220627903938293,
            -0.8071801066398621
        ]
    },
    "6": {
        "top5_index": [
            684,
            2503,
            1235,
            1555,
            96
        ],
        "scores": [
            1.0,
            0.6901959776878357,
            -0.6736890077590942,
            -0.5600771307945251,
            0.5250595211982727
        ]
    },
    "7": {
        "top5_index": [
            2547,
            2390,
            164,
            501,
            115
        ],
        "scores": [
            -1.0,
            -0.9941471815109253,
            0.7132270336151123,
            -0.7086669206619263,
            0.7034133076667786
        ]
    },
    "8": {
        "top5_index": [
            936,
            1794,
            670,
            2833,
            1493
        ],
        "scores": [
            -1.0,
            -0.9037919640541077,
            -0.7909529805183411,
            -0.5851735472679138,
            -0.5570643544197083
        ]
    },
    "9": {
        "top5_index": [
            1043,
            2705,
            107,
            3041,
            1436
        ],
        "scores": [
            1.0,
            0.8416091799736023,
            -0.7881340980529785,
            0.7566815614700317,
            0.7454800605773926
        ]
    },
    "10": {
        "top5_index": [
            2761,
            1148,
            126,
            1041,
            2882
        ],
        "scores": [
            1.0,
            0.8791870474815369,
            -0.7590839862823486,
            0.7567583322525024,
            0.7294584512710571
        ]
    },
    "11": {
        "top5_index": [
            2493,
            1225,
            1056,
            2123,
            3062
        ],
        "scores": [
            1.0,
            0.5929201245307922,
            0.5812897086143494,
            -0.5545718669891357,
            0.5473114848136902
        ]
    }
}