{
    "0": {
        "top5_index": [
            357,
            508,
            156,
            259,
            364
        ],
        "scores": [
            1.0,
            -0.9390338063240051,
            0.8588277101516724,
            -0.809233546257019,
            0.7548183798789978
        ]
    },
    "1": {
        "top5_index": [
            233,
            524,
            515,
            581,
            51
        ],
        "scores": [
            1.0,
            -0.975965678691864,
            0.8560001254081726,
            0.8542036414146423,
            -0.8503209948539734
        ]
    },
    "2": {
        "top5_index": [
            88,
            14,
            585,
            524,
            628
        ],
        "scores": [
            -1.0,
            0.7524084448814392,
            0.7261291146278381,
            -0.6908536553382874,
            -0.6679985523223877
        ]
    },
    "3": {
        "top5_index": [
            361,
            190,
            128,
            79,
            119
        ],
        "scores": [
            -1.0,
            0.986644983291626,
            0.8933007717132568,
            -0.8228575587272644,
            -0.8059149384498596
        ]
    },
    "4": {
        "top5_index": [
            23,
            361,
            705,
            69,
            134
        ],
        "scores": [
            -1.0,
            -0.9804360866546631,
            0.9358555674552917,
            -0.8569570183753967,
            -0.825820803642273
        ]
    },
    "5": {
        "top5_index": [
            395,
            705,
            75,
            524,
            69
        ],
        "scores": [
            1.0,
            0.9789141416549683,
            -0.8804760575294495,
            -0.8618944883346558,
            -0.8359065055847168
        ]
    },
    "6": {
        "top5_index": [
            134,
            314,
            667,
            395,
            705
        ],
        "scores": [
            -1.0,
            0.9655687808990479,
            0.862352728843689,
            0.8353046178817749,
            0.8058913946151733
        ]
    },
    "7": {
        "top5_index": [
            134,
            663,
            605,
            693,
            740
        ],
        "scores": [
            -1.0,
            -0.950869083404541,
            -0.8212850689888,
            0.8177458047866821,
            0.8033028841018677
        ]
    },
    "8": {
        "top5_index": [
            134,
            539,
            663,
            548,
            88
        ],
        "scores": [
            -1.0,
            -0.8352429866790771,
            -0.8216571807861328,
            0.8114370107650757,
            -0.7919979095458984
        ]
    },
    "9": {
        "top5_index": [
            663,
            605,
            134,
            287,
            414
        ],
        "scores": [
            -1.0,
            -0.9108527898788452,
            -0.9052833318710327,
            -0.7944968938827515,
            -0.7827485799789429
        ]
    },
    "10": {
        "top5_index": [
            605,
            88,
            319,
            414,
            663
        ],
        "scores": [
            -1.0,
            -0.8370782136917114,
            0.7613269090652466,
            -0.7607067823410034,
            -0.7466474175453186
        ]
    },
    "11": {
        "top5_index": [
            605,
            702,
            577,
            169,
            319
        ],
        "scores": [
            -1.0,
            0.9249410629272461,
            -0.8609997630119324,
            0.8334484100341797,
            0.8219586610794067
        ]
    }
}