{
    "0": {
        "top5_index": [
            792,
            2255,
            545,
            2581,
            2196
        ],
        "scores": [
            -1.0,
            -0.9792236089706421,
            -0.949323296546936,
            -0.9166036248207092,
            0.8991563320159912
        ]
    },
    "1": {
        "top5_index": [
            1778,
            1982,
            806,
            588,
            2383
        ],
        "scores": [
            1.0,
            0.9533762335777283,
            -0.812629222869873,
            0.8055240511894226,
            0.7861775159835815
        ]
    },
    "2": {
        "top5_index": [
            1777,
            2382,
            2038,
            2951,
            1405
        ],
        "scores": [
            -1.0,
            -0.9582609534263611,
            0.816601574420929,
            0.8098456263542175,
            -0.782565176486969
        ]
    },
    "3": {
        "top5_index": [
            2899,
            726,
            1770,
            1817,
            1511
        ],
        "scores": [
            -1.0,
            -0.7429845929145813,
            -0.7336323261260986,
            -0.6733566522598267,
            -0.6669232249259949
        ]
    },
    "4": {
        "top5_index": [
            207,
            240,
            3054,
            117,
            1574
        ],
        "scores": [
            -1.0,
            -0.9411020874977112,
            -0.8302238583564758,
            -0.775475025177002,
            -0.7526777386665344
        ]
    },
    "5": {
        "top5_index": [
            79,
            853,
            1376,
            496,
            123
        ],
        "scores": [
            -1.0,
            0.9652068614959717,
            -0.8033061623573303,
            0.7400433421134949,
            0.7119477987289429
        ]
    },
    "6": {
        "top5_index": [
            684,
            3009,
            2896,
            664,
            2503
        ],
        "scores": [
            1.0,
            -0.67000812292099,
            0.6488941311836243,
            0.6332041025161743,
            0.6083576679229736
        ]
    },
    "7": {
        "top5_index": [
            2390,
            2547,
            164,
            2765,
            1339
        ],
        "scores": [
            -1.0,
            -0.7782310843467712,
            0.6398345828056335,
            0.63823002576828,
            -0.5598320364952087
        ]
    },
    "8": {
        "top5_index": [
            1794,
            936,
            670,
            1015,
            1493
        ],
        "scores": [
            -1.0,
            -0.7793402075767517,
            -0.7728153467178345,
            -0.6619732975959778,
            -0.588051438331604
        ]
    },
    "9": {
        "top5_index": [
            1043,
            107,
            1436,
            1679,
            2805
        ],
        "scores": [
            1.0,
            -0.7455645203590393,
            0.7283347845077515,
            0.6793489456176758,
            -0.6341171264648438
        ]
    },
    "10": {
        "top5_index": [
            2761,
            1041,
            1148,
            2225,
            100
        ],
        "scores": [
            1.0,
            0.915418267250061,
            0.8863471746444702,
            -0.8535040020942688,
            0.8505712747573853
        ]
    },
    "11": {
        "top5_index": [
            2493,
            1225,
            1056,
            2123,
            3062
        ],
        "scores": [
            1.0,
            0.5929197072982788,
            0.5812894105911255,
            -0.554571270942688,
            0.5473110675811768
        ]
    }
}