{
    "0": {
        "top5_index": [
            377,
            690,
            364,
            508,
            524
        ],
        "scores": [
            -1.0,
            0.9315046668052673,
            0.9057065844535828,
            -0.9010285139083862,
            -0.8075470328330994
        ]
    },
    "1": {
        "top5_index": [
            524,
            92,
            505,
            452,
            678
        ],
        "scores": [
            -1.0,
            0.9588651061058044,
            0.9530078172683716,
            -0.9146919250488281,
            0.8378685712814331
        ]
    },
    "2": {
        "top5_index": [
            88,
            508,
            524,
            327,
            603
        ],
        "scores": [
            -1.0,
            -0.7957210540771484,
            -0.7557686567306519,
            -0.7166360020637512,
            -0.6636653542518616
        ]
    },
    "3": {
        "top5_index": [
            653,
            487,
            128,
            505,
            470
        ],
        "scores": [
            1.0,
            0.9822019934654236,
            0.9105654954910278,
            0.9037830233573914,
            0.8160021305084229
        ]
    },
    "4": {
        "top5_index": [
            645,
            667,
            248,
            354,
            587
        ],
        "scores": [
            -1.0,
            0.9992474317550659,
            0.9954363703727722,
            0.9646568298339844,
            0.9608189463615417
        ]
    },
    "5": {
        "top5_index": [
            57,
            524,
            311,
            653,
            645
        ],
        "scores": [
            1.0,
            -0.8209296464920044,
            -0.799848198890686,
            0.785855770111084,
            -0.7795069813728333
        ]
    },
    "6": {
        "top5_index": [
            57,
            314,
            24,
            587,
            605
        ],
        "scores": [
            1.0,
            0.8926928043365479,
            0.7492687106132507,
            0.7467952966690063,
            -0.7385597825050354
        ]
    },
    "7": {
        "top5_index": [
            605,
            587,
            395,
            24,
            196
        ],
        "scores": [
            -1.0,
            0.9028753638267517,
            0.9006097316741943,
            0.8862371444702148,
            -0.8745744228363037
        ]
    },
    "8": {
        "top5_index": [
            414,
            605,
            398,
            24,
            748
        ],
        "scores": [
            -1.0,
            -0.9518017172813416,
            -0.888994038105011,
            0.8635448217391968,
            0.8007912039756775
        ]
    },
    "9": {
        "top5_index": [
            605,
            414,
            663,
            72,
            287
        ],
        "scores": [
            -1.0,
            -0.993196427822113,
            -0.9540215730667114,
            0.8945990204811096,
            -0.7978417277336121
        ]
    },
    "10": {
        "top5_index": [
            605,
            414,
            748,
            393,
            88
        ],
        "scores": [
            -1.0,
            -0.8134469389915466,
            0.7638301849365234,
            0.7014697194099426,
            -0.6505981683731079
        ]
    },
    "11": {
        "top5_index": [
            605,
            702,
            577,
            169,
            319
        ],
        "scores": [
            -1.0,
            0.9249410629272461,
            -0.8609996438026428,
            0.8334484100341797,
            0.8219586610794067
        ]
    }
}