{
    "0": {
        "top5_index": [
            82,
            259,
            281,
            357,
            554
        ],
        "scores": [
            1.0,
            0.8205403685569763,
            0.7937132716178894,
            -0.6022384762763977,
            -0.5536871552467346
        ]
    },
    "1": {
        "top5_index": [
            106,
            740,
            283,
            447,
            425
        ],
        "scores": [
            1.0,
            0.9541196227073669,
            -0.9143964052200317,
            -0.908945620059967,
            -0.9039785265922546
        ]
    },
    "2": {
        "top5_index": [
            165,
            110,
            386,
            97,
            304
        ],
        "scores": [
            -1.0,
            0.9873595237731934,
            -0.9597455263137817,
            0.8685641288757324,
            -0.8588327169418335
        ]
    },
    "3": {
        "top5_index": [
            392,
            414,
            190,
            128,
            345
        ],
        "scores": [
            -1.0,
            -0.9460633993148804,
            0.8524184226989746,
            0.8497726917266846,
            0.8368237614631653
        ]
    },
    "4": {
        "top5_index": [
            100,
            435,
            605,
            398,
            530
        ],
        "scores": [
            1.0,
            0.8559608459472656,
            -0.8100218176841736,
            -0.7732765078544617,
            -0.7381391525268555
        ]
    },
    "5": {
        "top5_index": [
            100,
            605,
            193,
            5,
            414
        ],
        "scores": [
            1.0,
            -0.9382646679878235,
            -0.9294823408126831,
            -0.8717890381813049,
            -0.8656513094902039
        ]
    },
    "6": {
        "top5_index": [
            193,
            605,
            314,
            97,
            70
        ],
        "scores": [
            -1.0,
            -0.887697160243988,
            0.8845033049583435,
            0.8362274765968323,
            0.802881121635437
        ]
    },
    "7": {
        "top5_index": [
            469,
            605,
            97,
            740,
            663
        ],
        "scores": [
            1.0,
            -0.9538742303848267,
            0.8133615851402283,
            0.7755072116851807,
            -0.7537033557891846
        ]
    },
    "8": {
        "top5_index": [
            97,
            38,
            134,
            753,
            253
        ],
        "scores": [
            1.0,
            0.9006680846214294,
            -0.8153389692306519,
            -0.7807315587997437,
            -0.707091212272644
        ]
    },
    "9": {
        "top5_index": [
            45,
            663,
            414,
            134,
            238
        ],
        "scores": [
            1.0,
            -0.9620471596717834,
            -0.9509420990943909,
            -0.9402555823326111,
            0.9296998381614685
        ]
    },
    "10": {
        "top5_index": [
            605,
            414,
            334,
            393,
            72
        ],
        "scores": [
            -1.0,
            -0.8550769090652466,
            -0.7945215106010437,
            0.7796210646629333,
            0.7767019271850586
        ]
    },
    "11": {
        "top5_index": [
            605,
            702,
            577,
            169,
            319
        ],
        "scores": [
            -1.0,
            0.9249410033226013,
            -0.8609997034072876,
            0.8334484100341797,
            0.8219586610794067
        ]
    }
}