{
    "0": {
        "top5_index": [
            2581,
            612,
            1914,
            2912,
            2995
        ],
        "scores": [
            -1.0,
            0.9453107118606567,
            -0.9160100817680359,
            0.7760266065597534,
            0.7090463042259216
        ]
    },
    "1": {
        "top5_index": [
            2054,
            2442,
            2220,
            1793,
            379
        ],
        "scores": [
            1.0,
            0.9838827848434448,
            0.7989395260810852,
            -0.7887589931488037,
            0.7157076597213745
        ]
    },
    "2": {
        "top5_index": [
            637,
            666,
            2897,
            3017,
            1258
        ],
        "scores": [
            -1.0,
            -0.9977512955665588,
            -0.9183488488197327,
            -0.9153757691383362,
            0.9071081876754761
        ]
    },
    "3": {
        "top5_index": [
            1531,
            68,
            824,
            2660,
            2287
        ],
        "scores": [
            -1.0,
            -0.9132496118545532,
            -0.8319146633148193,
            -0.798939049243927,
            -0.7520167827606201
        ]
    },
    "4": {
        "top5_index": [
            2988,
            117,
            863,
            3,
            2187
        ],
        "scores": [
            -1.0,
            -0.9277743101119995,
            -0.8888943195343018,
            0.879233717918396,
            0.8587841987609863
        ]
    },
    "5": {
        "top5_index": [
            79,
            1953,
            2882,
            615,
            518
        ],
        "scores": [
            -1.0,
            0.8879140019416809,
            0.842354953289032,
            -0.8223519325256348,
            -0.7332503199577332
        ]
    },
    "6": {
        "top5_index": [
            684,
            1235,
            96,
            2503,
            565
        ],
        "scores": [
            1.0,
            -0.6111901998519897,
            0.6100413203239441,
            0.5575172901153564,
            -0.5568706393241882
        ]
    },
    "7": {
        "top5_index": [
            164,
            2100,
            1069,
            1188,
            859
        ],
        "scores": [
            1.0,
            -0.9929420351982117,
            -0.967764139175415,
            0.8420388102531433,
            -0.8373079895973206
        ]
    },
    "8": {
        "top5_index": [
            1794,
            2122,
            2833,
            691,
            654
        ],
        "scores": [
            -1.0,
            0.8256227970123291,
            -0.7989097237586975,
            -0.6854255199432373,
            0.6517849564552307
        ]
    },
    "9": {
        "top5_index": [
            335,
            904,
            2805,
            1679,
            2173
        ],
        "scores": [
            -1.0,
            -0.9457606077194214,
            -0.8793383836746216,
            0.8478725552558899,
            0.8146510124206543
        ]
    },
    "10": {
        "top5_index": [
            2761,
            749,
            126,
            1032,
            1148
        ],
        "scores": [
            1.0,
            0.9366851449012756,
            -0.880222499370575,
            -0.8570778369903564,
            0.8028228878974915
        ]
    },
    "11": {
        "top5_index": [
            2493,
            1225,
            1056,
            2123,
            3062
        ],
        "scores": [
            1.0,
            0.5929198861122131,
            0.5812896490097046,
            -0.554571807384491,
            0.5473114252090454
        ]
    }
}