{
    "0": {
        "top5_index": [
            755,
            247,
            595,
            335,
            554
        ],
        "scores": [
            -1.0,
            -0.8204100131988525,
            0.7985173463821411,
            0.7657541632652283,
            -0.7514546513557434
        ]
    },
    "1": {
        "top5_index": [
            51,
            181,
            381,
            97,
            449
        ],
        "scores": [
            1.0,
            -0.8496041893959045,
            0.8477088809013367,
            -0.7848042845726013,
            -0.759040117263794
        ]
    },
    "2": {
        "top5_index": [
            211,
            181,
            138,
            280,
            51
        ],
        "scores": [
            -1.0,
            -0.9898083209991455,
            -0.9522671103477478,
            0.8934565782546997,
            0.8842723369598389
        ]
    },
    "3": {
        "top5_index": [
            181,
            111,
            483,
            311,
            629
        ],
        "scores": [
            -1.0,
            -0.8906577825546265,
            -0.8863732218742371,
            0.873990535736084,
            0.8518151044845581
        ]
    },
    "4": {
        "top5_index": [
            111,
            393,
            181,
            539,
            311
        ],
        "scores": [
            -1.0,
            -0.9693759083747864,
            -0.9068554639816284,
            0.8985442519187927,
            0.8791963458061218
        ]
    },
    "5": {
        "top5_index": [
            609,
            181,
            173,
            520,
            565
        ],
        "scores": [
            1.0,
            -0.9937716126441956,
            -0.9492422938346863,
            -0.9343519806861877,
            0.8487858772277832
        ]
    },
    "6": {
        "top5_index": [
            587,
            20,
            520,
            311,
            51
        ],
        "scores": [
            -1.0,
            -0.9949080348014832,
            -0.9934961199760437,
            0.9878399968147278,
            0.959071695804596
        ]
    },
    "7": {
        "top5_index": [
            119,
            667,
            674,
            311,
            475
        ],
        "scores": [
            1.0,
            -0.8250137567520142,
            -0.8200450539588928,
            0.8014469742774963,
            0.752869725227356
        ]
    },
    "8": {
        "top5_index": [
            119,
            298,
            311,
            287,
            454
        ],
        "scores": [
            1.0,
            0.9622867703437805,
            0.9300054311752319,
            0.9186136722564697,
            -0.9176670908927917
        ]
    },
    "9": {
        "top5_index": [
            298,
            663,
            88,
            287,
            202
        ],
        "scores": [
            1.0,
            0.983286440372467,
            0.8897971510887146,
            0.8768669962882996,
            -0.8061662316322327
        ]
    },
    "10": {
        "top5_index": [
            88,
            605,
            313,
            119,
            311
        ],
        "scores": [
            1.0,
            0.9827081561088562,
            -0.9506692290306091,
            0.9287367463111877,
            0.9281380772590637
        ]
    },
    "11": {
        "top5_index": [
            554,
            443,
            605,
            47,
            707
        ],
        "scores": [
            -1.0,
            -0.9304335117340088,
            0.9148324131965637,
            0.9135873317718506,
            -0.9021062254905701
        ]
    }
}