{
    "0": {
        "top5_index": [
            915,
            2581,
            1463,
            1704,
            1914
        ],
        "scores": [
            -1.0,
            -0.8815109133720398,
            0.8392844200134277,
            0.7093476057052612,
            -0.7015352249145508
        ]
    },
    "1": {
        "top5_index": [
            2054,
            2442,
            1314,
            2220,
            2924
        ],
        "scores": [
            1.0,
            0.8630865812301636,
            -0.8322152495384216,
            0.8210474848747253,
            -0.7773162722587585
        ]
    },
    "2": {
        "top5_index": [
            2037,
            2386,
            2703,
            1916,
            121
        ],
        "scores": [
            1.0,
            0.8437106013298035,
            -0.8137949109077454,
            0.7789808511734009,
            -0.7766596674919128
        ]
    },
    "3": {
        "top5_index": [
            68,
            1531,
            824,
            2660,
            1470
        ],
        "scores": [
            -1.0,
            -0.9824906587600708,
            -0.9062265753746033,
            -0.8380016088485718,
            -0.7808597087860107
        ]
    },
    "4": {
        "top5_index": [
            2422,
            1030,
            2606,
            1417,
            237
        ],
        "scores": [
            1.0,
            -0.7683585286140442,
            -0.7148519158363342,
            0.7054978609085083,
            0.6385597586631775
        ]
    },
    "5": {
        "top5_index": [
            803,
            1669,
            2332,
            1881,
            1051
        ],
        "scores": [
            -1.0,
            -0.602499783039093,
            0.5920295119285583,
            0.5620167255401611,
            -0.5373035073280334
        ]
    },
    "6": {
        "top5_index": [
            1443,
            1550,
            2719,
            1615,
            853
        ],
        "scores": [
            1.0,
            -0.9895832538604736,
            0.7790550589561462,
            -0.7543138861656189,
            -0.7506370544433594
        ]
    },
    "7": {
        "top5_index": [
            1562,
            2547,
            1339,
            687,
            2390
        ],
        "scores": [
            1.0,
            0.8807592391967773,
            0.7834048271179199,
            0.7717957496643066,
            0.6406219601631165
        ]
    },
    "8": {
        "top5_index": [
            1509,
            1794,
            1830,
            2684,
            1738
        ],
        "scores": [
            -1.0,
            0.7584598064422607,
            -0.6779409646987915,
            0.6660086512565613,
            -0.6230732798576355
        ]
    },
    "9": {
        "top5_index": [
            1144,
            1043,
            44,
            1938,
            1197
        ],
        "scores": [
            -1.0,
            -0.9768645763397217,
            -0.8861302137374878,
            -0.874392569065094,
            -0.841938316822052
        ]
    },
    "10": {
        "top5_index": [
            2761,
            2422,
            1148,
            303,
            2678
        ],
        "scores": [
            -1.0,
            0.9934680461883545,
            -0.9876097440719604,
            -0.9370766878128052,
            -0.9269424080848694
        ]
    },
    "11": {
        "top5_index": [
            2493,
            853,
            2807,
            1092,
            2123
        ],
        "scores": [
            -1.0,
            -0.638724684715271,
            0.6370846629142761,
            -0.6218989491462708,
            0.6117161512374878
        ]
    }
}