{
    "0": {
        "top5_index": [
            2581,
            2912,
            612,
            1914,
            2031
        ],
        "scores": [
            -1.0,
            0.7526243329048157,
            0.728143572807312,
            -0.6380288004875183,
            -0.6319014430046082
        ]
    },
    "1": {
        "top5_index": [
            2721,
            1482,
            489,
            1978,
            1510
        ],
        "scores": [
            -1.0,
            -0.9784677028656006,
            -0.9302284121513367,
            -0.8530324101448059,
            0.8514829277992249
        ]
    },
    "2": {
        "top5_index": [
            1014,
            2382,
            1894,
            1280,
            575
        ],
        "scores": [
            1.0,
            -0.9474589824676514,
            0.8974372744560242,
            0.8886550664901733,
            -0.8211489915847778
        ]
    },
    "3": {
        "top5_index": [
            1531,
            68,
            2660,
            2287,
            2664
        ],
        "scores": [
            -1.0,
            -0.8980135917663574,
            -0.8912273049354553,
            -0.8753851056098938,
            -0.867729902267456
        ]
    },
    "4": {
        "top5_index": [
            863,
            117,
            3054,
            2033,
            1960
        ],
        "scores": [
            -1.0,
            -0.9304113388061523,
            -0.9200137257575989,
            0.899542510509491,
            -0.8954560160636902
        ]
    },
    "5": {
        "top5_index": [
            79,
            2882,
            1909,
            1763,
            2364
        ],
        "scores": [
            -1.0,
            0.6093341112136841,
            0.5421342253684998,
            -0.5307915806770325,
            0.517773449420929
        ]
    },
    "6": {
        "top5_index": [
            684,
            2503,
            1235,
            764,
            1946
        ],
        "scores": [
            1.0,
            0.7514092922210693,
            -0.5709813237190247,
            0.5491440892219543,
            -0.5288762450218201
        ]
    },
    "7": {
        "top5_index": [
            164,
            115,
            2390,
            2765,
            2648
        ],
        "scores": [
            1.0,
            0.8278990387916565,
            -0.8040376305580139,
            0.7177053689956665,
            0.673572838306427
        ]
    },
    "8": {
        "top5_index": [
            1794,
            670,
            936,
            1493,
            2122
        ],
        "scores": [
            -1.0,
            -0.8117560148239136,
            -0.730426549911499,
            -0.5911487340927124,
            0.5795291662216187
        ]
    },
    "9": {
        "top5_index": [
            1043,
            2382,
            2805,
            2173,
            904
        ],
        "scores": [
            1.0,
            -0.9051342010498047,
            -0.8287343978881836,
            0.7954705357551575,
            -0.7911897301673889
        ]
    },
    "10": {
        "top5_index": [
            2761,
            1032,
            126,
            749,
            2872
        ],
        "scores": [
            1.0,
            -0.8198761940002441,
            -0.7848609685897827,
            0.7848260998725891,
            0.7553403973579407
        ]
    },
    "11": {
        "top5_index": [
            2493,
            1225,
            1056,
            2123,
            3062
        ],
        "scores": [
            1.0,
            0.5929201245307922,
            0.5812896490097046,
            -0.5545717477798462,
            0.5473114848136902
        ]
    }
}