{
    "0": {
        "top5_index": [
            82,
            259,
            247,
            281,
            595
        ],
        "scores": [
            1.0,
            0.9850643873214722,
            -0.9726772308349609,
            0.928852915763855,
            0.9277055859565735
        ]
    },
    "1": {
        "top5_index": [
            507,
            186,
            100,
            678,
            128
        ],
        "scores": [
            1.0,
            0.9961629509925842,
            0.9093045592308044,
            0.9077945351600647,
            0.8100354075431824
        ]
    },
    "2": {
        "top5_index": [
            507,
            97,
            744,
            505,
            307
        ],
        "scores": [
            1.0,
            0.8144672513008118,
            -0.8025633096694946,
            0.7685945630073547,
            0.7637278437614441
        ]
    },
    "3": {
        "top5_index": [
            507,
            414,
            69,
            217,
            128
        ],
        "scores": [
            1.0,
            -0.9136807918548584,
            -0.8989940881729126,
            0.8457244038581848,
            0.8360846042633057
        ]
    },
    "4": {
        "top5_index": [
            507,
            100,
            313,
            60,
            705
        ],
        "scores": [
            1.0,
            0.9688428640365601,
            0.9368131160736084,
            0.9093897938728333,
            0.870049774646759
        ]
    },
    "5": {
        "top5_index": [
            719,
            705,
            75,
            313,
            524
        ],
        "scores": [
            1.0,
            0.9929982423782349,
            -0.9769999980926514,
            0.9613090753555298,
            -0.9283739924430847
        ]
    },
    "6": {
        "top5_index": [
            314,
            75,
            674,
            705,
            69
        ],
        "scores": [
            1.0,
            -0.988772451877594,
            0.9737352728843689,
            0.965643048286438,
            -0.9452893733978271
        ]
    },
    "7": {
        "top5_index": [
            674,
            705,
            605,
            730,
            679
        ],
        "scores": [
            1.0,
            0.9559894800186157,
            -0.9240936636924744,
            -0.868655264377594,
            -0.8582984209060669
        ]
    },
    "8": {
        "top5_index": [
            134,
            97,
            38,
            548,
            674
        ],
        "scores": [
            -1.0,
            0.9105769991874695,
            0.9031129479408264,
            0.8619949221611023,
            0.828202486038208
        ]
    },
    "9": {
        "top5_index": [
            663,
            414,
            134,
            6,
            685
        ],
        "scores": [
            -1.0,
            -0.9903233647346497,
            -0.9858617782592773,
            0.9848663210868835,
            0.9088600277900696
        ]
    },
    "10": {
        "top5_index": [
            605,
            88,
            414,
            748,
            319
        ],
        "scores": [
            -1.0,
            -0.9276984930038452,
            -0.9174231290817261,
            0.9072851538658142,
            0.8290924429893494
        ]
    },
    "11": {
        "top5_index": [
            605,
            702,
            577,
            169,
            319
        ],
        "scores": [
            -1.0,
            0.9249410629272461,
            -0.860999584197998,
            0.8334483504295349,
            0.821958601474762
        ]
    }
}