{
    "0": {
        "top5_index": [
            377,
            517,
            281,
            747,
            293
        ],
        "scores": [
            -1.0,
            -0.7986575961112976,
            0.79239422082901,
            -0.7910208106040955,
            -0.7775454521179199
        ]
    },
    "1": {
        "top5_index": [
            678,
            382,
            110,
            544,
            281
        ],
        "scores": [
            1.0,
            0.9107838869094849,
            0.8379961848258972,
            0.6516874432563782,
            0.6093369126319885
        ]
    },
    "2": {
        "top5_index": [
            100,
            563,
            313,
            507,
            281
        ],
        "scores": [
            1.0,
            0.8797131776809692,
            0.812117338180542,
            0.8107909560203552,
            0.806781530380249
        ]
    },
    "3": {
        "top5_index": [
            414,
            100,
            487,
            507,
            281
        ],
        "scores": [
            -1.0,
            0.9359318614006042,
            0.8986889719963074,
            0.8159076571464539,
            0.789520263671875
        ]
    },
    "4": {
        "top5_index": [
            435,
            448,
            80,
            100,
            248
        ],
        "scores": [
            1.0,
            -0.8519148230552673,
            -0.8388068675994873,
            0.8368871212005615,
            0.8013310432434082
        ]
    },
    "5": {
        "top5_index": [
            53,
            319,
            49,
            487,
            100
        ],
        "scores": [
            -1.0,
            0.9961240291595459,
            -0.9546552300453186,
            0.9318946599960327,
            0.8581222295761108
        ]
    },
    "6": {
        "top5_index": [
            674,
            605,
            294,
            319,
            6
        ],
        "scores": [
            1.0,
            -0.9888076186180115,
            0.9468327164649963,
            0.9061395525932312,
            0.8771575093269348
        ]
    },
    "7": {
        "top5_index": [
            605,
            393,
            674,
            730,
            294
        ],
        "scores": [
            -1.0,
            0.8212153315544128,
            0.7402190566062927,
            -0.7210660576820374,
            0.7019885182380676
        ]
    },
    "8": {
        "top5_index": [
            605,
            134,
            38,
            24,
            405
        ],
        "scores": [
            -1.0,
            -0.8884202241897583,
            0.8849568963050842,
            0.8606345653533936,
            0.8146810531616211
        ]
    },
    "9": {
        "top5_index": [
            319,
            605,
            663,
            287,
            690
        ],
        "scores": [
            1.0,
            -0.9618310332298279,
            -0.8651438355445862,
            -0.7974528670310974,
            0.7880225777626038
        ]
    },
    "10": {
        "top5_index": [
            605,
            319,
            663,
            748,
            247
        ],
        "scores": [
            -1.0,
            0.9246006608009338,
            -0.9058673977851868,
            0.8551923036575317,
            -0.8477832078933716
        ]
    },
    "11": {
        "top5_index": [
            605,
            702,
            577,
            169,
            319
        ],
        "scores": [
            -1.0,
            0.9249411225318909,
            -0.8609997034072876,
            0.8334485292434692,
            0.8219587206840515
        ]
    }
}