{
    "0": {
        "top5_index": [
            1070,
            2167,
            2999,
            2944,
            2802
        ],
        "scores": [
            -1.0,
            -0.9309404492378235,
            -0.8742546439170837,
            -0.8657745122909546,
            0.8634735345840454
        ]
    },
    "1": {
        "top5_index": [
            1726,
            2492,
            1778,
            2157,
            1616
        ],
        "scores": [
            1.0,
            0.9688476920127869,
            0.9398001432418823,
            0.8834489583969116,
            -0.6665131449699402
        ]
    },
    "2": {
        "top5_index": [
            636,
            37,
            314,
            1014,
            1261
        ],
        "scores": [
            -1.0,
            -0.9837062358856201,
            -0.9668214321136475,
            0.9526618123054504,
            -0.9383505582809448
        ]
    },
    "3": {
        "top5_index": [
            2565,
            1051,
            1997,
            582,
            952
        ],
        "scores": [
            1.0,
            -0.9292412996292114,
            0.8963833451271057,
            -0.8901607990264893,
            -0.8738782405853271
        ]
    },
    "4": {
        "top5_index": [
            533,
            2241,
            645,
            1452,
            86
        ],
        "scores": [
            -1.0,
            0.7469975352287292,
            -0.7247416377067566,
            -0.71448814868927,
            -0.6709799766540527
        ]
    },
    "5": {
        "top5_index": [
            2617,
            1648,
            79,
            771,
            1153
        ],
        "scores": [
            1.0,
            -0.8344810009002686,
            -0.7926070690155029,
            -0.7855701446533203,
            0.7717992663383484
        ]
    },
    "6": {
        "top5_index": [
            684,
            1580,
            2503,
            2896,
            764
        ],
        "scores": [
            1.0,
            0.5671855211257935,
            0.5572063326835632,
            0.5011698603630066,
            0.47976118326187134
        ]
    },
    "7": {
        "top5_index": [
            164,
            2648,
            115,
            2340,
            687
        ],
        "scores": [
            1.0,
            0.9156581163406372,
            0.7625834345817566,
            -0.7594271302223206,
            -0.6927481293678284
        ]
    },
    "8": {
        "top5_index": [
            2833,
            1794,
            670,
            1162,
            936
        ],
        "scores": [
            -1.0,
            -0.9753352403640747,
            -0.7936375737190247,
            -0.7916677594184875,
            -0.7624770402908325
        ]
    },
    "9": {
        "top5_index": [
            2692,
            1857,
            2805,
            2074,
            737
        ],
        "scores": [
            1.0,
            0.9388346076011658,
            -0.9317500591278076,
            0.9229840040206909,
            -0.8807461261749268
        ]
    },
    "10": {
        "top5_index": [
            2761,
            1148,
            2872,
            1041,
            2678
        ],
        "scores": [
            1.0,
            0.7846905589103699,
            0.765032947063446,
            0.7638776302337646,
            0.7329109907150269
        ]
    },
    "11": {
        "top5_index": [
            2493,
            1225,
            1056,
            2123,
            3062
        ],
        "scores": [
            1.0,
            0.5929200053215027,
            0.5812897682189941,
            -0.5545716881752014,
            0.5473114848136902
        ]
    }
}