{
    "0": {
        "top5_index": [
            82,
            259,
            281,
            1,
            366
        ],
        "scores": [
            1.0,
            0.9064408540725708,
            0.8541303873062134,
            -0.7129430770874023,
            -0.7064347267150879
        ]
    },
    "1": {
        "top5_index": [
            366,
            28,
            283,
            428,
            31
        ],
        "scores": [
            -1.0,
            0.9486451148986816,
            -0.9344775080680847,
            -0.9225836992263794,
            0.9053055047988892
        ]
    },
    "2": {
        "top5_index": [
            357,
            28,
            637,
            110,
            512
        ],
        "scores": [
            1.0,
            0.9778653383255005,
            0.9508787989616394,
            0.9341209530830383,
            0.9123653173446655
        ]
    },
    "3": {
        "top5_index": [
            236,
            637,
            28,
            625,
            128
        ],
        "scores": [
            -1.0,
            0.9359034895896912,
            0.9294869899749756,
            0.9143972396850586,
            0.9079006314277649
        ]
    },
    "4": {
        "top5_index": [
            100,
            76,
            719,
            625,
            357
        ],
        "scores": [
            1.0,
            0.8697644472122192,
            0.7310965061187744,
            0.7089812755584717,
            0.6907799243927002
        ]
    },
    "5": {
        "top5_index": [
            100,
            637,
            719,
            563,
            79
        ],
        "scores": [
            1.0,
            0.9507827758789062,
            0.8998112678527832,
            0.8050590753555298,
            -0.7998631000518799
        ]
    },
    "6": {
        "top5_index": [
            314,
            633,
            100,
            79,
            383
        ],
        "scores": [
            1.0,
            -0.8659912943840027,
            0.7808400988578796,
            -0.7548559904098511,
            0.7299002408981323
        ]
    },
    "7": {
        "top5_index": [
            469,
            134,
            663,
            605,
            740
        ],
        "scores": [
            1.0,
            -0.9877961277961731,
            -0.979634165763855,
            -0.9483006000518799,
            0.9383211135864258
        ]
    },
    "8": {
        "top5_index": [
            134,
            663,
            753,
            287,
            38
        ],
        "scores": [
            -1.0,
            -0.8399630784988403,
            -0.7871689796447754,
            -0.7249611616134644,
            0.7201873064041138
        ]
    },
    "9": {
        "top5_index": [
            134,
            663,
            225,
            88,
            238
        ],
        "scores": [
            -1.0,
            -0.9688799977302551,
            -0.9027848243713379,
            -0.855629026889801,
            0.8353912830352783
        ]
    },
    "10": {
        "top5_index": [
            605,
            88,
            663,
            319,
            748
        ],
        "scores": [
            -1.0,
            -0.937366783618927,
            -0.9365825057029724,
            0.846243679523468,
            0.8429878950119019
        ]
    },
    "11": {
        "top5_index": [
            605,
            702,
            577,
            169,
            319
        ],
        "scores": [
            -1.0,
            0.9249411225318909,
            -0.8609997034072876,
            0.8334484696388245,
            0.8219587206840515
        ]
    }
}