{
    "0": {
        "top5_index": [
            2581,
            2912,
            612,
            2115,
            2031
        ],
        "scores": [
            -1.0,
            0.9848650693893433,
            0.9472011923789978,
            -0.8324020504951477,
            -0.8241583108901978
        ]
    },
    "1": {
        "top5_index": [
            1793,
            982,
            2563,
            2054,
            1978
        ],
        "scores": [
            -1.0,
            -0.9229319095611572,
            -0.9170143604278564,
            0.9154572486877441,
            -0.9062561392784119
        ]
    },
    "2": {
        "top5_index": [
            471,
            3017,
            637,
            2038,
            2772
        ],
        "scores": [
            -1.0,
            -0.9299489259719849,
            -0.928242027759552,
            0.9087937474250793,
            -0.8808189034461975
        ]
    },
    "3": {
        "top5_index": [
            1531,
            68,
            2660,
            2287,
            824
        ],
        "scores": [
            -1.0,
            -0.8773102164268494,
            -0.8515608310699463,
            -0.7922404408454895,
            -0.7824851870536804
        ]
    },
    "4": {
        "top5_index": [
            2033,
            2570,
            2657,
            2493,
            2655
        ],
        "scores": [
            1.0,
            0.9625879526138306,
            0.8901546597480774,
            -0.8483530282974243,
            0.8420401811599731
        ]
    },
    "5": {
        "top5_index": [
            79,
            951,
            2077,
            2166,
            1688
        ],
        "scores": [
            -1.0,
            0.8161302804946899,
            0.7644850611686707,
            0.7624569535255432,
            -0.6918594241142273
        ]
    },
    "6": {
        "top5_index": [
            684,
            2503,
            764,
            2312,
            1160
        ],
        "scores": [
            1.0,
            0.4851842522621155,
            0.45256471633911133,
            0.4485514760017395,
            -0.44821059703826904
        ]
    },
    "7": {
        "top5_index": [
            1069,
            164,
            1865,
            115,
            536
        ],
        "scores": [
            -1.0,
            0.9416519403457642,
            0.8510348796844482,
            0.8345706462860107,
            -0.7680718898773193
        ]
    },
    "8": {
        "top5_index": [
            2833,
            1794,
            1632,
            1009,
            2524
        ],
        "scores": [
            -1.0,
            -0.9609619379043579,
            0.8387818932533264,
            -0.7870790958404541,
            -0.7493387460708618
        ]
    },
    "9": {
        "top5_index": [
            507,
            335,
            1053,
            1867,
            2194
        ],
        "scores": [
            -1.0,
            -0.9973899722099304,
            -0.9766277074813843,
            -0.9365653395652771,
            -0.9266363382339478
        ]
    },
    "10": {
        "top5_index": [
            2761,
            749,
            1032,
            100,
            126
        ],
        "scores": [
            1.0,
            0.8401655554771423,
            -0.7477399706840515,
            0.7438685297966003,
            -0.7430006861686707
        ]
    },
    "11": {
        "top5_index": [
            2493,
            1225,
            1056,
            2123,
            3062
        ],
        "scores": [
            1.0,
            0.5929200649261475,
            0.5812898278236389,
            -0.5545715689659119,
            0.5473113656044006
        ]
    }
}