{
    "0": {
        "top5_index": [
            1463,
            1681,
            1704,
            2316,
            3028
        ],
        "scores": [
            -1.0,
            0.8640096783638,
            -0.7616194486618042,
            0.7314234972000122,
            0.7169570326805115
        ]
    },
    "1": {
        "top5_index": [
            1516,
            1778,
            2487,
            2594,
            1196
        ],
        "scores": [
            -1.0,
            0.8726319074630737,
            0.7655150294303894,
            -0.7077471017837524,
            -0.6935116648674011
        ]
    },
    "2": {
        "top5_index": [
            1014,
            2772,
            2200,
            1538,
            517
        ],
        "scores": [
            -1.0,
            -0.9950219392776489,
            0.980485737323761,
            -0.866253137588501,
            -0.8481405973434448
        ]
    },
    "3": {
        "top5_index": [
            2522,
            199,
            1784,
            130,
            1612
        ],
        "scores": [
            -1.0,
            -0.9967165589332581,
            0.8926340341567993,
            0.8223941922187805,
            -0.8172473311424255
        ]
    },
    "4": {
        "top5_index": [
            533,
            1442,
            2934,
            1142,
            1418
        ],
        "scores": [
            -1.0,
            0.9568449258804321,
            -0.906895637512207,
            0.8549931049346924,
            -0.8490908145904541
        ]
    },
    "5": {
        "top5_index": [
            699,
            1487,
            1041,
            304,
            1974
        ],
        "scores": [
            -1.0,
            -0.9544034004211426,
            0.8606762290000916,
            -0.8496122360229492,
            -0.8293177485466003
        ]
    },
    "6": {
        "top5_index": [
            684,
            3009,
            853,
            3047,
            2245
        ],
        "scores": [
            1.0,
            -0.8941000699996948,
            0.7175171971321106,
            -0.6942390203475952,
            -0.681816816329956
        ]
    },
    "7": {
        "top5_index": [
            859,
            1471,
            115,
            1142,
            1339
        ],
        "scores": [
            -1.0,
            -0.9943426251411438,
            0.9930317401885986,
            -0.9389397501945496,
            -0.9344760179519653
        ]
    },
    "8": {
        "top5_index": [
            1794,
            654,
            670,
            1493,
            1292
        ],
        "scores": [
            -1.0,
            0.8018186688423157,
            -0.6752693057060242,
            -0.6732177734375,
            -0.6711829304695129
        ]
    },
    "9": {
        "top5_index": [
            1043,
            2805,
            2920,
            107,
            2194
        ],
        "scores": [
            1.0,
            -0.9908611178398132,
            -0.9129867553710938,
            -0.8906030058860779,
            -0.8187566995620728
        ]
    },
    "10": {
        "top5_index": [
            2761,
            2872,
            1041,
            1148,
            2678
        ],
        "scores": [
            1.0,
            0.9087509512901306,
            0.8547040820121765,
            0.8252859711647034,
            0.7546054124832153
        ]
    },
    "11": {
        "top5_index": [
            2493,
            1225,
            1056,
            2123,
            3062
        ],
        "scores": [
            1.0,
            0.5929199457168579,
            0.5812897086143494,
            -0.5545717477798462,
            0.5473113059997559
        ]
    }
}