{
    "0": {
        "top5_index": [
            282,
            507,
            531,
            619,
            281
        ],
        "scores": [
            -1.0,
            0.8801742196083069,
            0.8293957710266113,
            0.7957501411437988,
            0.7807926535606384
        ]
    },
    "1": {
        "top5_index": [
            507,
            281,
            581,
            605,
            678
        ],
        "scores": [
            1.0,
            0.9718695282936096,
            0.9078553318977356,
            -0.8866034150123596,
            0.8853803873062134
        ]
    },
    "2": {
        "top5_index": [
            507,
            281,
            181,
            90,
            520
        ],
        "scores": [
            1.0,
            0.9358511567115784,
            0.8975107073783875,
            -0.8168565034866333,
            -0.8009641170501709
        ]
    },
    "3": {
        "top5_index": [
            507,
            90,
            520,
            73,
            311
        ],
        "scores": [
            1.0,
            -0.8648341298103333,
            -0.8478413224220276,
            0.8240572810173035,
            -0.7443399429321289
        ]
    },
    "4": {
        "top5_index": [
            88,
            90,
            520,
            605,
            73
        ],
        "scores": [
            -1.0,
            -0.9770487546920776,
            -0.9683222770690918,
            -0.9628244042396545,
            0.926319420337677
        ]
    },
    "5": {
        "top5_index": [
            311,
            605,
            653,
            651,
            69
        ],
        "scores": [
            -1.0,
            -0.9724174737930298,
            0.9695406556129456,
            -0.8834584355354309,
            -0.845909059047699
        ]
    },
    "6": {
        "top5_index": [
            605,
            749,
            653,
            737,
            65
        ],
        "scores": [
            -1.0,
            -0.8437601327896118,
            0.7974563837051392,
            0.7881482243537903,
            -0.7564769387245178
        ]
    },
    "7": {
        "top5_index": [
            605,
            393,
            304,
            134,
            65
        ],
        "scores": [
            -1.0,
            0.8410268425941467,
            -0.8094172477722168,
            -0.7977145910263062,
            -0.7395657896995544
        ]
    },
    "8": {
        "top5_index": [
            605,
            134,
            663,
            748,
            753
        ],
        "scores": [
            -1.0,
            -0.9962691068649292,
            -0.9787634611129761,
            0.9597811698913574,
            -0.9501498341560364
        ]
    },
    "9": {
        "top5_index": [
            663,
            88,
            710,
            319,
            120
        ],
        "scores": [
            -1.0,
            -0.8746066689491272,
            0.6981757879257202,
            0.6964408755302429,
            -0.6909509301185608
        ]
    },
    "10": {
        "top5_index": [
            605,
            88,
            748,
            663,
            247
        ],
        "scores": [
            -1.0,
            -0.9816227555274963,
            0.9160583019256592,
            -0.8967466354370117,
            -0.8015616536140442
        ]
    },
    "11": {
        "top5_index": [
            605,
            702,
            577,
            169,
            319
        ],
        "scores": [
            -1.0,
            0.9249410629272461,
            -0.8609997630119324,
            0.8334484100341797,
            0.8219586610794067
        ]
    }
}