{
    "0": {
        "top5_index": [
            1,
            281,
            366,
            282,
            674
        ],
        "scores": [
            -1.0,
            0.73155677318573,
            -0.6688828468322754,
            -0.6189444065093994,
            0.5943732261657715
        ]
    },
    "1": {
        "top5_index": [
            674,
            366,
            28,
            512,
            313
        ],
        "scores": [
            1.0,
            -0.9379093647003174,
            0.8708974719047546,
            0.8601015210151672,
            0.8533859252929688
        ]
    },
    "2": {
        "top5_index": [
            507,
            281,
            97,
            313,
            512
        ],
        "scores": [
            1.0,
            0.8133618831634521,
            0.8023696541786194,
            0.7959754467010498,
            0.7757939100265503
        ]
    },
    "3": {
        "top5_index": [
            414,
            507,
            497,
            681,
            183
        ],
        "scores": [
            -1.0,
            0.8761423826217651,
            0.8615502715110779,
            0.7354090809822083,
            0.7245979905128479
        ]
    },
    "4": {
        "top5_index": [
            435,
            398,
            281,
            570,
            313
        ],
        "scores": [
            1.0,
            -0.8834542036056519,
            0.8564425706863403,
            -0.8253523111343384,
            0.7928051948547363
        ]
    },
    "5": {
        "top5_index": [
            674,
            435,
            524,
            570,
            281
        ],
        "scores": [
            1.0,
            0.933819591999054,
            -0.9161014556884766,
            -0.8500904440879822,
            0.8085352778434753
        ]
    },
    "6": {
        "top5_index": [
            674,
            737,
            314,
            173,
            435
        ],
        "scores": [
            1.0,
            0.8086326122283936,
            0.7918080687522888,
            0.757896363735199,
            0.7571430206298828
        ]
    },
    "7": {
        "top5_index": [
            674,
            393,
            134,
            737,
            663
        ],
        "scores": [
            1.0,
            0.8013527989387512,
            -0.7927137017250061,
            0.7820501327514648,
            -0.756467342376709
        ]
    },
    "8": {
        "top5_index": [
            435,
            748,
            134,
            97,
            737
        ],
        "scores": [
            1.0,
            0.9918937683105469,
            -0.9480232000350952,
            0.941686749458313,
            0.9281886219978333
        ]
    },
    "9": {
        "top5_index": [
            663,
            319,
            605,
            238,
            287
        ],
        "scores": [
            -1.0,
            0.8594418168067932,
            -0.8525976538658142,
            0.8483003377914429,
            -0.83161461353302
        ]
    },
    "10": {
        "top5_index": [
            605,
            319,
            748,
            663,
            88
        ],
        "scores": [
            -1.0,
            0.8523548245429993,
            0.8422275185585022,
            -0.8125103116035461,
            -0.7877322435379028
        ]
    },
    "11": {
        "top5_index": [
            605,
            702,
            577,
            169,
            319
        ],
        "scores": [
            -1.0,
            0.9249410629272461,
            -0.8609996438026428,
            0.8334484100341797,
            0.8219586610794067
        ]
    }
}