{
    "0": {
        "top5_index": [
            630,
            1606,
            1204,
            420,
            1463
        ],
        "scores": [
            -1.0,
            -0.8438940048217773,
            -0.8114447593688965,
            -0.8064334988594055,
            -0.794675886631012
        ]
    },
    "1": {
        "top5_index": [
            489,
            1978,
            1061,
            2563,
            1435
        ],
        "scores": [
            -1.0,
            -0.9809173345565796,
            -0.7145072817802429,
            -0.666264533996582,
            0.6435409784317017
        ]
    },
    "2": {
        "top5_index": [
            159,
            2772,
            636,
            455,
            3017
        ],
        "scores": [
            -1.0,
            -0.9612138271331787,
            -0.9589677453041077,
            -0.8819261789321899,
            -0.8709927797317505
        ]
    },
    "3": {
        "top5_index": [
            3032,
            1531,
            1817,
            2664,
            68
        ],
        "scores": [
            -1.0,
            -0.8280429244041443,
            -0.7881643176078796,
            -0.7750033736228943,
            -0.7058202624320984
        ]
    },
    "4": {
        "top5_index": [
            117,
            2254,
            781,
            391,
            2226
        ],
        "scores": [
            -1.0,
            -0.9121043682098389,
            0.7207836508750916,
            0.7072849869728088,
            -0.7034744024276733
        ]
    },
    "5": {
        "top5_index": [
            951,
            2166,
            79,
            2077,
            1573
        ],
        "scores": [
            1.0,
            0.9995013475418091,
            -0.9797175526618958,
            0.9210197925567627,
            0.7302581667900085
        ]
    },
    "6": {
        "top5_index": [
            684,
            2503,
            1930,
            1235,
            1013
        ],
        "scores": [
            1.0,
            0.526369571685791,
            0.4738282859325409,
            -0.457748681306839,
            -0.4376048445701599
        ]
    },
    "7": {
        "top5_index": [
            2390,
            164,
            1142,
            2765,
            2648
        ],
        "scores": [
            -1.0,
            0.9774907231330872,
            -0.8870692253112793,
            0.8369397521018982,
            0.7895454168319702
        ]
    },
    "8": {
        "top5_index": [
            1794,
            670,
            2833,
            2122,
            936
        ],
        "scores": [
            -1.0,
            -0.8279836177825928,
            -0.7826561331748962,
            0.7691803574562073,
            -0.7651900053024292
        ]
    },
    "9": {
        "top5_index": [
            1043,
            2805,
            2382,
            2173,
            507
        ],
        "scores": [
            1.0,
            -0.9870511293411255,
            -0.9115685820579529,
            0.8670075535774231,
            -0.8364985585212708
        ]
    },
    "10": {
        "top5_index": [
            2761,
            2872,
            2678,
            749,
            1148
        ],
        "scores": [
            1.0,
            0.8447232246398926,
            0.8312264084815979,
            0.7905922532081604,
            0.7832980751991272
        ]
    },
    "11": {
        "top5_index": [
            2493,
            1225,
            1056,
            2123,
            3062
        ],
        "scores": [
            1.0,
            0.5929198265075684,
            0.5812896490097046,
            -0.5545716881752014,
            0.5473110675811768
        ]
    }
}