{
    "0": {
        "top5_index": [
            2581,
            2771,
            395,
            2921,
            1444
        ],
        "scores": [
            -1.0,
            -0.8130517601966858,
            -0.786115825176239,
            -0.7744576334953308,
            -0.7587067484855652
        ]
    },
    "1": {
        "top5_index": [
            2102,
            489,
            1978,
            1909,
            2992
        ],
        "scores": [
            -1.0,
            -0.9906463027000427,
            -0.9712308049201965,
            -0.8625717163085938,
            0.839510977268219
        ]
    },
    "2": {
        "top5_index": [
            1777,
            2703,
            2281,
            2196,
            1131
        ],
        "scores": [
            1.0,
            -0.8345335125923157,
            0.7133867740631104,
            -0.6574822664260864,
            -0.567958414554596
        ]
    },
    "3": {
        "top5_index": [
            1531,
            68,
            824,
            2660,
            1470
        ],
        "scores": [
            -1.0,
            -0.9329463839530945,
            -0.8298481106758118,
            -0.8270431160926819,
            -0.766998291015625
        ]
    },
    "4": {
        "top5_index": [
            207,
            240,
            191,
            1721,
            645
        ],
        "scores": [
            -1.0,
            -0.9349339008331299,
            -0.8933836817741394,
            -0.7473272085189819,
            0.7304452061653137
        ]
    },
    "5": {
        "top5_index": [
            1573,
            2502,
            2166,
            74,
            2689
        ],
        "scores": [
            1.0,
            0.8306077718734741,
            0.813284695148468,
            -0.780985414981842,
            0.7606448531150818
        ]
    },
    "6": {
        "top5_index": [
            1321,
            1580,
            2154,
            2503,
            2953
        ],
        "scores": [
            1.0,
            -0.9704747200012207,
            0.8646094799041748,
            -0.7918455004692078,
            0.7697076797485352
        ]
    },
    "7": {
        "top5_index": [
            1226,
            1562,
            2340,
            1600,
            2925
        ],
        "scores": [
            1.0,
            0.9435485005378723,
            0.7707934379577637,
            0.6778179407119751,
            0.6283535361289978
        ]
    },
    "8": {
        "top5_index": [
            1033,
            1272,
            1015,
            1794,
            1147
        ],
        "scores": [
            1.0,
            -0.9999000430107117,
            0.8950502276420593,
            0.8704937100410461,
            0.8566575646400452
        ]
    },
    "9": {
        "top5_index": [
            1938,
            1857,
            44,
            2233,
            1595
        ],
        "scores": [
            -1.0,
            -0.9995309114456177,
            -0.9693120718002319,
            -0.9576951265335083,
            -0.9547119140625
        ]
    },
    "10": {
        "top5_index": [
            2761,
            957,
            126,
            2422,
            1148
        ],
        "scores": [
            -1.0,
            0.9798629283905029,
            0.9429835081100464,
            0.9152931571006775,
            -0.8842281103134155
        ]
    },
    "11": {
        "top5_index": [
            2493,
            853,
            2807,
            1092,
            2123
        ],
        "scores": [
            -1.0,
            -0.6387248039245605,
            0.6370847821235657,
            -0.6218991279602051,
            0.6117161512374878
        ]
    }
}