{
    "0": {
        "top5_index": [
            366,
            259,
            1,
            236,
            357
        ],
        "scores": [
            -1.0,
            0.8998475670814514,
            -0.852951169013977,
            -0.8035807609558105,
            -0.7882646322250366
        ]
    },
    "1": {
        "top5_index": [
            326,
            336,
            425,
            403,
            747
        ],
        "scores": [
            1.0,
            -0.9406628608703613,
            -0.9058729410171509,
            -0.8652240633964539,
            0.8364124894142151
        ]
    },
    "2": {
        "top5_index": [
            397,
            51,
            326,
            64,
            138
        ],
        "scores": [
            -1.0,
            0.9581844210624695,
            0.9572429060935974,
            -0.911691427230835,
            -0.8763877749443054
        ]
    },
    "3": {
        "top5_index": [
            311,
            391,
            397,
            676,
            223
        ],
        "scores": [
            1.0,
            0.9169002771377563,
            -0.9024913907051086,
            0.8981692790985107,
            -0.8956627249717712
        ]
    },
    "4": {
        "top5_index": [
            311,
            51,
            391,
            643,
            757
        ],
        "scores": [
            1.0,
            0.980484664440155,
            0.9796930551528931,
            -0.9733040928840637,
            0.9691282510757446
        ]
    },
    "5": {
        "top5_index": [
            555,
            573,
            406,
            610,
            322
        ],
        "scores": [
            1.0,
            0.9870045185089111,
            -0.9493836760520935,
            0.9083427786827087,
            0.8698490858078003
        ]
    },
    "6": {
        "top5_index": [
            173,
            643,
            140,
            573,
            691
        ],
        "scores": [
            -1.0,
            -0.9532065391540527,
            0.9230494499206543,
            0.9216217398643494,
            -0.9138464331626892
        ]
    },
    "7": {
        "top5_index": [
            419,
            313,
            393,
            121,
            265
        ],
        "scores": [
            -1.0,
            -0.936866283416748,
            -0.9333049654960632,
            0.9263272285461426,
            0.8969542384147644
        ]
    },
    "8": {
        "top5_index": [
            435,
            121,
            287,
            265,
            88
        ],
        "scores": [
            -1.0,
            0.9334770441055298,
            0.9309124946594238,
            0.9044939279556274,
            0.8974831104278564
        ]
    },
    "9": {
        "top5_index": [
            287,
            605,
            663,
            247,
            88
        ],
        "scores": [
            1.0,
            0.9615049362182617,
            0.9227984547615051,
            0.8978576064109802,
            0.8965920805931091
        ]
    },
    "10": {
        "top5_index": [
            88,
            119,
            605,
            247,
            313
        ],
        "scores": [
            1.0,
            0.9125360250473022,
            0.8819923996925354,
            0.8488081693649292,
            -0.788563072681427
        ]
    },
    "11": {
        "top5_index": [
            554,
            443,
            605,
            47,
            707
        ],
        "scores": [
            -1.0,
            -0.9304335713386536,
            0.9148324131965637,
            0.9135873317718506,
            -0.9021062254905701
        ]
    }
}