{
    "0": {
        "top5_index": [
            612,
            95,
            2196,
            2912,
            2995
        ],
        "scores": [
            1.0,
            0.9783180356025696,
            0.8804069757461548,
            0.8476882576942444,
            0.8075070977210999
        ]
    },
    "1": {
        "top5_index": [
            1726,
            1778,
            2492,
            2157,
            1616
        ],
        "scores": [
            1.0,
            0.9853774309158325,
            0.8906592726707458,
            0.8031890988349915,
            -0.5647444725036621
        ]
    },
    "2": {
        "top5_index": [
            550,
            2296,
            1143,
            636,
            2703
        ],
        "scores": [
            1.0,
            0.9935638904571533,
            0.8599843382835388,
            -0.8598116040229797,
            -0.8501309752464294
        ]
    },
    "3": {
        "top5_index": [
            1364,
            2290,
            3032,
            2650,
            2138
        ],
        "scores": [
            1.0,
            0.9845038652420044,
            -0.937401294708252,
            0.9109730124473572,
            0.9106332659721375
        ]
    },
    "4": {
        "top5_index": [
            2241,
            391,
            1368,
            2661,
            2934
        ],
        "scores": [
            1.0,
            0.9337355494499207,
            0.83351731300354,
            0.6723228693008423,
            -0.6673897504806519
        ]
    },
    "5": {
        "top5_index": [
            496,
            2570,
            123,
            304,
            1679
        ],
        "scores": [
            1.0,
            0.9839464426040649,
            0.9305386543273926,
            -0.919344425201416,
            -0.9154103398323059
        ]
    },
    "6": {
        "top5_index": [
            684,
            2896,
            2503,
            1235,
            1440
        ],
        "scores": [
            1.0,
            0.626900851726532,
            0.5624651312828064,
            -0.531069278717041,
            -0.5266836285591125
        ]
    },
    "7": {
        "top5_index": [
            164,
            2765,
            2390,
            2547,
            2648
        ],
        "scores": [
            1.0,
            0.7792233228683472,
            -0.7555410861968994,
            -0.6678159832954407,
            0.6665242910385132
        ]
    },
    "8": {
        "top5_index": [
            1794,
            670,
            936,
            2833,
            1493
        ],
        "scores": [
            -1.0,
            -0.923496663570404,
            -0.8407375812530518,
            -0.743466854095459,
            -0.6886389851570129
        ]
    },
    "9": {
        "top5_index": [
            1043,
            2692,
            2805,
            1840,
            107
        ],
        "scores": [
            1.0,
            0.7597344517707825,
            -0.7309107184410095,
            0.7218073606491089,
            -0.7067627906799316
        ]
    },
    "10": {
        "top5_index": [
            2761,
            1148,
            2872,
            2678,
            749
        ],
        "scores": [
            1.0,
            0.8297333121299744,
            0.8258242011070251,
            0.7731366157531738,
            0.7633199691772461
        ]
    },
    "11": {
        "top5_index": [
            2493,
            1225,
            1056,
            2123,
            3062
        ],
        "scores": [
            1.0,
            0.5929198861122131,
            0.5812898278236389,
            -0.5545716285705566,
            0.5473112463951111
        ]
    }
}