{
    "0": {
        "top5_index": [
            377,
            747,
            281,
            618,
            625
        ],
        "scores": [
            -1.0,
            -0.9413807392120361,
            0.9043592214584351,
            -0.7606090307235718,
            0.7194063067436218
        ]
    },
    "1": {
        "top5_index": [
            678,
            382,
            281,
            110,
            524
        ],
        "scores": [
            1.0,
            0.7757964730262756,
            0.6115118265151978,
            0.6054919958114624,
            -0.46053603291511536
        ]
    },
    "2": {
        "top5_index": [
            281,
            755,
            314,
            524,
            586
        ],
        "scores": [
            1.0,
            0.8923292756080627,
            -0.8624825477600098,
            -0.8354132771492004,
            -0.8190488219261169
        ]
    },
    "3": {
        "top5_index": [
            681,
            281,
            733,
            100,
            507
        ],
        "scores": [
            1.0,
            0.9656294584274292,
            0.9197170734405518,
            0.9087315201759338,
            0.8480304479598999
        ]
    },
    "4": {
        "top5_index": [
            281,
            561,
            461,
            100,
            80
        ],
        "scores": [
            1.0,
            -0.8557666540145874,
            0.837008535861969,
            0.8192704319953918,
            -0.8176645040512085
        ]
    },
    "5": {
        "top5_index": [
            514,
            53,
            313,
            524,
            49
        ],
        "scores": [
            -1.0,
            -0.9918011426925659,
            0.8602620959281921,
            -0.8549571633338928,
            -0.8251472115516663
        ]
    },
    "6": {
        "top5_index": [
            142,
            605,
            674,
            134,
            461
        ],
        "scores": [
            1.0,
            -0.8444703221321106,
            0.7895375490188599,
            -0.7871878743171692,
            0.7861314415931702
        ]
    },
    "7": {
        "top5_index": [
            605,
            134,
            656,
            461,
            196
        ],
        "scores": [
            -1.0,
            -0.7993385195732117,
            0.7468504309654236,
            0.7465951442718506,
            -0.6707940697669983
        ]
    },
    "8": {
        "top5_index": [
            134,
            605,
            548,
            3,
            298
        ],
        "scores": [
            -1.0,
            -0.9137160181999207,
            0.8424370884895325,
            0.771654486656189,
            -0.7503653764724731
        ]
    },
    "9": {
        "top5_index": [
            663,
            605,
            319,
            134,
            69
        ],
        "scores": [
            -1.0,
            -0.9670461416244507,
            0.8493045568466187,
            -0.8473528027534485,
            -0.7743614912033081
        ]
    },
    "10": {
        "top5_index": [
            605,
            748,
            663,
            393,
            319
        ],
        "scores": [
            -1.0,
            0.9399474263191223,
            -0.9216472506523132,
            0.8629205822944641,
            0.849906325340271
        ]
    },
    "11": {
        "top5_index": [
            605,
            702,
            577,
            169,
            319
        ],
        "scores": [
            -1.0,
            0.9249410629272461,
            -0.8609996438026428,
            0.8334483504295349,
            0.821958601474762
        ]
    }
}