{
    "boy10": 0.09038718044757843,
    "boy1": 0.6621289253234863,
    "boy2": 0.029364347457885742,
    "boy3": 0.6415472626686096,
    "boy4": 0.5134828686714172,
    "boy5": 0.25544217228889465,
    "boy6": 0.9623242020606995,
    "boy7": 0.6204730868339539,
    "boy8": 0.7737053036689758,
    "boy9": 0.30734509229660034,
    "grandpa10": 0.9998666048049927,
    "grandpa1": 0.993584930896759,
    "grandpa2": 0.9917522072792053,
    "grandpa3": 0.9986770749092102,
    "grandpa4": 0.9970186948776245,
    "grandpa5": 0.7330477237701416,
    "grandpa6": 0.9964674711227417,
    "grandpa7": 0.9812716841697693,
    "grandpa8": 0.9966279864311218,
    "grandpa9": 0.9902473092079163,
    "male10": 0.9989911913871765,
    "male1": 0.9989950060844421,
    "male2": 0.9515675902366638,
    "male3": 0.9983463287353516,
    "male4": 0.9876020550727844,
    "male5": 0.9962550401687622,
    "male6": 0.9778915643692017,
    "male7": 0.9017934203147888,
    "male8": 0.9977924823760986,
    "male9": 0.9849715828895569,
    "man10": 0.999942421913147,
    "man1": 0.9284100532531738,
    "man2": 0.9607879519462585,
    "man3": 0.9997411370277405,
    "man4": 0.9977245926856995,
    "man5": 0.9970320463180542,
    "man6": 0.9179496169090271,
    "man7": 0.9999078512191772,
    "man8": 0.9963733553886414,
    "man9": 0.9030101895332336
}