{
    "0": {
        "top5_index": [
            630,
            1463,
            2073,
            2976,
            248
        ],
        "scores": [
            1.0,
            0.9641614556312561,
            0.9312703609466553,
            -0.9106383919715881,
            -0.8398899435997009
        ]
    },
    "1": {
        "top5_index": [
            2563,
            1978,
            1510,
            489,
            1061
        ],
        "scores": [
            1.0,
            0.9296258687973022,
            0.7721126079559326,
            0.7648419737815857,
            0.7164586186408997
        ]
    },
    "2": {
        "top5_index": [
            52,
            227,
            2953,
            1073,
            159
        ],
        "scores": [
            1.0,
            0.9987416863441467,
            0.9972414970397949,
            -0.9903844594955444,
            0.9364323019981384
        ]
    },
    "3": {
        "top5_index": [
            1531,
            2660,
            1456,
            824,
            2664
        ],
        "scores": [
            1.0,
            0.9879859685897827,
            0.9384477138519287,
            0.8890369534492493,
            0.878508985042572
        ]
    },
    "4": {
        "top5_index": [
            1030,
            2606,
            2247,
            399,
            1967
        ],
        "scores": [
            -1.0,
            -0.9831178784370422,
            -0.8087894916534424,
            0.7523884177207947,
            0.6874774694442749
        ]
    },
    "5": {
        "top5_index": [
            1854,
            1837,
            1318,
            771,
            435
        ],
        "scores": [
            1.0,
            0.7727267742156982,
            -0.7185733914375305,
            0.7150059342384338,
            0.665527880191803
        ]
    },
    "6": {
        "top5_index": [
            684,
            1930,
            664,
            2503,
            2896
        ],
        "scores": [
            -1.0,
            -0.6157383918762207,
            -0.5412287712097168,
            -0.5265392065048218,
            -0.503370463848114
        ]
    },
    "7": {
        "top5_index": [
            2547,
            2390,
            1226,
            1339,
            1562
        ],
        "scores": [
            1.0,
            0.9757308959960938,
            -0.7584968209266663,
            0.7427108883857727,
            0.7067965865135193
        ]
    },
    "8": {
        "top5_index": [
            1794,
            1509,
            936,
            670,
            1394
        ],
        "scores": [
            1.0,
            -0.7181117534637451,
            0.6981741786003113,
            0.6728952527046204,
            0.6520718336105347
        ]
    },
    "9": {
        "top5_index": [
            1043,
            2628,
            2207,
            1197,
            255
        ],
        "scores": [
            -1.0,
            0.9349452257156372,
            0.8663784861564636,
            -0.8594985604286194,
            0.8439578413963318
        ]
    },
    "10": {
        "top5_index": [
            2761,
            2678,
            1148,
            2422,
            749
        ],
        "scores": [
            -1.0,
            -0.9164540767669678,
            -0.8952585458755493,
            0.8385014533996582,
            -0.8229157328605652
        ]
    },
    "11": {
        "top5_index": [
            2493,
            853,
            2807,
            1092,
            2123
        ],
        "scores": [
            -1.0,
            -0.6387248039245605,
            0.6370845437049866,
            -0.6218989491462708,
            0.6117159724235535
        ]
    }
}