{
    "0": {
        "top5_index": [
            1,
            366,
            210,
            595,
            517
        ],
        "scores": [
            1.0,
            0.8276974558830261,
            -0.7319214940071106,
            0.7205735445022583,
            -0.7004057168960571
        ]
    },
    "1": {
        "top5_index": [
            514,
            273,
            382,
            682,
            616
        ],
        "scores": [
            1.0,
            -0.8815551996231079,
            0.8109502792358398,
            -0.8060950636863708,
            -0.7449749708175659
        ]
    },
    "2": {
        "top5_index": [
            326,
            732,
            570,
            587,
            674
        ],
        "scores": [
            -1.0,
            0.9447372555732727,
            0.9173075556755066,
            -0.8806747794151306,
            -0.8740388751029968
        ]
    },
    "3": {
        "top5_index": [
            88,
            183,
            326,
            395,
            636
        ],
        "scores": [
            1.0,
            -0.7924049496650696,
            -0.7737028002738953,
            -0.69615638256073,
            0.686519980430603
        ]
    },
    "4": {
        "top5_index": [
            88,
            527,
            655,
            198,
            532
        ],
        "scores": [
            1.0,
            -0.9121553301811218,
            0.8992513418197632,
            0.8523064255714417,
            -0.8505824208259583
        ]
    },
    "5": {
        "top5_index": [
            527,
            703,
            68,
            198,
            88
        ],
        "scores": [
            -1.0,
            -0.9621266722679138,
            0.9354056119918823,
            0.8363810181617737,
            0.8314406275749207
        ]
    },
    "6": {
        "top5_index": [
            23,
            667,
            68,
            88,
            134
        ],
        "scores": [
            1.0,
            -0.8975690603256226,
            0.8908889293670654,
            0.8789661526679993,
            0.8598771095275879
        ]
    },
    "7": {
        "top5_index": [
            134,
            23,
            69,
            283,
            173
        ],
        "scores": [
            1.0,
            0.8066072463989258,
            0.8060203194618225,
            -0.7479739785194397,
            -0.7310663461685181
        ]
    },
    "8": {
        "top5_index": [
            605,
            587,
            762,
            393,
            663
        ],
        "scores": [
            1.0,
            -0.8362668752670288,
            0.8126329183578491,
            -0.7964954972267151,
            0.7813127040863037
        ]
    },
    "9": {
        "top5_index": [
            663,
            313,
            308,
            287,
            88
        ],
        "scores": [
            1.0,
            -0.9151409864425659,
            0.8838394284248352,
            0.8427976369857788,
            0.8425881266593933
        ]
    },
    "10": {
        "top5_index": [
            88,
            605,
            313,
            311,
            308
        ],
        "scores": [
            1.0,
            0.9806366562843323,
            -0.951299250125885,
            0.911845862865448,
            0.8905109763145447
        ]
    },
    "11": {
        "top5_index": [
            554,
            443,
            605,
            47,
            707
        ],
        "scores": [
            -1.0,
            -0.9304335117340088,
            0.9148324728012085,
            0.9135874509811401,
            -0.9021062850952148
        ]
    }
}