{
    "0": {
        "top5_index": [
            2976,
            248,
            630,
            172,
            2167
        ],
        "scores": [
            1.0,
            0.9909027218818665,
            -0.8806049823760986,
            0.8736512660980225,
            0.7929942011833191
        ]
    },
    "1": {
        "top5_index": [
            3008,
            1978,
            1516,
            489,
            1076
        ],
        "scores": [
            -1.0,
            -0.9929013848304749,
            -0.8959298133850098,
            -0.8747779130935669,
            -0.8182747960090637
        ]
    },
    "2": {
        "top5_index": [
            1280,
            2827,
            3026,
            2038,
            617
        ],
        "scores": [
            1.0,
            0.9671251177787781,
            -0.9600972533226013,
            0.9313135147094727,
            -0.8986886143684387
        ]
    },
    "3": {
        "top5_index": [
            738,
            1456,
            1407,
            2730,
            2650
        ],
        "scores": [
            -1.0,
            -0.7022857069969177,
            -0.6870881915092468,
            -0.6732422113418579,
            0.6657160520553589
        ]
    },
    "4": {
        "top5_index": [
            207,
            240,
            117,
            1960,
            3054
        ],
        "scores": [
            -1.0,
            -0.8977123498916626,
            -0.8403263092041016,
            -0.7291638255119324,
            -0.7103611826896667
        ]
    },
    "5": {
        "top5_index": [
            79,
            1909,
            2166,
            1837,
            2570
        ],
        "scores": [
            -1.0,
            0.7573813199996948,
            0.65926593542099,
            -0.6390966176986694,
            0.638792097568512
        ]
    },
    "6": {
        "top5_index": [
            684,
            764,
            853,
            2503,
            1235
        ],
        "scores": [
            1.0,
            0.584187388420105,
            0.49655503034591675,
            0.47502800822257996,
            -0.4568071663379669
        ]
    },
    "7": {
        "top5_index": [
            859,
            2648,
            164,
            1865,
            1142
        ],
        "scores": [
            -1.0,
            0.9827597737312317,
            0.9744649529457092,
            0.9674129486083984,
            -0.9631738662719727
        ]
    },
    "8": {
        "top5_index": [
            1794,
            2833,
            670,
            936,
            2122
        ],
        "scores": [
            -1.0,
            -0.7824586033821106,
            -0.7308938503265381,
            -0.7127018570899963,
            0.7064658999443054
        ]
    },
    "9": {
        "top5_index": [
            2805,
            1053,
            1679,
            1538,
            904
        ],
        "scores": [
            -1.0,
            -0.9865185618400574,
            0.9492948055267334,
            -0.90315842628479,
            -0.8610376715660095
        ]
    },
    "10": {
        "top5_index": [
            2761,
            2872,
            749,
            2678,
            1148
        ],
        "scores": [
            1.0,
            0.7768357396125793,
            0.7672227621078491,
            0.7637986540794373,
            0.726862370967865
        ]
    },
    "11": {
        "top5_index": [
            2493,
            1225,
            1056,
            2123,
            3062
        ],
        "scores": [
            1.0,
            0.5929200649261475,
            0.5812898278236389,
            -0.5545716285705566,
            0.5473116040229797
        ]
    }
}