{
    "0": {
        "top5_index": [
            1,
            287,
            236,
            653,
            394
        ],
        "scores": [
            -1.0,
            -0.9771857857704163,
            -0.965259313583374,
            0.927402913570404,
            0.863441526889801
        ]
    },
    "1": {
        "top5_index": [
            100,
            281,
            101,
            672,
            186
        ],
        "scores": [
            1.0,
            0.9708631634712219,
            0.926728367805481,
            0.9250674247741699,
            0.9074388742446899
        ]
    },
    "2": {
        "top5_index": [
            505,
            205,
            281,
            100,
            624
        ],
        "scores": [
            1.0,
            0.9741522073745728,
            0.9664778709411621,
            0.9608537554740906,
            -0.9506129026412964
        ]
    },
    "3": {
        "top5_index": [
            100,
            624,
            9,
            414,
            507
        ],
        "scores": [
            1.0,
            -0.9236903786659241,
            -0.9150456786155701,
            -0.8571423888206482,
            0.7926610708236694
        ]
    },
    "4": {
        "top5_index": [
            248,
            100,
            345,
            643,
            158
        ],
        "scores": [
            1.0,
            0.9013122320175171,
            0.786041259765625,
            -0.764846920967102,
            -0.7425711154937744
        ]
    },
    "5": {
        "top5_index": [
            100,
            142,
            563,
            674,
            336
        ],
        "scores": [
            1.0,
            0.9507417678833008,
            0.8399064540863037,
            0.8337499499320984,
            0.8183736801147461
        ]
    },
    "6": {
        "top5_index": [
            674,
            248,
            667,
            314,
            749
        ],
        "scores": [
            1.0,
            0.9151753783226013,
            0.8797217607498169,
            0.8206767439842224,
            -0.8109898567199707
        ]
    },
    "7": {
        "top5_index": [
            605,
            674,
            134,
            469,
            393
        ],
        "scores": [
            -1.0,
            0.9918524622917175,
            -0.9299719333648682,
            0.9019359946250916,
            0.8768712878227234
        ]
    },
    "8": {
        "top5_index": [
            134,
            97,
            38,
            605,
            748
        ],
        "scores": [
            -1.0,
            0.9394646883010864,
            0.9020668864250183,
            -0.8153195977210999,
            0.8140329122543335
        ]
    },
    "9": {
        "top5_index": [
            238,
            319,
            663,
            134,
            393
        ],
        "scores": [
            1.0,
            0.9346731305122375,
            -0.8314880132675171,
            -0.8252887725830078,
            0.8210086226463318
        ]
    },
    "10": {
        "top5_index": [
            605,
            319,
            88,
            748,
            663
        ],
        "scores": [
            -1.0,
            0.8743169903755188,
            -0.8657895922660828,
            0.861816942691803,
            -0.8529996275901794
        ]
    },
    "11": {
        "top5_index": [
            605,
            702,
            577,
            169,
            319
        ],
        "scores": [
            -1.0,
            0.9249410629272461,
            -0.8609997034072876,
            0.8334484100341797,
            0.8219586610794067
        ]
    }
}