{
    "0": {
        "top5_index": [
            2401,
            1704,
            2581,
            745,
            1681
        ],
        "scores": [
            1.0,
            0.9832431674003601,
            -0.9566434621810913,
            0.9238511323928833,
            -0.913824737071991
        ]
    },
    "1": {
        "top5_index": [
            379,
            457,
            2038,
            1778,
            1726
        ],
        "scores": [
            1.0,
            -0.8932205438613892,
            -0.8231949210166931,
            0.8142633438110352,
            0.8077672123908997
        ]
    },
    "2": {
        "top5_index": [
            2038,
            2296,
            666,
            1280,
            1858
        ],
        "scores": [
            1.0,
            -0.9551622271537781,
            -0.8344666957855225,
            0.7970559597015381,
            0.7673876285552979
        ]
    },
    "3": {
        "top5_index": [
            1531,
            68,
            2660,
            824,
            2664
        ],
        "scores": [
            -1.0,
            -0.9284506440162659,
            -0.882599949836731,
            -0.8434134721755981,
            -0.7650463581085205
        ]
    },
    "4": {
        "top5_index": [
            863,
            2493,
            1417,
            3035,
            1087
        ],
        "scores": [
            -1.0,
            -0.9299140572547913,
            0.8753888010978699,
            -0.8329108953475952,
            0.822529673576355
        ]
    },
    "5": {
        "top5_index": [
            79,
            2166,
            951,
            2077,
            2882
        ],
        "scores": [
            -1.0,
            0.8764143586158752,
            0.8402061462402344,
            0.7654358744621277,
            0.7335798740386963
        ]
    },
    "6": {
        "top5_index": [
            684,
            1615,
            1580,
            870,
            2503
        ],
        "scores": [
            1.0,
            0.725829005241394,
            0.6875149607658386,
            0.6771184802055359,
            0.6171196699142456
        ]
    },
    "7": {
        "top5_index": [
            164,
            2765,
            2547,
            2738,
            139
        ],
        "scores": [
            1.0,
            0.8940159678459167,
            -0.8788536787033081,
            0.8168664574623108,
            0.8071976900100708
        ]
    },
    "8": {
        "top5_index": [
            1794,
            1843,
            175,
            482,
            670
        ],
        "scores": [
            -1.0,
            0.9376659393310547,
            -0.6758307814598083,
            -0.6574701070785522,
            -0.6571282148361206
        ]
    },
    "9": {
        "top5_index": [
            2008,
            2382,
            254,
            507,
            1455
        ],
        "scores": [
            -1.0,
            -0.9741372466087341,
            -0.9143575429916382,
            -0.906894862651825,
            0.9008026719093323
        ]
    },
    "10": {
        "top5_index": [
            2761,
            753,
            2678,
            2225,
            749
        ],
        "scores": [
            1.0,
            -0.8286735415458679,
            0.7907012701034546,
            -0.7892035245895386,
            0.7743597030639648
        ]
    },
    "11": {
        "top5_index": [
            2493,
            1225,
            1056,
            2123,
            3062
        ],
        "scores": [
            1.0,
            0.5929200053215027,
            0.5812898278236389,
            -0.5545716285705566,
            0.5473113656044006
        ]
    }
}