{
    "0": {
        "top5_index": [
            82,
            755,
            595,
            237,
            618
        ],
        "scores": [
            1.0,
            -0.7925024032592773,
            0.7671331167221069,
            0.7619692087173462,
            -0.7472134828567505
        ]
    },
    "1": {
        "top5_index": [
            678,
            448,
            672,
            382,
            522
        ],
        "scores": [
            1.0,
            -0.881497859954834,
            0.7385571002960205,
            0.7306020259857178,
            0.7168927192687988
        ]
    },
    "2": {
        "top5_index": [
            448,
            97,
            284,
            522,
            107
        ],
        "scores": [
            -1.0,
            0.9700316190719604,
            -0.9504370093345642,
            0.9159156084060669,
            -0.9095852375030518
        ]
    },
    "3": {
        "top5_index": [
            514,
            236,
            28,
            448,
            522
        ],
        "scores": [
            -1.0,
            -0.9277661442756653,
            0.8536217212677002,
            -0.8535085320472717,
            0.8404275178909302
        ]
    },
    "4": {
        "top5_index": [
            69,
            501,
            289,
            76,
            546
        ],
        "scores": [
            -1.0,
            -0.9645801186561584,
            0.9596866965293884,
            0.9497594833374023,
            -0.9490110278129578
        ]
    },
    "5": {
        "top5_index": [
            5,
            97,
            448,
            546,
            441
        ],
        "scores": [
            -1.0,
            0.9974462389945984,
            -0.9692369699478149,
            -0.9181361198425293,
            -0.9083628058433533
        ]
    },
    "6": {
        "top5_index": [
            314,
            703,
            532,
            38,
            538
        ],
        "scores": [
            1.0,
            0.9665690660476685,
            0.9512492418289185,
            0.9000808596611023,
            0.8947837352752686
        ]
    },
    "7": {
        "top5_index": [
            405,
            38,
            238,
            253,
            679
        ],
        "scores": [
            1.0,
            0.9665049314498901,
            0.947751522064209,
            -0.8740155696868896,
            -0.8733043670654297
        ]
    },
    "8": {
        "top5_index": [
            134,
            38,
            238,
            414,
            405
        ],
        "scores": [
            -1.0,
            0.9920027852058411,
            0.9807332158088684,
            -0.8319432139396667,
            0.830217182636261
        ]
    },
    "9": {
        "top5_index": [
            238,
            571,
            405,
            419,
            134
        ],
        "scores": [
            1.0,
            -0.9119361639022827,
            0.8646507263183594,
            0.804986834526062,
            -0.804836094379425
        ]
    },
    "10": {
        "top5_index": [
            605,
            88,
            663,
            748,
            319
        ],
        "scores": [
            -1.0,
            -0.8509973287582397,
            -0.8403443694114685,
            0.8087342381477356,
            0.8023684620857239
        ]
    },
    "11": {
        "top5_index": [
            605,
            702,
            577,
            169,
            319
        ],
        "scores": [
            -1.0,
            0.9249410033226013,
            -0.8609997034072876,
            0.8334484100341797,
            0.821958601474762
        ]
    }
}