{
    "0": {
        "top5_index": [
            130,
            226,
            512,
            51,
            255
        ],
        "scores": [
            -1.0,
            0.9407349228858948,
            -0.9352242946624756,
            0.8817442059516907,
            -0.8758738040924072
        ]
    },
    "1": {
        "top5_index": [
            403,
            51,
            512,
            581,
            554
        ],
        "scores": [
            -1.0,
            0.8938729166984558,
            -0.8612051606178284,
            -0.7787462472915649,
            -0.7476257681846619
        ]
    },
    "2": {
        "top5_index": [
            512,
            554,
            64,
            51,
            532
        ],
        "scores": [
            -1.0,
            -0.8222886919975281,
            -0.6988595128059387,
            0.643449068069458,
            -0.6378237009048462
        ]
    },
    "3": {
        "top5_index": [
            69,
            512,
            366,
            554,
            165
        ],
        "scores": [
            1.0,
            -0.8262878656387329,
            0.7664519548416138,
            -0.7316135168075562,
            0.6533416509628296
        ]
    },
    "4": {
        "top5_index": [
            69,
            311,
            512,
            287,
            674
        ],
        "scores": [
            1.0,
            0.8474066853523254,
            -0.8386462926864624,
            0.6869949698448181,
            -0.682365894317627
        ]
    },
    "5": {
        "top5_index": [
            69,
            311,
            342,
            674,
            181
        ],
        "scores": [
            1.0,
            0.9949636459350586,
            0.747288703918457,
            -0.7451123595237732,
            -0.74222332239151
        ]
    },
    "6": {
        "top5_index": [
            69,
            311,
            24,
            145,
            19
        ],
        "scores": [
            1.0,
            0.9557515382766724,
            -0.8408746719360352,
            0.8122343420982361,
            0.8052703142166138
        ]
    },
    "7": {
        "top5_index": [
            311,
            69,
            119,
            674,
            587
        ],
        "scores": [
            1.0,
            0.9194828867912292,
            0.8870930075645447,
            -0.8619053959846497,
            -0.7571341395378113
        ]
    },
    "8": {
        "top5_index": [
            298,
            121,
            119,
            587,
            24
        ],
        "scores": [
            1.0,
            0.9609394669532776,
            0.9518802165985107,
            -0.9162191152572632,
            -0.9071720242500305
        ]
    },
    "9": {
        "top5_index": [
            313,
            298,
            667,
            287,
            554
        ],
        "scores": [
            -1.0,
            0.9858657121658325,
            -0.8713397979736328,
            0.8583921790122986,
            -0.8474931120872498
        ]
    },
    "10": {
        "top5_index": [
            119,
            88,
            554,
            707,
            311
        ],
        "scores": [
            1.0,
            0.9813464879989624,
            -0.9639149308204651,
            -0.9425920844078064,
            0.9041750431060791
        ]
    },
    "11": {
        "top5_index": [
            554,
            443,
            605,
            47,
            707
        ],
        "scores": [
            -1.0,
            -0.9304335117340088,
            0.914832353591919,
            0.9135872721672058,
            -0.9021061658859253
        ]
    }
}