{
    "0": {
        "top5_index": [
            1914,
            2581,
            271,
            2993,
            1186
        ],
        "scores": [
            -1.0,
            -0.8761552572250366,
            -0.7394546866416931,
            0.732388973236084,
            0.696549117565155
        ]
    },
    "1": {
        "top5_index": [
            1435,
            2596,
            1982,
            1967,
            1878
        ],
        "scores": [
            1.0,
            -0.9194876551628113,
            -0.7892805337905884,
            0.7399718761444092,
            0.7235689759254456
        ]
    },
    "2": {
        "top5_index": [
            1144,
            2382,
            2553,
            1972,
            637
        ],
        "scores": [
            1.0,
            0.8869229555130005,
            -0.7137128710746765,
            -0.7096790671348572,
            0.6866917610168457
        ]
    },
    "3": {
        "top5_index": [
            68,
            1531,
            1659,
            1009,
            1758
        ],
        "scores": [
            -1.0,
            -0.8499798774719238,
            0.8291791081428528,
            0.7778517007827759,
            0.7749344110488892
        ]
    },
    "4": {
        "top5_index": [
            3054,
            2033,
            207,
            388,
            2718
        ],
        "scores": [
            1.0,
            -0.8893094658851624,
            -0.8681680560112,
            0.8593258261680603,
            -0.8378563523292542
        ]
    },
    "5": {
        "top5_index": [
            803,
            2386,
            83,
            419,
            1509
        ],
        "scores": [
            -1.0,
            0.848315954208374,
            -0.7680257558822632,
            -0.7045618891716003,
            0.7018485069274902
        ]
    },
    "6": {
        "top5_index": [
            684,
            1142,
            2503,
            1930,
            764
        ],
        "scores": [
            -1.0,
            -0.8126801252365112,
            -0.7738038897514343,
            -0.755270779132843,
            -0.7330321073532104
        ]
    },
    "7": {
        "top5_index": [
            1562,
            3071,
            2547,
            1339,
            2390
        ],
        "scores": [
            1.0,
            0.8021976351737976,
            0.7883138060569763,
            0.7858507037162781,
            0.7547098398208618
        ]
    },
    "8": {
        "top5_index": [
            1509,
            1794,
            1015,
            1394,
            936
        ],
        "scores": [
            -1.0,
            0.9376065135002136,
            0.8675242066383362,
            0.7197128534317017,
            0.7064528465270996
        ]
    },
    "9": {
        "top5_index": [
            1043,
            1197,
            1436,
            107,
            1144
        ],
        "scores": [
            -1.0,
            -0.7329298257827759,
            -0.7302073836326599,
            0.7141209840774536,
            -0.6506418585777283
        ]
    },
    "10": {
        "top5_index": [
            2761,
            303,
            2678,
            1148,
            126
        ],
        "scores": [
            -1.0,
            -0.8190652132034302,
            -0.79856938123703,
            -0.7751824259757996,
            0.7407299280166626
        ]
    },
    "11": {
        "top5_index": [
            2493,
            853,
            2807,
            1092,
            2123
        ],
        "scores": [
            -1.0,
            -0.6387246251106262,
            0.637084424495697,
            -0.6218987703323364,
            0.6117159724235535
        ]
    }
}