{
    "0": {
        "top5_index": [
            281,
            57,
            282,
            134,
            507
        ],
        "scores": [
            1.0,
            -0.8081650733947754,
            -0.7629585266113281,
            -0.7607793807983398,
            0.6976222991943359
        ]
    },
    "1": {
        "top5_index": [
            281,
            678,
            761,
            618,
            421
        ],
        "scores": [
            1.0,
            0.969111442565918,
            -0.7329331636428833,
            -0.6984038949012756,
            -0.6887840032577515
        ]
    },
    "2": {
        "top5_index": [
            281,
            181,
            85,
            563,
            51
        ],
        "scores": [
            1.0,
            0.7164537310600281,
            0.7120078206062317,
            0.6933587193489075,
            -0.6804652810096741
        ]
    },
    "3": {
        "top5_index": [
            281,
            73,
            267,
            304,
            588
        ],
        "scores": [
            1.0,
            0.9471753239631653,
            -0.8809841871261597,
            -0.845297634601593,
            -0.8172808289527893
        ]
    },
    "4": {
        "top5_index": [
            281,
            267,
            651,
            313,
            51
        ],
        "scores": [
            1.0,
            -0.9727132320404053,
            -0.956238329410553,
            0.8795598745346069,
            -0.8594593405723572
        ]
    },
    "5": {
        "top5_index": [
            313,
            651,
            530,
            674,
            405
        ],
        "scores": [
            1.0,
            -0.9620416760444641,
            -0.9310321807861328,
            0.9251577258110046,
            0.9145162105560303
        ]
    },
    "6": {
        "top5_index": [
            165,
            674,
            173,
            134,
            319
        ],
        "scores": [
            -1.0,
            0.9986519813537598,
            0.9928142428398132,
            -0.9898704886436462,
            0.9250526428222656
        ]
    },
    "7": {
        "top5_index": [
            605,
            134,
            173,
            674,
            656
        ],
        "scores": [
            -1.0,
            -0.9276320338249207,
            0.8712641596794128,
            0.814714252948761,
            0.7796127200126648
        ]
    },
    "8": {
        "top5_index": [
            3,
            134,
            605,
            753,
            748
        ],
        "scores": [
            1.0,
            -0.9383669495582581,
            -0.9054454565048218,
            -0.8699159622192383,
            0.8196415305137634
        ]
    },
    "9": {
        "top5_index": [
            319,
            663,
            605,
            88,
            748
        ],
        "scores": [
            1.0,
            -0.9624239206314087,
            -0.8454400300979614,
            -0.8368338346481323,
            0.7667146325111389
        ]
    },
    "10": {
        "top5_index": [
            605,
            663,
            319,
            748,
            88
        ],
        "scores": [
            -1.0,
            -0.9336459636688232,
            0.9135560393333435,
            0.8780573010444641,
            -0.8553688526153564
        ]
    },
    "11": {
        "top5_index": [
            605,
            702,
            577,
            169,
            319
        ],
        "scores": [
            -1.0,
            0.9249411225318909,
            -0.8609997630119324,
            0.8334485292434692,
            0.8219587206840515
        ]
    }
}