{
    "0": {
        "top5_index": [
            2581,
            2976,
            248,
            2577,
            2067
        ],
        "scores": [
            -1.0,
            0.7763117551803589,
            0.7577580213546753,
            -0.7189956903457642,
            -0.7106902003288269
        ]
    },
    "1": {
        "top5_index": [
            1778,
            1726,
            2157,
            660,
            1516
        ],
        "scores": [
            1.0,
            0.975834846496582,
            0.8293227553367615,
            -0.8167593479156494,
            -0.8167267441749573
        ]
    },
    "2": {
        "top5_index": [
            1604,
            2060,
            2772,
            995,
            2155
        ],
        "scores": [
            1.0,
            0.9549369812011719,
            -0.9054350852966309,
            -0.8415342569351196,
            0.8325921893119812
        ]
    },
    "3": {
        "top5_index": [
            2522,
            2119,
            1128,
            2181,
            429
        ],
        "scores": [
            -1.0,
            -0.906329333782196,
            -0.8146390914916992,
            -0.7997063398361206,
            -0.7946579456329346
        ]
    },
    "4": {
        "top5_index": [
            533,
            1452,
            2187,
            1378,
            2493
        ],
        "scores": [
            -1.0,
            -0.864101767539978,
            0.768768310546875,
            0.742331862449646,
            -0.7247482538223267
        ]
    },
    "5": {
        "top5_index": [
            496,
            2373,
            124,
            655,
            699
        ],
        "scores": [
            1.0,
            -0.9822596311569214,
            0.8659788966178894,
            0.8023573160171509,
            -0.7663114666938782
        ]
    },
    "6": {
        "top5_index": [
            684,
            2277,
            572,
            1615,
            2896
        ],
        "scores": [
            1.0,
            -0.6498501300811768,
            -0.6019682288169861,
            0.5754863619804382,
            0.5280296802520752
        ]
    },
    "7": {
        "top5_index": [
            164,
            2340,
            1471,
            115,
            1427
        ],
        "scores": [
            1.0,
            -0.8023809790611267,
            -0.7495607137680054,
            0.724055290222168,
            -0.7056901454925537
        ]
    },
    "8": {
        "top5_index": [
            1794,
            2833,
            670,
            936,
            2893
        ],
        "scores": [
            -1.0,
            -0.8926636576652527,
            -0.7958657145500183,
            -0.580377995967865,
            0.5566047430038452
        ]
    },
    "9": {
        "top5_index": [
            1043,
            2805,
            2228,
            2008,
            904
        ],
        "scores": [
            1.0,
            -0.9393556714057922,
            -0.8717784285545349,
            -0.8573558926582336,
            -0.8432825803756714
        ]
    },
    "10": {
        "top5_index": [
            2761,
            1148,
            1041,
            749,
            2872
        ],
        "scores": [
            1.0,
            0.9405209422111511,
            0.9089528918266296,
            0.8883592486381531,
            0.8481006622314453
        ]
    },
    "11": {
        "top5_index": [
            2493,
            1225,
            1056,
            2123,
            3062
        ],
        "scores": [
            1.0,
            0.5929200053215027,
            0.5812896490097046,
            -0.5545716285705566,
            0.5473113059997559
        ]
    }
}