{
    "0": {
        "top5_index": [
            2581,
            1914,
            271,
            1090,
            2771
        ],
        "scores": [
            -1.0,
            -0.9135499000549316,
            -0.6805040240287781,
            -0.6622285842895508,
            -0.6475849747657776
        ]
    },
    "1": {
        "top5_index": [
            2008,
            431,
            2992,
            1317,
            2054
        ],
        "scores": [
            -1.0,
            -0.9955291152000427,
            0.9613056778907776,
            -0.9391468167304993,
            0.9316531419754028
        ]
    },
    "2": {
        "top5_index": [
            2245,
            3012,
            1310,
            2037,
            2943
        ],
        "scores": [
            1.0,
            0.964871346950531,
            0.9534653425216675,
            0.9087523221969604,
            0.8814975023269653
        ]
    },
    "3": {
        "top5_index": [
            824,
            1531,
            68,
            2660,
            1470
        ],
        "scores": [
            -1.0,
            -0.993783712387085,
            -0.9691897630691528,
            -0.8671050071716309,
            -0.8090652823448181
        ]
    },
    "4": {
        "top5_index": [
            191,
            923,
            449,
            2879,
            452
        ],
        "scores": [
            -1.0,
            -0.958838701248169,
            -0.9510025382041931,
            -0.9500219225883484,
            -0.9241668581962585
        ]
    },
    "5": {
        "top5_index": [
            2194,
            1392,
            803,
            2689,
            2068
        ],
        "scores": [
            -1.0,
            0.866219699382782,
            -0.864469587802887,
            0.8571265935897827,
            0.8270359039306641
        ]
    },
    "6": {
        "top5_index": [
            1720,
            1622,
            1415,
            729,
            954
        ],
        "scores": [
            1.0,
            -0.8276663422584534,
            -0.8232925534248352,
            0.8034830093383789,
            0.638100266456604
        ]
    },
    "7": {
        "top5_index": [
            2093,
            1562,
            238,
            1069,
            2955
        ],
        "scores": [
            1.0,
            0.6753354668617249,
            0.6594256162643433,
            0.6273560523986816,
            0.5790284276008606
        ]
    },
    "8": {
        "top5_index": [
            1509,
            1794,
            936,
            1361,
            2684
        ],
        "scores": [
            -1.0,
            0.9623219966888428,
            0.7825528383255005,
            0.7404196858406067,
            0.6889474987983704
        ]
    },
    "9": {
        "top5_index": [
            1197,
            484,
            1043,
            1144,
            2314
        ],
        "scores": [
            -1.0,
            0.992010772228241,
            -0.9867942929267883,
            -0.9411152601242065,
            0.9007514119148254
        ]
    },
    "10": {
        "top5_index": [
            749,
            2422,
            2678,
            1148,
            303
        ],
        "scores": [
            -1.0,
            0.973163902759552,
            -0.9602652192115784,
            -0.9334210157394409,
            -0.9189356565475464
        ]
    },
    "11": {
        "top5_index": [
            2493,
            853,
            2807,
            1092,
            2123
        ],
        "scores": [
            -1.0,
            -0.638724684715271,
            0.6370846629142761,
            -0.6218990087509155,
            0.6117160320281982
        ]
    }
}