{
    "0": {
        "top5_index": [
            259,
            281,
            82,
            357,
            205
        ],
        "scores": [
            1.0,
            0.8449174761772156,
            0.8374583721160889,
            -0.7064787149429321,
            0.6622611880302429
        ]
    },
    "1": {
        "top5_index": [
            425,
            51,
            428,
            602,
            435
        ],
        "scores": [
            -1.0,
            0.9687403440475464,
            -0.9637734889984131,
            -0.9140715599060059,
            -0.8883775472640991
        ]
    },
    "2": {
        "top5_index": [
            206,
            167,
            559,
            448,
            223
        ],
        "scores": [
            1.0,
            0.9709377884864807,
            0.9266229271888733,
            -0.8920954465866089,
            -0.8767090439796448
        ]
    },
    "3": {
        "top5_index": [
            311,
            28,
            181,
            119,
            355
        ],
        "scores": [
            1.0,
            0.9964529275894165,
            -0.9897699952125549,
            0.9805513024330139,
            0.9477294683456421
        ]
    },
    "4": {
        "top5_index": [
            311,
            173,
            206,
            448,
            743
        ],
        "scores": [
            1.0,
            -0.9740757346153259,
            0.8913161158561707,
            -0.823771059513092,
            0.7972123026847839
        ]
    },
    "5": {
        "top5_index": [
            311,
            119,
            342,
            173,
            320
        ],
        "scores": [
            1.0,
            0.8978497385978699,
            0.8702926635742188,
            -0.7766909599304199,
            -0.7681386470794678
        ]
    },
    "6": {
        "top5_index": [
            311,
            265,
            205,
            119,
            165
        ],
        "scores": [
            1.0,
            0.8494716882705688,
            0.841418981552124,
            0.826776385307312,
            0.7770596742630005
        ]
    },
    "7": {
        "top5_index": [
            119,
            311,
            117,
            585,
            667
        ],
        "scores": [
            1.0,
            0.9506370425224304,
            -0.7204832434654236,
            0.6819995641708374,
            -0.6647169589996338
        ]
    },
    "8": {
        "top5_index": [
            119,
            11,
            265,
            311,
            47
        ],
        "scores": [
            1.0,
            -0.9994961023330688,
            0.7996568083763123,
            0.7853049635887146,
            0.77195143699646
        ]
    },
    "9": {
        "top5_index": [
            298,
            119,
            72,
            663,
            272
        ],
        "scores": [
            1.0,
            0.968190610408783,
            -0.9322150945663452,
            0.9182789325714111,
            0.8788813352584839
        ]
    },
    "10": {
        "top5_index": [
            119,
            88,
            707,
            313,
            605
        ],
        "scores": [
            1.0,
            0.9545080661773682,
            -0.9004480838775635,
            -0.8675784468650818,
            0.8392454981803894
        ]
    },
    "11": {
        "top5_index": [
            554,
            443,
            605,
            47,
            707
        ],
        "scores": [
            -1.0,
            -0.9304335117340088,
            0.914832353591919,
            0.9135872721672058,
            -0.9021062254905701
        ]
    }
}