{
    "0": {
        "top5_index": [
            1,
            366,
            547,
            255,
            210
        ],
        "scores": [
            -1.0,
            -0.957962691783905,
            -0.8278758525848389,
            -0.7783085703849792,
            0.7405109405517578
        ]
    },
    "1": {
        "top5_index": [
            682,
            616,
            403,
            471,
            678
        ],
        "scores": [
            1.0,
            0.8245046734809875,
            -0.8147556185722351,
            0.7023022770881653,
            -0.6683668494224548
        ]
    },
    "2": {
        "top5_index": [
            508,
            532,
            223,
            512,
            211
        ],
        "scores": [
            1.0,
            -0.9870524406433105,
            -0.9742292165756226,
            -0.9547786116600037,
            -0.9518688321113586
        ]
    },
    "3": {
        "top5_index": [
            31,
            223,
            211,
            181,
            282
        ],
        "scores": [
            -1.0,
            -0.993847668170929,
            -0.978168249130249,
            -0.94697105884552,
            0.898048996925354
        ]
    },
    "4": {
        "top5_index": [
            23,
            198,
            435,
            97,
            532
        ],
        "scores": [
            1.0,
            0.9770770072937012,
            -0.9032439589500427,
            -0.8831581473350525,
            -0.8734950423240662
        ]
    },
    "5": {
        "top5_index": [
            587,
            524,
            454,
            155,
            198
        ],
        "scores": [
            -1.0,
            0.9512567520141602,
            -0.7695345878601074,
            0.7685234546661377,
            0.7490245699882507
        ]
    },
    "6": {
        "top5_index": [
            587,
            23,
            524,
            508,
            320
        ],
        "scores": [
            -1.0,
            0.8299336433410645,
            0.8207288980484009,
            0.8066282272338867,
            -0.8028762936592102
        ]
    },
    "7": {
        "top5_index": [
            587,
            23,
            69,
            298,
            283
        ],
        "scores": [
            -1.0,
            0.9277223944664001,
            0.9096057415008545,
            0.8307129144668579,
            -0.8103452920913696
        ]
    },
    "8": {
        "top5_index": [
            587,
            298,
            701,
            490,
            605
        ],
        "scores": [
            -1.0,
            0.9248234629631042,
            -0.9005579352378845,
            0.8792980909347534,
            0.8646458387374878
        ]
    },
    "9": {
        "top5_index": [
            663,
            490,
            232,
            313,
            287
        ],
        "scores": [
            1.0,
            0.9316900968551636,
            0.9190782904624939,
            -0.8957890868186951,
            0.8524848222732544
        ]
    },
    "10": {
        "top5_index": [
            88,
            605,
            119,
            313,
            311
        ],
        "scores": [
            1.0,
            0.9631369113922119,
            0.9290952682495117,
            -0.9156109094619751,
            0.905879020690918
        ]
    },
    "11": {
        "top5_index": [
            554,
            443,
            605,
            47,
            707
        ],
        "scores": [
            -1.0,
            -0.9304335117340088,
            0.9148324131965637,
            0.9135873317718506,
            -0.9021062254905701
        ]
    }
}