{
    "0": {
        "top5_index": [
            516,
            2976,
            172,
            248,
            3023
        ],
        "scores": [
            1.0,
            0.8218421339988708,
            0.6386879086494446,
            0.6340955495834351,
            -0.6224346160888672
        ]
    },
    "1": {
        "top5_index": [
            1909,
            1967,
            2563,
            1878,
            1510
        ],
        "scores": [
            -1.0,
            0.855617344379425,
            -0.8386850953102112,
            0.8220828175544739,
            -0.8037787079811096
        ]
    },
    "2": {
        "top5_index": [
            2037,
            1310,
            1570,
            77,
            1258
        ],
        "scores": [
            1.0,
            0.8380398750305176,
            0.7241114974021912,
            0.7197889089584351,
            0.6952493786811829
        ]
    },
    "3": {
        "top5_index": [
            68,
            1531,
            824,
            2660,
            1470
        ],
        "scores": [
            -1.0,
            -0.9391981959342957,
            -0.8992785215377808,
            -0.7529043555259705,
            -0.7406401038169861
        ]
    },
    "4": {
        "top5_index": [
            2606,
            1780,
            2422,
            1030,
            991
        ],
        "scores": [
            -1.0,
            -0.9695838689804077,
            0.9195945858955383,
            -0.917675256729126,
            -0.8557928800582886
        ]
    },
    "5": {
        "top5_index": [
            951,
            2077,
            2166,
            659,
            1318
        ],
        "scores": [
            1.0,
            0.9343006014823914,
            0.7122464776039124,
            -0.6836750507354736,
            -0.6795778870582581
        ]
    },
    "6": {
        "top5_index": [
            684,
            278,
            2503,
            664,
            1615
        ],
        "scores": [
            -1.0,
            0.7963632941246033,
            -0.737701952457428,
            -0.718684732913971,
            -0.6801643371582031
        ]
    },
    "7": {
        "top5_index": [
            2547,
            1339,
            1562,
            2390,
            687
        ],
        "scores": [
            1.0,
            0.9895979762077332,
            0.8919256329536438,
            0.7691988945007324,
            0.6130776405334473
        ]
    },
    "8": {
        "top5_index": [
            1794,
            1509,
            1015,
            936,
            1493
        ],
        "scores": [
            1.0,
            -0.7175343632698059,
            0.660714328289032,
            0.660395622253418,
            0.6296516060829163
        ]
    },
    "9": {
        "top5_index": [
            1043,
            1197,
            1436,
            2250,
            2762
        ],
        "scores": [
            -1.0,
            -0.8792082667350769,
            -0.78303062915802,
            -0.7131664752960205,
            -0.6711781620979309
        ]
    },
    "10": {
        "top5_index": [
            2761,
            2678,
            1148,
            2422,
            126
        ],
        "scores": [
            -1.0,
            -0.8627105951309204,
            -0.8594579696655273,
            0.8077436089515686,
            0.7350831627845764
        ]
    },
    "11": {
        "top5_index": [
            2493,
            853,
            2807,
            1092,
            2123
        ],
        "scores": [
            -1.0,
            -0.6387248635292053,
            0.6370846033096313,
            -0.6218991279602051,
            0.6117161512374878
        ]
    }
}