{
    "0": {
        "top5_index": [
            595,
            1,
            674,
            517,
            618
        ],
        "scores": [
            1.0,
            0.9251165390014648,
            -0.8777331113815308,
            -0.8624346852302551,
            -0.7898001074790955
        ]
    },
    "1": {
        "top5_index": [
            616,
            682,
            514,
            310,
            11
        ],
        "scores": [
            -1.0,
            -0.9695281386375427,
            0.853127121925354,
            0.791799008846283,
            -0.7687278985977173
        ]
    },
    "2": {
        "top5_index": [
            514,
            393,
            232,
            61,
            88
        ],
        "scores": [
            1.0,
            -0.8772231340408325,
            0.851219892501831,
            -0.8139688372612,
            0.8104872703552246
        ]
    },
    "3": {
        "top5_index": [
            393,
            88,
            69,
            326,
            321
        ],
        "scores": [
            -1.0,
            0.9365668892860413,
            0.9274686574935913,
            -0.8438851237297058,
            0.8023616075515747
        ]
    },
    "4": {
        "top5_index": [
            69,
            406,
            716,
            599,
            733
        ],
        "scores": [
            1.0,
            -0.9027965664863586,
            -0.8753989338874817,
            0.8456529378890991,
            -0.8374292254447937
        ]
    },
    "5": {
        "top5_index": [
            69,
            209,
            253,
            570,
            311
        ],
        "scores": [
            1.0,
            -0.8422496914863586,
            0.840944766998291,
            0.783547043800354,
            0.7720043063163757
        ]
    },
    "6": {
        "top5_index": [
            393,
            77,
            663,
            299,
            253
        ],
        "scores": [
            -1.0,
            0.983809769153595,
            0.9611285924911499,
            -0.8954251408576965,
            0.885167121887207
        ]
    },
    "7": {
        "top5_index": [
            173,
            69,
            330,
            45,
            687
        ],
        "scores": [
            -1.0,
            0.9334050416946411,
            0.8668521046638489,
            -0.8575906157493591,
            0.8502253890037537
        ]
    },
    "8": {
        "top5_index": [
            77,
            605,
            663,
            66,
            393
        ],
        "scores": [
            1.0,
            0.9985362887382507,
            0.9884539246559143,
            0.8576399087905884,
            -0.8471712470054626
        ]
    },
    "9": {
        "top5_index": [
            605,
            663,
            45,
            443,
            363
        ],
        "scores": [
            1.0,
            0.9488710761070251,
            -0.9085462689399719,
            -0.8611394762992859,
            -0.8407011032104492
        ]
    },
    "10": {
        "top5_index": [
            605,
            88,
            443,
            707,
            311
        ],
        "scores": [
            1.0,
            0.9864120483398438,
            -0.9427359104156494,
            -0.9182648658752441,
            0.9055832624435425
        ]
    },
    "11": {
        "top5_index": [
            554,
            443,
            605,
            47,
            707
        ],
        "scores": [
            -1.0,
            -0.930433452129364,
            0.914832353591919,
            0.9135872721672058,
            -0.9021061658859253
        ]
    }
}