{
    "0": {
        "top5_index": [
            1463,
            630,
            2073,
            2802,
            2976
        ],
        "scores": [
            1.0,
            0.977719247341156,
            0.9691893458366394,
            0.8819305896759033,
            -0.8472693562507629
        ]
    },
    "1": {
        "top5_index": [
            1978,
            2563,
            489,
            1061,
            1967
        ],
        "scores": [
            1.0,
            0.9078007936477661,
            0.8655503392219543,
            0.7218693494796753,
            -0.6525703072547913
        ]
    },
    "2": {
        "top5_index": [
            557,
            1784,
            1280,
            2995,
            1922
        ],
        "scores": [
            1.0,
            0.8309139609336853,
            -0.8054674863815308,
            0.690952718257904,
            0.6383751630783081
        ]
    },
    "3": {
        "top5_index": [
            2660,
            1531,
            1456,
            2664,
            68
        ],
        "scores": [
            1.0,
            0.9082190990447998,
            0.7758201956748962,
            0.769900918006897,
            0.7657478451728821
        ]
    },
    "4": {
        "top5_index": [
            976,
            1194,
            1329,
            1269,
            2935
        ],
        "scores": [
            -1.0,
            -0.9853056073188782,
            -0.9511600732803345,
            -0.8939889669418335,
            -0.8898703455924988
        ]
    },
    "5": {
        "top5_index": [
            1276,
            699,
            1837,
            1573,
            2689
        ],
        "scores": [
            1.0,
            0.8800843358039856,
            0.7986405491828918,
            -0.7936730980873108,
            -0.7927488684654236
        ]
    },
    "6": {
        "top5_index": [
            1580,
            977,
            2395,
            1534,
            2227
        ],
        "scores": [
            1.0,
            0.8483392000198364,
            -0.8249305486679077,
            0.8118272423744202,
            -0.8043022155761719
        ]
    },
    "7": {
        "top5_index": [
            1226,
            2925,
            2340,
            1105,
            202
        ],
        "scores": [
            -1.0,
            -0.7824376225471497,
            -0.7037740349769592,
            -0.5976037979125977,
            0.484783411026001
        ]
    },
    "8": {
        "top5_index": [
            2874,
            47,
            2271,
            1272,
            1395
        ],
        "scores": [
            1.0,
            -0.8207491636276245,
            -0.693806529045105,
            -0.6790739893913269,
            0.6659054756164551
        ]
    },
    "9": {
        "top5_index": [
            2207,
            2250,
            255,
            1856,
            2628
        ],
        "scores": [
            1.0,
            -0.9805307984352112,
            0.9661716818809509,
            0.9226841926574707,
            0.9194414615631104
        ]
    },
    "10": {
        "top5_index": [
            2761,
            2678,
            1148,
            749,
            2422
        ],
        "scores": [
            -1.0,
            -0.9989815354347229,
            -0.995438277721405,
            -0.8815736770629883,
            0.8544135689735413
        ]
    },
    "11": {
        "top5_index": [
            2493,
            853,
            2807,
            1092,
            2123
        ],
        "scores": [
            -1.0,
            -0.638724684715271,
            0.6370846033096313,
            -0.6218990087509155,
            0.611716091632843
        ]
    }
}