{
    "0": {
        "top5_index": [
            364,
            377,
            9,
            301,
            97
        ],
        "scores": [
            1.0,
            -0.9113771319389343,
            -0.8058714866638184,
            -0.7802168130874634,
            0.7476856112480164
        ]
    },
    "1": {
        "top5_index": [
            678,
            364,
            110,
            301,
            581
        ],
        "scores": [
            1.0,
            0.824084997177124,
            0.7913777828216553,
            -0.7105329632759094,
            0.676457405090332
        ]
    },
    "2": {
        "top5_index": [
            296,
            110,
            452,
            236,
            9
        ],
        "scores": [
            -1.0,
            0.788471519947052,
            -0.7730934619903564,
            -0.7547447085380554,
            -0.743061900138855
        ]
    },
    "3": {
        "top5_index": [
            236,
            487,
            100,
            296,
            190
        ],
        "scores": [
            -1.0,
            0.854772686958313,
            0.8456552028656006,
            -0.8268177509307861,
            0.7857573628425598
        ]
    },
    "4": {
        "top5_index": [
            313,
            587,
            457,
            73,
            115
        ],
        "scores": [
            1.0,
            0.975392758846283,
            -0.966187596321106,
            0.9627929329872131,
            0.932784378528595
        ]
    },
    "5": {
        "top5_index": [
            313,
            286,
            674,
            311,
            371
        ],
        "scores": [
            1.0,
            0.9026538133621216,
            0.8770933747291565,
            -0.8699973821640015,
            -0.8116409182548523
        ]
    },
    "6": {
        "top5_index": [
            193,
            314,
            311,
            587,
            134
        ],
        "scores": [
            -1.0,
            0.9409767389297485,
            -0.9371750354766846,
            0.898097574710846,
            -0.8975661993026733
        ]
    },
    "7": {
        "top5_index": [
            605,
            134,
            311,
            334,
            679
        ],
        "scores": [
            -1.0,
            -0.9230745434761047,
            -0.8190464377403259,
            -0.8137749433517456,
            -0.8014533519744873
        ]
    },
    "8": {
        "top5_index": [
            134,
            753,
            548,
            748,
            228
        ],
        "scores": [
            -1.0,
            -0.8503903746604919,
            0.8369695544242859,
            0.8052452206611633,
            0.7951870560646057
        ]
    },
    "9": {
        "top5_index": [
            663,
            414,
            690,
            287,
            72
        ],
        "scores": [
            -1.0,
            -0.8777156472206116,
            0.8397000432014465,
            -0.8365399837493896,
            0.8284112811088562
        ]
    },
    "10": {
        "top5_index": [
            605,
            88,
            748,
            663,
            690
        ],
        "scores": [
            -1.0,
            -0.9816323518753052,
            0.9157161712646484,
            -0.8733701109886169,
            0.8159402012825012
        ]
    },
    "11": {
        "top5_index": [
            605,
            702,
            577,
            169,
            319
        ],
        "scores": [
            -1.0,
            0.9249410629272461,
            -0.8609996438026428,
            0.8334484100341797,
            0.8219586610794067
        ]
    }
}