{
    "0": {
        "top5_index": [
            2277,
            420,
            248,
            2237,
            490
        ],
        "scores": [
            1.0,
            0.9524206519126892,
            0.882754921913147,
            0.844440758228302,
            0.8125614523887634
        ]
    },
    "1": {
        "top5_index": [
            1778,
            1726,
            2492,
            2157,
            954
        ],
        "scores": [
            1.0,
            0.9081746935844421,
            0.7790396213531494,
            0.7150901556015015,
            -0.6287930011749268
        ]
    },
    "2": {
        "top5_index": [
            1692,
            2382,
            2200,
            1609,
            540
        ],
        "scores": [
            -1.0,
            -0.906404972076416,
            0.8871837854385376,
            -0.8589187860488892,
            0.846531331539154
        ]
    },
    "3": {
        "top5_index": [
            738,
            1784,
            2279,
            907,
            2138
        ],
        "scores": [
            -1.0,
            0.9779549241065979,
            -0.895139753818512,
            -0.838719367980957,
            0.717400074005127
        ]
    },
    "4": {
        "top5_index": [
            2241,
            3035,
            3054,
            2655,
            863
        ],
        "scores": [
            1.0,
            -0.9763467907905579,
            -0.900836169719696,
            0.8467613458633423,
            -0.8329219818115234
        ]
    },
    "5": {
        "top5_index": [
            79,
            528,
            615,
            2212,
            1953
        ],
        "scores": [
            -1.0,
            -0.7303133010864258,
            -0.6902900338172913,
            0.6784094572067261,
            0.6277298927307129
        ]
    },
    "6": {
        "top5_index": [
            684,
            3009,
            984,
            1334,
            2503
        ],
        "scores": [
            1.0,
            -0.8434244394302368,
            0.6606351733207703,
            0.6059736609458923,
            0.5702256560325623
        ]
    },
    "7": {
        "top5_index": [
            164,
            2765,
            2390,
            115,
            1069
        ],
        "scores": [
            1.0,
            0.903374195098877,
            -0.8792078495025635,
            0.7718970775604248,
            -0.7183088064193726
        ]
    },
    "8": {
        "top5_index": [
            1794,
            936,
            670,
            2833,
            1493
        ],
        "scores": [
            -1.0,
            -0.7861528992652893,
            -0.7268961668014526,
            -0.5788920521736145,
            -0.5681623220443726
        ]
    },
    "9": {
        "top5_index": [
            1043,
            904,
            2382,
            2173,
            107
        ],
        "scores": [
            1.0,
            -0.7685453295707703,
            -0.7672494649887085,
            0.7538450956344604,
            -0.738659143447876
        ]
    },
    "10": {
        "top5_index": [
            2761,
            1148,
            1041,
            2872,
            745
        ],
        "scores": [
            1.0,
            0.7713381052017212,
            0.7289343476295471,
            0.7019928097724915,
            -0.6873397827148438
        ]
    },
    "11": {
        "top5_index": [
            2493,
            1225,
            1056,
            2123,
            3062
        ],
        "scores": [
            1.0,
            0.5929198861122131,
            0.5812896490097046,
            -0.5545716285705566,
            0.5473113656044006
        ]
    }
}