{
    "0": {
        "top5_index": [
            630,
            1606,
            888,
            2577,
            1204
        ],
        "scores": [
            1.0,
            0.9390150904655457,
            -0.8895826935768127,
            0.8639646172523499,
            0.8468338847160339
        ]
    },
    "1": {
        "top5_index": [
            1978,
            489,
            1427,
            1539,
            2563
        ],
        "scores": [
            1.0,
            0.8126803636550903,
            -0.7564271688461304,
            -0.7231594920158386,
            0.667620837688446
        ]
    },
    "2": {
        "top5_index": [
            697,
            1842,
            2362,
            318,
            1604
        ],
        "scores": [
            1.0,
            -0.897067666053772,
            -0.8824677467346191,
            -0.8153337836265564,
            -0.8146455883979797
        ]
    },
    "3": {
        "top5_index": [
            1456,
            2181,
            2565,
            1451,
            790
        ],
        "scores": [
            1.0,
            0.6502007246017456,
            0.633385181427002,
            0.6263898015022278,
            -0.6199389696121216
        ]
    },
    "4": {
        "top5_index": [
            1030,
            2606,
            2422,
            2655,
            1266
        ],
        "scores": [
            -1.0,
            -0.918887197971344,
            0.7982832193374634,
            -0.6511480212211609,
            0.6358901262283325
        ]
    },
    "5": {
        "top5_index": [
            79,
            2194,
            1854,
            496,
            659
        ],
        "scores": [
            1.0,
            -0.9322130084037781,
            0.8611757755279541,
            -0.8607907295227051,
            -0.8577491044998169
        ]
    },
    "6": {
        "top5_index": [
            684,
            1615,
            1443,
            2503,
            664
        ],
        "scores": [
            -1.0,
            -0.8801335692405701,
            0.623292863368988,
            -0.6104267239570618,
            -0.5830471515655518
        ]
    },
    "7": {
        "top5_index": [
            2547,
            2390,
            1339,
            1562,
            402
        ],
        "scores": [
            1.0,
            0.9711780548095703,
            0.9705177545547485,
            0.9566417336463928,
            0.7700588703155518
        ]
    },
    "8": {
        "top5_index": [
            1794,
            670,
            1493,
            2973,
            1015
        ],
        "scores": [
            1.0,
            0.7470110058784485,
            0.6486784219741821,
            -0.6408790946006775,
            0.6129266023635864
        ]
    },
    "9": {
        "top5_index": [
            1043,
            2628,
            1197,
            1856,
            2250
        ],
        "scores": [
            -1.0,
            0.9251019358634949,
            -0.8688433766365051,
            0.8598813414573669,
            -0.8356824517250061
        ]
    },
    "10": {
        "top5_index": [
            2678,
            2761,
            1148,
            126,
            2422
        ],
        "scores": [
            -1.0,
            -0.9825884699821472,
            -0.9670442938804626,
            0.924301266670227,
            0.9139741659164429
        ]
    },
    "11": {
        "top5_index": [
            2493,
            853,
            2807,
            1092,
            2123
        ],
        "scores": [
            -1.0,
            -0.6387247443199158,
            0.6370846629142761,
            -0.621898889541626,
            0.6117161512374878
        ]
    }
}