{
    "0": {
        "top5_index": [
            581,
            97,
            638,
            306,
            674
        ],
        "scores": [
            -1.0,
            -0.9072754383087158,
            0.8839318156242371,
            0.8036026358604431,
            -0.7370446920394897
        ]
    },
    "1": {
        "top5_index": [
            581,
            97,
            638,
            732,
            512
        ],
        "scores": [
            -1.0,
            -0.9825698733329773,
            0.840631902217865,
            0.8073078393936157,
            -0.7555408477783203
        ]
    },
    "2": {
        "top5_index": [
            97,
            211,
            306,
            581,
            488
        ],
        "scores": [
            -1.0,
            -0.798999547958374,
            0.7537133097648621,
            -0.7019582390785217,
            0.6781970858573914
        ]
    },
    "3": {
        "top5_index": [
            97,
            88,
            211,
            597,
            610
        ],
        "scores": [
            -1.0,
            0.8697737455368042,
            -0.862642228603363,
            -0.7036142349243164,
            0.7005283236503601
        ]
    },
    "4": {
        "top5_index": [
            97,
            198,
            311,
            211,
            448
        ],
        "scores": [
            -1.0,
            0.8003668785095215,
            0.77059406042099,
            -0.7522037625312805,
            0.7219814658164978
        ]
    },
    "5": {
        "top5_index": [
            287,
            448,
            565,
            196,
            642
        ],
        "scores": [
            1.0,
            0.9413337707519531,
            0.9386720657348633,
            0.8811206221580505,
            -0.8773994445800781
        ]
    },
    "6": {
        "top5_index": [
            287,
            508,
            488,
            435,
            586
        ],
        "scores": [
            1.0,
            0.884124755859375,
            0.8805992007255554,
            -0.8625536561012268,
            -0.8420448899269104
        ]
    },
    "7": {
        "top5_index": [
            287,
            393,
            656,
            196,
            435
        ],
        "scores": [
            1.0,
            -0.8351064920425415,
            -0.828988254070282,
            0.813465416431427,
            -0.8069232106208801
        ]
    },
    "8": {
        "top5_index": [
            287,
            587,
            88,
            404,
            393
        ],
        "scores": [
            1.0,
            -0.9512952566146851,
            0.8806073069572449,
            -0.8315027356147766,
            -0.8109204769134521
        ]
    },
    "9": {
        "top5_index": [
            287,
            47,
            88,
            663,
            612
        ],
        "scores": [
            1.0,
            0.9763332009315491,
            0.9752970933914185,
            0.9388960599899292,
            0.8806942105293274
        ]
    },
    "10": {
        "top5_index": [
            605,
            313,
            47,
            88,
            443
        ],
        "scores": [
            1.0,
            -0.976148784160614,
            0.9668020009994507,
            0.9621158838272095,
            -0.936159074306488
        ]
    },
    "11": {
        "top5_index": [
            554,
            443,
            605,
            47,
            707
        ],
        "scores": [
            -1.0,
            -0.930433452129364,
            0.9148324728012085,
            0.9135874509811401,
            -0.9021062254905701
        ]
    }
}