{
    "0": {
        "top5_index": [
            250,
            2304,
            2386,
            2754,
            1017
        ],
        "scores": [
            -1.0,
            -0.9297716617584229,
            -0.8950104117393494,
            -0.8416974544525146,
            -0.8010454177856445
        ]
    },
    "1": {
        "top5_index": [
            1978,
            489,
            1510,
            1158,
            2008
        ],
        "scores": [
            -1.0,
            -0.848186731338501,
            -0.7134628891944885,
            -0.689536988735199,
            -0.6592962741851807
        ]
    },
    "2": {
        "top5_index": [
            1405,
            1618,
            2311,
            2038,
            636
        ],
        "scores": [
            -1.0,
            -0.9598057270050049,
            0.9483749866485596,
            0.9471144080162048,
            -0.9387039542198181
        ]
    },
    "3": {
        "top5_index": [
            1531,
            68,
            2660,
            824,
            2287
        ],
        "scores": [
            -1.0,
            -0.9554781317710876,
            -0.9276980757713318,
            -0.8808369636535645,
            -0.791672945022583
        ]
    },
    "4": {
        "top5_index": [
            2033,
            117,
            2254,
            2655,
            2077
        ],
        "scores": [
            1.0,
            -0.7476768493652344,
            -0.734878420829773,
            0.7050726413726807,
            -0.6284094452857971
        ]
    },
    "5": {
        "top5_index": [
            79,
            1471,
            3018,
            528,
            1573
        ],
        "scores": [
            -1.0,
            -0.7470554113388062,
            -0.6420271992683411,
            -0.6337408423423767,
            0.6036936640739441
        ]
    },
    "6": {
        "top5_index": [
            684,
            1235,
            764,
            1885,
            2896
        ],
        "scores": [
            1.0,
            -0.5745047330856323,
            0.5574832558631897,
            -0.43826428055763245,
            0.4365108609199524
        ]
    },
    "7": {
        "top5_index": [
            164,
            2765,
            2547,
            2390,
            1069
        ],
        "scores": [
            1.0,
            0.9499540328979492,
            -0.8919722437858582,
            -0.8297101259231567,
            -0.8097408413887024
        ]
    },
    "8": {
        "top5_index": [
            1794,
            670,
            1493,
            936,
            1394
        ],
        "scores": [
            -1.0,
            -0.8772326111793518,
            -0.7429009675979614,
            -0.7010167837142944,
            -0.639731228351593
        ]
    },
    "9": {
        "top5_index": [
            1043,
            507,
            2805,
            1679,
            904
        ],
        "scores": [
            1.0,
            -0.8296517729759216,
            -0.7972143888473511,
            0.7840222716331482,
            -0.7762711644172668
        ]
    },
    "10": {
        "top5_index": [
            2761,
            1148,
            2678,
            100,
            1041
        ],
        "scores": [
            1.0,
            0.8259594440460205,
            0.7774502038955688,
            0.7735013961791992,
            0.7716163396835327
        ]
    },
    "11": {
        "top5_index": [
            2493,
            1225,
            1056,
            2123,
            3062
        ],
        "scores": [
            1.0,
            0.5929197072982788,
            0.5812895894050598,
            -0.5545715689659119,
            0.5473111867904663
        ]
    }
}