{
    "0": {
        "top5_index": [
            151,
            403,
            395,
            247,
            674
        ],
        "scores": [
            -1.0,
            0.93675696849823,
            0.8840051293373108,
            -0.8670364022254944,
            0.8190040588378906
        ]
    },
    "1": {
        "top5_index": [
            106,
            447,
            627,
            740,
            507
        ],
        "scores": [
            1.0,
            -0.967305600643158,
            -0.899915874004364,
            0.891710102558136,
            0.8665622472763062
        ]
    },
    "2": {
        "top5_index": [
            507,
            448,
            357,
            653,
            306
        ],
        "scores": [
            1.0,
            -0.999495267868042,
            0.7988561987876892,
            0.7850111722946167,
            -0.7800412178039551
        ]
    },
    "3": {
        "top5_index": [
            448,
            507,
            128,
            414,
            183
        ],
        "scores": [
            -1.0,
            0.8975194096565247,
            0.8928559422492981,
            -0.8775619864463806,
            0.8184780478477478
        ]
    },
    "4": {
        "top5_index": [
            719,
            448,
            281,
            587,
            507
        ],
        "scores": [
            1.0,
            -0.9264976382255554,
            0.9027456641197205,
            0.8753927946090698,
            0.8504873514175415
        ]
    },
    "5": {
        "top5_index": [
            719,
            257,
            281,
            134,
            448
        ],
        "scores": [
            1.0,
            0.9792805910110474,
            0.9370847344398499,
            -0.9215417504310608,
            -0.920794665813446
        ]
    },
    "6": {
        "top5_index": [
            134,
            281,
            448,
            663,
            334
        ],
        "scores": [
            -1.0,
            0.8203916549682617,
            -0.8083739280700684,
            -0.7999935150146484,
            -0.7851999998092651
        ]
    },
    "7": {
        "top5_index": [
            134,
            605,
            663,
            196,
            405
        ],
        "scores": [
            -1.0,
            -0.9913313388824463,
            -0.9334111213684082,
            -0.9228431582450867,
            0.8828637003898621
        ]
    },
    "8": {
        "top5_index": [
            134,
            753,
            539,
            663,
            548
        ],
        "scores": [
            -1.0,
            -0.9727253913879395,
            -0.8808360695838928,
            -0.8708505034446716,
            0.858557939529419
        ]
    },
    "9": {
        "top5_index": [
            663,
            134,
            165,
            414,
            539
        ],
        "scores": [
            -1.0,
            -0.8967035412788391,
            -0.8818584084510803,
            -0.8791747093200684,
            -0.8786726593971252
        ]
    },
    "10": {
        "top5_index": [
            605,
            319,
            663,
            88,
            393
        ],
        "scores": [
            -1.0,
            0.8934019804000854,
            -0.8508445024490356,
            -0.7836825847625732,
            0.7748133540153503
        ]
    },
    "11": {
        "top5_index": [
            605,
            702,
            577,
            169,
            319
        ],
        "scores": [
            -1.0,
            0.9249410629272461,
            -0.8609997034072876,
            0.8334484100341797,
            0.8219586610794067
        ]
    }
}