{
    "0": {
        "top5_index": [
            281,
            259,
            507,
            561,
            377
        ],
        "scores": [
            1.0,
            0.9341022968292236,
            0.8642899990081787,
            -0.7662747502326965,
            -0.7516607046127319
        ]
    },
    "1": {
        "top5_index": [
            507,
            672,
            682,
            366,
            416
        ],
        "scores": [
            1.0,
            0.9890008568763733,
            0.9887664318084717,
            -0.9798566699028015,
            0.9372373223304749
        ]
    },
    "2": {
        "top5_index": [
            448,
            507,
            281,
            690,
            345
        ],
        "scores": [
            -1.0,
            0.9265151023864746,
            0.8247952461242676,
            0.7964343428611755,
            0.7810813188552856
        ]
    },
    "3": {
        "top5_index": [
            448,
            435,
            507,
            625,
            414
        ],
        "scores": [
            -1.0,
            0.96650630235672,
            0.8960874676704407,
            0.8917059898376465,
            -0.8834722638130188
        ]
    },
    "4": {
        "top5_index": [
            281,
            69,
            448,
            51,
            605
        ],
        "scores": [
            1.0,
            -0.9126743674278259,
            -0.8963696360588074,
            -0.8816455602645874,
            -0.8527929186820984
        ]
    },
    "5": {
        "top5_index": [
            435,
            281,
            4,
            448,
            196
        ],
        "scores": [
            1.0,
            0.9025659561157227,
            0.8621025681495667,
            -0.8583412766456604,
            -0.8234262466430664
        ]
    },
    "6": {
        "top5_index": [
            334,
            737,
            196,
            663,
            52
        ],
        "scores": [
            -1.0,
            0.9430921673774719,
            -0.9177543520927429,
            -0.8665366768836975,
            0.8529967665672302
        ]
    },
    "7": {
        "top5_index": [
            605,
            75,
            469,
            393,
            196
        ],
        "scores": [
            -1.0,
            -0.9341617822647095,
            0.933648407459259,
            0.9238240718841553,
            -0.883645236492157
        ]
    },
    "8": {
        "top5_index": [
            469,
            605,
            97,
            134,
            663
        ],
        "scores": [
            1.0,
            -0.9666270017623901,
            0.9422193169593811,
            -0.9261043667793274,
            -0.8920274972915649
        ]
    },
    "9": {
        "top5_index": [
            663,
            588,
            175,
            6,
            710
        ],
        "scores": [
            -1.0,
            -0.8092015981674194,
            -0.8036580085754395,
            0.7927750945091248,
            0.7841216325759888
        ]
    },
    "10": {
        "top5_index": [
            605,
            748,
            663,
            88,
            319
        ],
        "scores": [
            -1.0,
            0.832805871963501,
            -0.8246467113494873,
            -0.8240659236907959,
            0.8111310005187988
        ]
    },
    "11": {
        "top5_index": [
            605,
            702,
            577,
            169,
            319
        ],
        "scores": [
            -1.0,
            0.9249411225318909,
            -0.8609997034072876,
            0.8334484696388245,
            0.8219587206840515
        ]
    }
}