{
    "0": {
        "top5_index": [
            2581,
            1914,
            1606,
            1704,
            1204
        ],
        "scores": [
            -1.0,
            -0.6792330145835876,
            -0.637166440486908,
            0.636860728263855,
            -0.6102204322814941
        ]
    },
    "1": {
        "top5_index": [
            1978,
            489,
            1930,
            1516,
            1289
        ],
        "scores": [
            -1.0,
            -0.8791484236717224,
            -0.8220213055610657,
            -0.7079207301139832,
            -0.7054866552352905
        ]
    },
    "2": {
        "top5_index": [
            2296,
            891,
            540,
            351,
            2060
        ],
        "scores": [
            1.0,
            -0.9139804244041443,
            0.6869643926620483,
            0.682102382183075,
            0.6604225635528564
        ]
    },
    "3": {
        "top5_index": [
            1531,
            2660,
            68,
            824,
            2541
        ],
        "scores": [
            -1.0,
            -0.8928154110908508,
            -0.8779457807540894,
            -0.8215897679328918,
            -0.8001274466514587
        ]
    },
    "4": {
        "top5_index": [
            1142,
            2280,
            441,
            1591,
            1089
        ],
        "scores": [
            1.0,
            -0.988638162612915,
            -0.803382396697998,
            0.7805271744728088,
            -0.7783501148223877
        ]
    },
    "5": {
        "top5_index": [
            79,
            253,
            2634,
            3018,
            1443
        ],
        "scores": [
            -1.0,
            -0.9179761409759521,
            0.8956361413002014,
            -0.8024088144302368,
            -0.7848719954490662
        ]
    },
    "6": {
        "top5_index": [
            684,
            1235,
            77,
            3047,
            1592
        ],
        "scores": [
            1.0,
            -0.9772090315818787,
            -0.7413153648376465,
            -0.7321516275405884,
            -0.7271699905395508
        ]
    },
    "7": {
        "top5_index": [
            115,
            2547,
            2390,
            1952,
            1142
        ],
        "scores": [
            1.0,
            -0.9744003415107727,
            -0.9176647663116455,
            0.8669251203536987,
            -0.8404566049575806
        ]
    },
    "8": {
        "top5_index": [
            2833,
            1794,
            936,
            670,
            1493
        ],
        "scores": [
            -1.0,
            -0.8754174113273621,
            -0.8412219882011414,
            -0.7558251023292542,
            -0.6846398115158081
        ]
    },
    "9": {
        "top5_index": [
            1043,
            1209,
            2194,
            2173,
            676
        ],
        "scores": [
            1.0,
            -0.9366987943649292,
            -0.9301453232765198,
            0.9248039126396179,
            -0.8180345892906189
        ]
    },
    "10": {
        "top5_index": [
            2761,
            1041,
            1032,
            100,
            749
        ],
        "scores": [
            1.0,
            0.9311678409576416,
            -0.8609951734542847,
            0.8252562880516052,
            0.7876421213150024
        ]
    },
    "11": {
        "top5_index": [
            2493,
            1225,
            1056,
            2123,
            3062
        ],
        "scores": [
            1.0,
            0.5929199457168579,
            0.5812897682189941,
            -0.5545716285705566,
            0.5473113656044006
        ]
    }
}