{
    "0": {
        "top5_index": [
            512,
            663,
            531,
            32,
            649
        ],
        "scores": [
            -1.0,
            0.9208832383155823,
            -0.8429993391036987,
            -0.8197128176689148,
            -0.804273247718811
        ]
    },
    "1": {
        "top5_index": [
            512,
            554,
            134,
            678,
            357
        ],
        "scores": [
            -1.0,
            -0.8502581119537354,
            0.8415619134902954,
            -0.7408674359321594,
            -0.7079764008522034
        ]
    },
    "2": {
        "top5_index": [
            512,
            554,
            674,
            642,
            26
        ],
        "scores": [
            -1.0,
            -0.9974501132965088,
            -0.9136366248130798,
            -0.8489814400672913,
            -0.7783722877502441
        ]
    },
    "3": {
        "top5_index": [
            554,
            682,
            414,
            512,
            435
        ],
        "scores": [
            -1.0,
            0.9432705640792847,
            0.8509132862091064,
            -0.8089297413825989,
            -0.8068633675575256
        ]
    },
    "4": {
        "top5_index": [
            524,
            285,
            134,
            313,
            746
        ],
        "scores": [
            1.0,
            0.8557923436164856,
            0.8422304391860962,
            -0.8419064879417419,
            -0.7817865610122681
        ]
    },
    "5": {
        "top5_index": [
            524,
            196,
            69,
            68,
            514
        ],
        "scores": [
            1.0,
            0.8613792061805725,
            0.8602315187454224,
            0.8538802266120911,
            0.8459364175796509
        ]
    },
    "6": {
        "top5_index": [
            69,
            508,
            549,
            524,
            202
        ],
        "scores": [
            1.0,
            0.9372087717056274,
            0.8400686383247375,
            0.8355739116668701,
            -0.8308122158050537
        ]
    },
    "7": {
        "top5_index": [
            605,
            69,
            603,
            490,
            196
        ],
        "scores": [
            1.0,
            0.8493019342422485,
            0.787891149520874,
            0.7731634378433228,
            0.7633281350135803
        ]
    },
    "8": {
        "top5_index": [
            605,
            674,
            490,
            398,
            69
        ],
        "scores": [
            1.0,
            -0.8219654560089111,
            0.7973591089248657,
            0.7427881956100464,
            0.7196135520935059
        ]
    },
    "9": {
        "top5_index": [
            311,
            663,
            490,
            287,
            374
        ],
        "scores": [
            1.0,
            0.9576787352561951,
            0.9493513703346252,
            0.9476887583732605,
            0.9348545670509338
        ]
    },
    "10": {
        "top5_index": [
            605,
            88,
            47,
            311,
            313
        ],
        "scores": [
            1.0,
            0.991057276725769,
            0.9492194652557373,
            0.9461278319358826,
            -0.9284833669662476
        ]
    },
    "11": {
        "top5_index": [
            554,
            443,
            605,
            47,
            707
        ],
        "scores": [
            -1.0,
            -0.930433452129364,
            0.9148324131965637,
            0.9135873913764954,
            -0.9021062254905701
        ]
    }
}