{
    "0": {
        "top5_index": [
            1914,
            271,
            291,
            2581,
            95
        ],
        "scores": [
            -1.0,
            -0.9705584049224854,
            0.7872459888458252,
            -0.756738007068634,
            -0.7533870339393616
        ]
    },
    "1": {
        "top5_index": [
            3049,
            379,
            1264,
            256,
            946
        ],
        "scores": [
            -1.0,
            -0.9794378876686096,
            0.9670382738113403,
            0.8793746829032898,
            0.8765307664871216
        ]
    },
    "2": {
        "top5_index": [
            159,
            1281,
            2953,
            2064,
            557
        ],
        "scores": [
            1.0,
            0.6436063051223755,
            0.5650493502616882,
            0.5105021595954895,
            0.5082669258117676
        ]
    },
    "3": {
        "top5_index": [
            1699,
            2565,
            1306,
            1841,
            2977
        ],
        "scores": [
            -1.0,
            0.8482542037963867,
            0.8399543762207031,
            0.8260455131530762,
            0.7848567962646484
        ]
    },
    "4": {
        "top5_index": [
            2187,
            2934,
            2033,
            1137,
            2280
        ],
        "scores": [
            -1.0,
            0.8864898085594177,
            -0.8679590225219727,
            -0.8534461855888367,
            0.8276416659355164
        ]
    },
    "5": {
        "top5_index": [
            1367,
            152,
            1452,
            2373,
            3065
        ],
        "scores": [
            1.0,
            0.9954462647438049,
            -0.9846057295799255,
            0.9267800450325012,
            0.9103371500968933
        ]
    },
    "6": {
        "top5_index": [
            684,
            2503,
            1930,
            1399,
            2462
        ],
        "scores": [
            -1.0,
            -0.915717601776123,
            -0.6892480850219727,
            0.6247733235359192,
            -0.5712542533874512
        ]
    },
    "7": {
        "top5_index": [
            2547,
            2390,
            1562,
            164,
            1339
        ],
        "scores": [
            1.0,
            0.635288655757904,
            0.6213173866271973,
            -0.5320465564727783,
            0.4947721064090729
        ]
    },
    "8": {
        "top5_index": [
            1794,
            2833,
            936,
            2676,
            670
        ],
        "scores": [
            1.0,
            0.716352641582489,
            0.6646072268486023,
            0.6336148381233215,
            0.625443160533905
        ]
    },
    "9": {
        "top5_index": [
            1436,
            1043,
            1197,
            644,
            2207
        ],
        "scores": [
            -1.0,
            -0.9563601016998291,
            -0.8762622475624084,
            -0.8528629541397095,
            0.8520399332046509
        ]
    },
    "10": {
        "top5_index": [
            1148,
            2761,
            2678,
            2914,
            2422
        ],
        "scores": [
            -1.0,
            -0.9309332370758057,
            -0.8927462697029114,
            -0.8133400678634644,
            0.8131194114685059
        ]
    },
    "11": {
        "top5_index": [
            2493,
            853,
            2807,
            1092,
            2123
        ],
        "scores": [
            -1.0,
            -0.6387245059013367,
            0.6370847821235657,
            -0.6218987703323364,
            0.611716091632843
        ]
    }
}