{
    "0": {
        "top5_index": [
            82,
            259,
            554,
            403,
            377
        ],
        "scores": [
            1.0,
            0.7845858335494995,
            -0.7719534635543823,
            0.7603235244750977,
            -0.7463054656982422
        ]
    },
    "1": {
        "top5_index": [
            678,
            680,
            283,
            407,
            647
        ],
        "scores": [
            1.0,
            -0.9941422343254089,
            -0.8835499286651611,
            -0.8529200553894043,
            0.8296175599098206
        ]
    },
    "2": {
        "top5_index": [
            488,
            625,
            653,
            236,
            553
        ],
        "scores": [
            -1.0,
            0.9598207473754883,
            0.9433401226997375,
            -0.9414974451065063,
            -0.907463788986206
        ]
    },
    "3": {
        "top5_index": [
            128,
            236,
            653,
            624,
            648
        ],
        "scores": [
            1.0,
            -0.8878787755966187,
            0.8672365546226501,
            -0.8074557781219482,
            -0.778779923915863
        ]
    },
    "4": {
        "top5_index": [
            100,
            587,
            443,
            431,
            134
        ],
        "scores": [
            1.0,
            0.851666271686554,
            -0.8458365201950073,
            -0.8389627933502197,
            -0.8289594650268555
        ]
    },
    "5": {
        "top5_index": [
            100,
            134,
            69,
            570,
            311
        ],
        "scores": [
            1.0,
            -0.9421071410179138,
            -0.9413171410560608,
            -0.9119393825531006,
            -0.9101101160049438
        ]
    },
    "6": {
        "top5_index": [
            134,
            314,
            294,
            100,
            399
        ],
        "scores": [
            -1.0,
            0.8857097029685974,
            0.8797872066497803,
            0.8705039024353027,
            0.7925093770027161
        ]
    },
    "7": {
        "top5_index": [
            134,
            393,
            100,
            693,
            569
        ],
        "scores": [
            -1.0,
            0.9177934527397156,
            0.8728698492050171,
            0.8620642423629761,
            -0.8466095924377441
        ]
    },
    "8": {
        "top5_index": [
            753,
            134,
            97,
            393,
            356
        ],
        "scores": [
            -1.0,
            -0.9695495963096619,
            0.8766622543334961,
            0.8716113567352295,
            -0.8684908747673035
        ]
    },
    "9": {
        "top5_index": [
            663,
            356,
            414,
            419,
            514
        ],
        "scores": [
            -1.0,
            -0.9990643262863159,
            -0.9153729677200317,
            0.8746101260185242,
            -0.8565004467964172
        ]
    },
    "10": {
        "top5_index": [
            605,
            663,
            393,
            748,
            88
        ],
        "scores": [
            -1.0,
            -0.9105437994003296,
            0.8863517642021179,
            0.8575928807258606,
            -0.8209943175315857
        ]
    },
    "11": {
        "top5_index": [
            605,
            702,
            577,
            169,
            319
        ],
        "scores": [
            -1.0,
            0.9249410629272461,
            -0.8609997630119324,
            0.8334484100341797,
            0.8219586610794067
        ]
    }
}