{
    "0": {
        "top5_index": [
            612,
            2912,
            2995,
            2196,
            1302
        ],
        "scores": [
            1.0,
            0.8514406085014343,
            0.7814103364944458,
            0.7768535614013672,
            -0.6896109580993652
        ]
    },
    "1": {
        "top5_index": [
            2054,
            2442,
            1510,
            2102,
            2563
        ],
        "scores": [
            1.0,
            0.928596556186676,
            -0.9138181805610657,
            -0.8099817633628845,
            -0.7871900796890259
        ]
    },
    "2": {
        "top5_index": [
            2245,
            1604,
            1079,
            2865,
            666
        ],
        "scores": [
            1.0,
            0.9625993371009827,
            0.9348320364952087,
            -0.9197791218757629,
            -0.9075357913970947
        ]
    },
    "3": {
        "top5_index": [
            830,
            294,
            1531,
            2660,
            2034
        ],
        "scores": [
            1.0,
            0.8933960199356079,
            -0.8836736083030701,
            -0.8779115080833435,
            -0.8655123710632324
        ]
    },
    "4": {
        "top5_index": [
            207,
            1014,
            2033,
            1266,
            3054
        ],
        "scores": [
            -1.0,
            -0.9266405701637268,
            0.9097088575363159,
            0.8587507009506226,
            -0.8209109306335449
        ]
    },
    "5": {
        "top5_index": [
            79,
            2166,
            1573,
            1420,
            1749
        ],
        "scores": [
            -1.0,
            0.9581930041313171,
            0.9189723134040833,
            -0.8619601130485535,
            -0.858424186706543
        ]
    },
    "6": {
        "top5_index": [
            684,
            1142,
            1235,
            1868,
            2154
        ],
        "scores": [
            1.0,
            0.7848709225654602,
            -0.7308899760246277,
            0.6811884045600891,
            -0.5942806005477905
        ]
    },
    "7": {
        "top5_index": [
            2547,
            2390,
            1069,
            1142,
            823
        ],
        "scores": [
            -1.0,
            -0.8455101847648621,
            -0.7117403745651245,
            -0.6893520355224609,
            0.6858466863632202
        ]
    },
    "8": {
        "top5_index": [
            1794,
            670,
            1632,
            1493,
            1394
        ],
        "scores": [
            -1.0,
            -0.9286366701126099,
            0.7180400490760803,
            -0.6422916054725647,
            -0.6371629238128662
        ]
    },
    "9": {
        "top5_index": [
            2805,
            2437,
            1990,
            1808,
            521
        ],
        "scores": [
            -1.0,
            -0.9996151328086853,
            -0.8945394158363342,
            -0.8527272343635559,
            -0.8304031491279602
        ]
    },
    "10": {
        "top5_index": [
            2761,
            1148,
            2872,
            2071,
            749
        ],
        "scores": [
            1.0,
            0.9600632786750793,
            0.944616436958313,
            0.9291421175003052,
            0.8871897459030151
        ]
    },
    "11": {
        "top5_index": [
            2493,
            1225,
            1056,
            2123,
            3062
        ],
        "scores": [
            1.0,
            0.5929202437400818,
            0.5812897086143494,
            -0.5545717477798462,
            0.5473112463951111
        ]
    }
}