{
    "0": {
        "top5_index": [
            97,
            613,
            51,
            357,
            237
        ],
        "scores": [
            -1.0,
            -0.9328014850616455,
            0.9321962594985962,
            0.8983997702598572,
            -0.7987649440765381
        ]
    },
    "1": {
        "top5_index": [
            51,
            134,
            732,
            581,
            700
        ],
        "scores": [
            1.0,
            0.7281925082206726,
            0.6641066074371338,
            -0.6456397771835327,
            -0.570311963558197
        ]
    },
    "2": {
        "top5_index": [
            51,
            97,
            94,
            525,
            202
        ],
        "scores": [
            1.0,
            -0.7654197812080383,
            -0.7097212672233582,
            0.7063185572624207,
            -0.695203423500061
        ]
    },
    "3": {
        "top5_index": [
            676,
            202,
            51,
            181,
            287
        ],
        "scores": [
            1.0,
            -0.9948287606239319,
            0.8586022257804871,
            -0.8456929922103882,
            0.8379711508750916
        ]
    },
    "4": {
        "top5_index": [
            202,
            311,
            287,
            198,
            674
        ],
        "scores": [
            -1.0,
            0.9830815196037292,
            0.9754678606987,
            0.9367556571960449,
            -0.906582772731781
        ]
    },
    "5": {
        "top5_index": [
            311,
            202,
            674,
            565,
            158
        ],
        "scores": [
            1.0,
            -0.996784508228302,
            -0.9773544669151306,
            0.9519457817077637,
            0.8614317178726196
        ]
    },
    "6": {
        "top5_index": [
            202,
            311,
            69,
            158,
            674
        ],
        "scores": [
            -1.0,
            0.973412811756134,
            0.8966876864433289,
            0.8774001002311707,
            -0.8625404834747314
        ]
    },
    "7": {
        "top5_index": [
            311,
            679,
            69,
            393,
            92
        ],
        "scores": [
            1.0,
            0.9232177734375,
            0.9197918772697449,
            -0.9164256453514099,
            -0.9152669310569763
        ]
    },
    "8": {
        "top5_index": [
            435,
            539,
            88,
            311,
            24
        ],
        "scores": [
            -1.0,
            0.9337176084518433,
            0.9182289838790894,
            0.9032562971115112,
            -0.8546963930130005
        ]
    },
    "9": {
        "top5_index": [
            287,
            663,
            88,
            24,
            298
        ],
        "scores": [
            1.0,
            0.9923157095909119,
            0.9152560830116272,
            -0.8231077194213867,
            0.8122637271881104
        ]
    },
    "10": {
        "top5_index": [
            88,
            605,
            119,
            308,
            313
        ],
        "scores": [
            1.0,
            0.8988367915153503,
            0.8773335218429565,
            0.8367945551872253,
            -0.8296054601669312
        ]
    },
    "11": {
        "top5_index": [
            554,
            443,
            605,
            47,
            707
        ],
        "scores": [
            -1.0,
            -0.9304335713386536,
            0.9148324728012085,
            0.9135874509811401,
            -0.9021062850952148
        ]
    }
}