{
    "0": {
        "top5_index": [
            2581,
            1914,
            915,
            271,
            2993
        ],
        "scores": [
            1.0,
            0.9031696915626526,
            0.7023008465766907,
            0.6249914765357971,
            -0.5880522727966309
        ]
    },
    "1": {
        "top5_index": [
            1427,
            7,
            856,
            1058,
            1978
        ],
        "scores": [
            -1.0,
            0.8923335075378418,
            -0.8587425351142883,
            0.8358536958694458,
            0.8275713324546814
        ]
    },
    "2": {
        "top5_index": [
            1777,
            1014,
            1536,
            2060,
            2207
        ],
        "scores": [
            1.0,
            0.9568997025489807,
            0.9396682977676392,
            -0.8807913064956665,
            0.8707505464553833
        ]
    },
    "3": {
        "top5_index": [
            1681,
            2791,
            604,
            2324,
            2184
        ],
        "scores": [
            1.0,
            -0.9874604940414429,
            0.9457675814628601,
            -0.8934033513069153,
            -0.8875153064727783
        ]
    },
    "4": {
        "top5_index": [
            2016,
            616,
            86,
            745,
            16
        ],
        "scores": [
            1.0,
            -0.8659729361534119,
            0.8413064479827881,
            0.8307483792304993,
            0.8285001516342163
        ]
    },
    "5": {
        "top5_index": [
            803,
            74,
            1376,
            2538,
            83
        ],
        "scores": [
            -1.0,
            -0.6119097471237183,
            0.6043570041656494,
            0.5486940741539001,
            -0.5436595678329468
        ]
    },
    "6": {
        "top5_index": [
            1615,
            2154,
            1235,
            1399,
            2808
        ],
        "scores": [
            -1.0,
            0.9258378744125366,
            0.9209088087081909,
            0.8699483275413513,
            0.8578011989593506
        ]
    },
    "7": {
        "top5_index": [
            1339,
            1562,
            1226,
            2390,
            3071
        ],
        "scores": [
            1.0,
            0.9291572570800781,
            0.8379537463188171,
            0.8252620697021484,
            0.7688883543014526
        ]
    },
    "8": {
        "top5_index": [
            1015,
            1794,
            936,
            1272,
            1493
        ],
        "scores": [
            1.0,
            0.9335733652114868,
            0.8794261813163757,
            -0.7669540643692017,
            0.7343854904174805
        ]
    },
    "9": {
        "top5_index": [
            2207,
            1390,
            1043,
            2233,
            2250
        ],
        "scores": [
            1.0,
            -0.9942285418510437,
            -0.9036123156547546,
            -0.8932340145111084,
            -0.8880038261413574
        ]
    },
    "10": {
        "top5_index": [
            2761,
            2422,
            2678,
            1148,
            126
        ],
        "scores": [
            -1.0,
            0.8775914311408997,
            -0.8327969908714294,
            -0.8236566185951233,
            0.8213462233543396
        ]
    },
    "11": {
        "top5_index": [
            2493,
            853,
            2807,
            1092,
            2123
        ],
        "scores": [
            -1.0,
            -0.638724684715271,
            0.6370846629142761,
            -0.6218988299369812,
            0.6117159724235535
        ]
    }
}