{
    "0": {
        "top5_index": [
            377,
            282,
            97,
            37,
            82
        ],
        "scores": [
            1.0,
            0.9579816460609436,
            -0.880903422832489,
            -0.8491535186767578,
            -0.8451719284057617
        ]
    },
    "1": {
        "top5_index": [
            512,
            678,
            554,
            113,
            83
        ],
        "scores": [
            -1.0,
            -0.7235932946205139,
            -0.6816771626472473,
            0.642444372177124,
            0.6133955121040344
        ]
    },
    "2": {
        "top5_index": [
            512,
            554,
            642,
            11,
            520
        ],
        "scores": [
            -1.0,
            -0.9504309892654419,
            -0.6669560074806213,
            -0.6344349980354309,
            0.6214497685432434
        ]
    },
    "3": {
        "top5_index": [
            554,
            512,
            414,
            674,
            643
        ],
        "scores": [
            -1.0,
            -0.9658017158508301,
            0.7019888162612915,
            -0.6507219672203064,
            -0.6489843726158142
        ]
    },
    "4": {
        "top5_index": [
            512,
            134,
            554,
            345,
            336
        ],
        "scores": [
            -1.0,
            0.8854423761367798,
            -0.8494082093238831,
            -0.826806366443634,
            -0.8184908032417297
        ]
    },
    "5": {
        "top5_index": [
            97,
            134,
            119,
            508,
            524
        ],
        "scores": [
            -1.0,
            0.9875501394271851,
            0.9585290551185608,
            0.9522212147712708,
            0.8976073265075684
        ]
    },
    "6": {
        "top5_index": [
            265,
            14,
            508,
            538,
            372
        ],
        "scores": [
            1.0,
            -0.9938160181045532,
            0.9550217986106873,
            -0.9405756592750549,
            -0.9355752468109131
        ]
    },
    "7": {
        "top5_index": [
            605,
            490,
            265,
            460,
            179
        ],
        "scores": [
            1.0,
            0.8581309914588928,
            0.8173869252204895,
            0.8085717558860779,
            0.7991093397140503
        ]
    },
    "8": {
        "top5_index": [
            605,
            674,
            338,
            264,
            490
        ],
        "scores": [
            1.0,
            -0.8056722283363342,
            -0.7451550364494324,
            -0.7139630913734436,
            0.6941145062446594
        ]
    },
    "9": {
        "top5_index": [
            663,
            88,
            313,
            605,
            287
        ],
        "scores": [
            1.0,
            0.9351685643196106,
            -0.9337254166603088,
            0.9259300827980042,
            0.9072481989860535
        ]
    },
    "10": {
        "top5_index": [
            88,
            605,
            313,
            311,
            707
        ],
        "scores": [
            1.0,
            0.9633033871650696,
            -0.9042914509773254,
            0.8949117660522461,
            -0.8830262422561646
        ]
    },
    "11": {
        "top5_index": [
            554,
            443,
            605,
            47,
            707
        ],
        "scores": [
            -1.0,
            -0.930433452129364,
            0.9148324728012085,
            0.9135873913764954,
            -0.9021061658859253
        ]
    }
}