{
    "0": {
        "top5_index": [
            291,
            1070,
            2196,
            2995,
            2596
        ],
        "scores": [
            1.0,
            0.9758275747299194,
            -0.8753392100334167,
            -0.8659554719924927,
            -0.8454268574714661
        ]
    },
    "1": {
        "top5_index": [
            1016,
            1264,
            391,
            379,
            1778
        ],
        "scores": [
            1.0,
            0.985148549079895,
            0.968900740146637,
            -0.9452772736549377,
            -0.9338569045066833
        ]
    },
    "2": {
        "top5_index": [
            1927,
            1281,
            755,
            159,
            2772
        ],
        "scores": [
            -1.0,
            0.9764431715011597,
            0.9586890935897827,
            0.9560919404029846,
            0.9391621947288513
        ]
    },
    "3": {
        "top5_index": [
            830,
            294,
            167,
            2800,
            1261
        ],
        "scores": [
            -1.0,
            -0.9846600294113159,
            0.8483740091323853,
            -0.8017934560775757,
            -0.7586069107055664
        ]
    },
    "4": {
        "top5_index": [
            2033,
            2280,
            1137,
            2187,
            2361
        ],
        "scores": [
            -1.0,
            0.7717983722686768,
            -0.7642876505851746,
            -0.7266786694526672,
            -0.7042168378829956
        ]
    },
    "5": {
        "top5_index": [
            79,
            2882,
            1509,
            2386,
            1452
        ],
        "scores": [
            1.0,
            -0.9752734303474426,
            0.9590556621551514,
            0.923082172870636,
            -0.9011147022247314
        ]
    },
    "6": {
        "top5_index": [
            684,
            1930,
            2503,
            664,
            483
        ],
        "scores": [
            -1.0,
            -0.6513543725013733,
            -0.6442323327064514,
            -0.5819783806800842,
            -0.4956923723220825
        ]
    },
    "7": {
        "top5_index": [
            2547,
            2390,
            164,
            2765,
            2925
        ],
        "scores": [
            1.0,
            0.800303041934967,
            -0.7163710594177246,
            -0.665080189704895,
            -0.5658607482910156
        ]
    },
    "8": {
        "top5_index": [
            1794,
            936,
            1843,
            2833,
            1272
        ],
        "scores": [
            1.0,
            0.9218378663063049,
            -0.8716748356819153,
            0.8472729921340942,
            -0.678342342376709
        ]
    },
    "9": {
        "top5_index": [
            1043,
            1197,
            1436,
            972,
            2250
        ],
        "scores": [
            -1.0,
            -0.9349243640899658,
            -0.8283413648605347,
            0.764382541179657,
            -0.7525637149810791
        ]
    },
    "10": {
        "top5_index": [
            2761,
            2678,
            1148,
            303,
            957
        ],
        "scores": [
            -1.0,
            -0.9544140696525574,
            -0.9400573968887329,
            -0.8673682808876038,
            0.8229945302009583
        ]
    },
    "11": {
        "top5_index": [
            2493,
            853,
            2807,
            1092,
            2123
        ],
        "scores": [
            -1.0,
            -0.638724684715271,
            0.6370845437049866,
            -0.621898889541626,
            0.6117160320281982
        ]
    }
}