{
    "0": {
        "top5_index": [
            630,
            2627,
            1268,
            516,
            2073
        ],
        "scores": [
            1.0,
            0.9235165119171143,
            0.9172086119651794,
            -0.9034045934677124,
            0.8855383992195129
        ]
    },
    "1": {
        "top5_index": [
            2563,
            1978,
            1510,
            489,
            2666
        ],
        "scores": [
            1.0,
            0.8877273797988892,
            0.7523587346076965,
            0.7184410691261292,
            0.600127637386322
        ]
    },
    "2": {
        "top5_index": [
            1777,
            666,
            1073,
            2953,
            52
        ],
        "scores": [
            -1.0,
            0.9599005579948425,
            -0.9560844898223877,
            0.9009379744529724,
            0.89198237657547
        ]
    },
    "3": {
        "top5_index": [
            1531,
            2660,
            824,
            68,
            2664
        ],
        "scores": [
            1.0,
            0.9851075410842896,
            0.8513153195381165,
            0.8324376940727234,
            0.7951317429542542
        ]
    },
    "4": {
        "top5_index": [
            240,
            207,
            507,
            2361,
            1180
        ],
        "scores": [
            1.0,
            0.9890580177307129,
            -0.8973656892776489,
            -0.8479851484298706,
            -0.7776926159858704
        ]
    },
    "5": {
        "top5_index": [
            1440,
            2386,
            2605,
            2634,
            1749
        ],
        "scores": [
            1.0,
            0.9589999318122864,
            0.9239580631256104,
            -0.8970339894294739,
            0.8642824292182922
        ]
    },
    "6": {
        "top5_index": [
            684,
            664,
            2044,
            165,
            1321
        ],
        "scores": [
            -1.0,
            -0.7393195629119873,
            -0.7014466524124146,
            -0.6677899360656738,
            0.6480106711387634
        ]
    },
    "7": {
        "top5_index": [
            2547,
            2925,
            1226,
            1562,
            2390
        ],
        "scores": [
            1.0,
            -0.9652523994445801,
            -0.86076420545578,
            0.7863755822181702,
            0.7447458505630493
        ]
    },
    "8": {
        "top5_index": [
            1794,
            1509,
            936,
            1429,
            2466
        ],
        "scores": [
            1.0,
            -0.914452314376831,
            0.8368149399757385,
            0.7076594829559326,
            -0.6492451429367065
        ]
    },
    "9": {
        "top5_index": [
            1043,
            1436,
            255,
            2628,
            1197
        ],
        "scores": [
            -1.0,
            -0.8409789800643921,
            0.8296167254447937,
            0.8127100467681885,
            -0.798788845539093
        ]
    },
    "10": {
        "top5_index": [
            2761,
            2678,
            1148,
            303,
            2422
        ],
        "scores": [
            -1.0,
            -0.9268349409103394,
            -0.874159574508667,
            -0.8098759651184082,
            0.8045811057090759
        ]
    },
    "11": {
        "top5_index": [
            2493,
            853,
            2807,
            1092,
            2123
        ],
        "scores": [
            -1.0,
            -0.6387246251106262,
            0.6370849609375,
            -0.621898889541626,
            0.6117162108421326
        ]
    }
}