{
    "0": {
        "top5_index": [
            1,
            366,
            78,
            282,
            674
        ],
        "scores": [
            1.0,
            0.9757459163665771,
            -0.8355384469032288,
            0.8022328019142151,
            -0.7228979468345642
        ]
    },
    "1": {
        "top5_index": [
            514,
            682,
            11,
            273,
            605
        ],
        "scores": [
            1.0,
            -0.8062398433685303,
            -0.7962942123413086,
            -0.767791748046875,
            0.7526032328605652
        ]
    },
    "2": {
        "top5_index": [
            328,
            674,
            412,
            297,
            643
        ],
        "scores": [
            1.0,
            -0.7573550343513489,
            0.7442722320556641,
            -0.7184082269668579,
            -0.7165093421936035
        ]
    },
    "3": {
        "top5_index": [
            326,
            674,
            395,
            97,
            412
        ],
        "scores": [
            -1.0,
            -0.9567685127258301,
            -0.8680135011672974,
            -0.8326982855796814,
            0.7687843441963196
        ]
    },
    "4": {
        "top5_index": [
            23,
            173,
            532,
            220,
            43
        ],
        "scores": [
            1.0,
            -0.9974883794784546,
            -0.9571837186813354,
            -0.9440241456031799,
            -0.9275113344192505
        ]
    },
    "5": {
        "top5_index": [
            173,
            348,
            212,
            181,
            703
        ],
        "scores": [
            -1.0,
            0.8182387351989746,
            0.7601126432418823,
            -0.7020592093467712,
            -0.6806989908218384
        ]
    },
    "6": {
        "top5_index": [
            173,
            23,
            265,
            587,
            298
        ],
        "scores": [
            -1.0,
            0.9910586476325989,
            0.7936815619468689,
            -0.7342194318771362,
            0.7202342748641968
        ]
    },
    "7": {
        "top5_index": [
            173,
            23,
            50,
            175,
            283
        ],
        "scores": [
            -1.0,
            0.9073153734207153,
            0.9066532850265503,
            0.8486061692237854,
            -0.8453069925308228
        ]
    },
    "8": {
        "top5_index": [
            393,
            23,
            539,
            348,
            272
        ],
        "scores": [
            -1.0,
            0.9634668231010437,
            0.9528092741966248,
            0.94846510887146,
            0.9407796263694763
        ]
    },
    "9": {
        "top5_index": [
            313,
            175,
            88,
            443,
            539
        ],
        "scores": [
            -1.0,
            0.9009626507759094,
            0.8707223534584045,
            -0.8688822388648987,
            0.8465428948402405
        ]
    },
    "10": {
        "top5_index": [
            605,
            88,
            119,
            313,
            311
        ],
        "scores": [
            1.0,
            0.9975686073303223,
            0.9488951563835144,
            -0.9306592345237732,
            0.920360267162323
        ]
    },
    "11": {
        "top5_index": [
            554,
            443,
            605,
            47,
            707
        ],
        "scores": [
            -1.0,
            -0.9304335117340088,
            0.9148325324058533,
            0.9135873913764954,
            -0.9021062254905701
        ]
    }
}