{
    "0": {
        "top5_index": [
            95,
            623,
            1638,
            630,
            1520
        ],
        "scores": [
            -1.0,
            -0.7908126711845398,
            -0.7831664681434631,
            -0.7049146294593811,
            -0.6753489971160889
        ]
    },
    "1": {
        "top5_index": [
            1726,
            1978,
            489,
            1778,
            2157
        ],
        "scores": [
            1.0,
            -0.9850723147392273,
            -0.9850305318832397,
            0.9761562943458557,
            0.8969483971595764
        ]
    },
    "2": {
        "top5_index": [
            159,
            3017,
            637,
            2772,
            2382
        ],
        "scores": [
            -1.0,
            -0.9093294143676758,
            -0.9057504534721375,
            -0.8872575163841248,
            -0.869655430316925
        ]
    },
    "3": {
        "top5_index": [
            2444,
            429,
            2433,
            1051,
            3032
        ],
        "scores": [
            -1.0,
            -0.9895904660224915,
            0.973931610584259,
            -0.9537637233734131,
            -0.9252631068229675
        ]
    },
    "4": {
        "top5_index": [
            2493,
            2570,
            1014,
            1442,
            2916
        ],
        "scores": [
            -1.0,
            0.945434033870697,
            -0.9289136528968811,
            0.9107509851455688,
            0.8759320378303528
        ]
    },
    "5": {
        "top5_index": [
            79,
            2882,
            1953,
            2606,
            1392
        ],
        "scores": [
            -1.0,
            0.9810455441474915,
            0.8661720752716064,
            0.7257258296012878,
            -0.7180559635162354
        ]
    },
    "6": {
        "top5_index": [
            684,
            2503,
            764,
            1160,
            1235
        ],
        "scores": [
            1.0,
            0.759380042552948,
            0.5970041751861572,
            -0.5912261009216309,
            -0.5872507095336914
        ]
    },
    "7": {
        "top5_index": [
            2390,
            164,
            1339,
            2547,
            202
        ],
        "scores": [
            -1.0,
            0.896139919757843,
            -0.8467647433280945,
            -0.7430736422538757,
            -0.7232464551925659
        ]
    },
    "8": {
        "top5_index": [
            1794,
            936,
            670,
            374,
            1394
        ],
        "scores": [
            -1.0,
            -0.7719921469688416,
            -0.7291578054428101,
            0.5810527205467224,
            -0.5784057378768921
        ]
    },
    "9": {
        "top5_index": [
            1043,
            484,
            1840,
            904,
            1144
        ],
        "scores": [
            1.0,
            -0.7967127561569214,
            0.7584165930747986,
            -0.7490636110305786,
            0.7230255007743835
        ]
    },
    "10": {
        "top5_index": [
            2761,
            1032,
            705,
            753,
            126
        ],
        "scores": [
            1.0,
            -0.9872491359710693,
            0.8969709277153015,
            -0.8340997099876404,
            -0.8216860890388489
        ]
    },
    "11": {
        "top5_index": [
            2493,
            1225,
            1056,
            2123,
            3062
        ],
        "scores": [
            1.0,
            0.5929200649261475,
            0.5812898278236389,
            -0.5545717477798462,
            0.5473114252090454
        ]
    }
}