{
    "0": {
        "top5_index": [
            508,
            82,
            101,
            595,
            755
        ],
        "scores": [
            -1.0,
            0.9888311624526978,
            0.8394133448600769,
            0.7403757572174072,
            -0.7184414863586426
        ]
    },
    "1": {
        "top5_index": [
            581,
            678,
            110,
            554,
            364
        ],
        "scores": [
            1.0,
            0.788547158241272,
            0.7032678723335266,
            0.6991093754768372,
            0.6316936016082764
        ]
    },
    "2": {
        "top5_index": [
            554,
            512,
            581,
            524,
            364
        ],
        "scores": [
            1.0,
            0.8295599818229675,
            0.8253467679023743,
            -0.7430719137191772,
            0.7257728576660156
        ]
    },
    "3": {
        "top5_index": [
            554,
            581,
            524,
            190,
            100
        ],
        "scores": [
            1.0,
            0.9449476599693298,
            -0.8733685612678528,
            0.8704134225845337,
            0.8394302129745483
        ]
    },
    "4": {
        "top5_index": [
            581,
            633,
            88,
            69,
            705
        ],
        "scores": [
            1.0,
            -0.9968842267990112,
            -0.9503312706947327,
            -0.949333131313324,
            0.9351067543029785
        ]
    },
    "5": {
        "top5_index": [
            69,
            705,
            653,
            554,
            707
        ],
        "scores": [
            -1.0,
            0.9464806914329529,
            0.8029637932777405,
            0.7971769571304321,
            0.7933459877967834
        ]
    },
    "6": {
        "top5_index": [
            69,
            134,
            707,
            605,
            674
        ],
        "scores": [
            -1.0,
            -0.8826056122779846,
            0.8611295223236084,
            -0.8175196647644043,
            0.7848959565162659
        ]
    },
    "7": {
        "top5_index": [
            605,
            134,
            707,
            196,
            69
        ],
        "scores": [
            -1.0,
            -0.9827905893325806,
            0.9357460737228394,
            -0.931586503982544,
            -0.924667477607727
        ]
    },
    "8": {
        "top5_index": [
            134,
            69,
            286,
            605,
            674
        ],
        "scores": [
            -1.0,
            -0.8160029053688049,
            0.7612493634223938,
            -0.7445850372314453,
            0.7368677258491516
        ]
    },
    "9": {
        "top5_index": [
            134,
            663,
            72,
            69,
            414
        ],
        "scores": [
            -1.0,
            -0.8583223223686218,
            0.8433154821395874,
            -0.8286902904510498,
            -0.8082655072212219
        ]
    },
    "10": {
        "top5_index": [
            605,
            88,
            319,
            663,
            69
        ],
        "scores": [
            -1.0,
            -0.9356764554977417,
            0.9104806184768677,
            -0.8015161752700806,
            -0.7588362693786621
        ]
    },
    "11": {
        "top5_index": [
            605,
            702,
            577,
            169,
            319
        ],
        "scores": [
            -1.0,
            0.9249411225318909,
            -0.8609997034072876,
            0.8334484696388245,
            0.8219587206840515
        ]
    }
}