{
    "0": {
        "top5_index": [
            281,
            236,
            97,
            403,
            613
        ],
        "scores": [
            1.0,
            -0.9289626479148865,
            0.834330677986145,
            0.7583301067352295,
            0.7215219140052795
        ]
    },
    "1": {
        "top5_index": [
            581,
            512,
            447,
            106,
            31
        ],
        "scores": [
            1.0,
            0.8852764368057251,
            -0.8607732653617859,
            0.7869218587875366,
            0.722985565662384
        ]
    },
    "2": {
        "top5_index": [
            512,
            547,
            236,
            327,
            88
        ],
        "scores": [
            1.0,
            0.977129340171814,
            -0.9482007622718811,
            -0.9274218678474426,
            -0.9182143807411194
        ]
    },
    "3": {
        "top5_index": [
            128,
            236,
            554,
            512,
            508
        ],
        "scores": [
            1.0,
            -0.9709448218345642,
            0.7756578922271729,
            0.7678208351135254,
            -0.7437882423400879
        ]
    },
    "4": {
        "top5_index": [
            435,
            512,
            372,
            524,
            115
        ],
        "scores": [
            1.0,
            0.979487419128418,
            0.8820181488990784,
            -0.8766252398490906,
            0.848849892616272
        ]
    },
    "5": {
        "top5_index": [
            512,
            311,
            134,
            220,
            524
        ],
        "scores": [
            1.0,
            -0.9948675036430359,
            -0.9928043484687805,
            0.9813876748085022,
            -0.9673609137535095
        ]
    },
    "6": {
        "top5_index": [
            134,
            314,
            57,
            334,
            196
        ],
        "scores": [
            -1.0,
            0.9681313037872314,
            0.8855170011520386,
            -0.81868976354599,
            -0.7284590601921082
        ]
    },
    "7": {
        "top5_index": [
            605,
            134,
            196,
            587,
            414
        ],
        "scores": [
            -1.0,
            -0.9605765342712402,
            -0.937400758266449,
            0.8614432215690613,
            -0.8424215912818909
        ]
    },
    "8": {
        "top5_index": [
            663,
            605,
            134,
            587,
            414
        ],
        "scores": [
            -1.0,
            -0.981316089630127,
            -0.9121721386909485,
            0.8531365990638733,
            -0.8249372243881226
        ]
    },
    "9": {
        "top5_index": [
            663,
            414,
            605,
            313,
            72
        ],
        "scores": [
            -1.0,
            -0.7481135129928589,
            -0.6695172786712646,
            0.6532069444656372,
            0.6170805096626282
        ]
    },
    "10": {
        "top5_index": [
            605,
            663,
            319,
            414,
            748
        ],
        "scores": [
            -1.0,
            -0.7765210270881653,
            0.7580344676971436,
            -0.7534712553024292,
            0.7530129551887512
        ]
    },
    "11": {
        "top5_index": [
            605,
            702,
            577,
            169,
            319
        ],
        "scores": [
            -1.0,
            0.9249411225318909,
            -0.8609997034072876,
            0.8334484100341797,
            0.8219586610794067
        ]
    }
}