{
    "0": {
        "top5_index": [
            2581,
            1204,
            1914,
            630,
            1606
        ],
        "scores": [
            -1.0,
            -0.7446495890617371,
            -0.7267062664031982,
            -0.6610621213912964,
            -0.6042738556861877
        ]
    },
    "1": {
        "top5_index": [
            2563,
            705,
            1510,
            7,
            1427
        ],
        "scores": [
            -1.0,
            -0.9577805995941162,
            -0.9225901365280151,
            -0.9193893074989319,
            0.888900876045227
        ]
    },
    "2": {
        "top5_index": [
            1536,
            1777,
            891,
            159,
            2273
        ],
        "scores": [
            -1.0,
            -0.983440637588501,
            -0.9041585326194763,
            -0.9010521769523621,
            0.8701583743095398
        ]
    },
    "3": {
        "top5_index": [
            738,
            1817,
            2664,
            1531,
            1406
        ],
        "scores": [
            -1.0,
            -0.9238781929016113,
            -0.8808780312538147,
            -0.8800828456878662,
            0.8773103952407837
        ]
    },
    "4": {
        "top5_index": [
            2033,
            2934,
            3035,
            2655,
            2511
        ],
        "scores": [
            1.0,
            -0.809640109539032,
            -0.8085290789604187,
            0.7375600934028625,
            -0.7211102843284607
        ]
    },
    "5": {
        "top5_index": [
            720,
            3052,
            483,
            1843,
            763
        ],
        "scores": [
            1.0,
            -0.8964359164237976,
            -0.8851839900016785,
            -0.8310260772705078,
            -0.8304866552352905
        ]
    },
    "6": {
        "top5_index": [
            1235,
            684,
            984,
            77,
            3009
        ],
        "scores": [
            -1.0,
            0.9139348268508911,
            0.7459873557090759,
            -0.726442813873291,
            -0.6931665539741516
        ]
    },
    "7": {
        "top5_index": [
            2390,
            2547,
            164,
            1339,
            115
        ],
        "scores": [
            -1.0,
            -0.9312430620193481,
            0.8491730690002441,
            -0.8285725712776184,
            0.8221052885055542
        ]
    },
    "8": {
        "top5_index": [
            936,
            1794,
            670,
            2833,
            1015
        ],
        "scores": [
            -1.0,
            -0.8714891672134399,
            -0.6163042187690735,
            -0.5939258933067322,
            -0.5213835835456848
        ]
    },
    "9": {
        "top5_index": [
            1043,
            1436,
            107,
            1679,
            1144
        ],
        "scores": [
            1.0,
            0.7183157801628113,
            -0.6765278577804565,
            0.6341037154197693,
            0.605504035949707
        ]
    },
    "10": {
        "top5_index": [
            2761,
            1041,
            2872,
            2678,
            1148
        ],
        "scores": [
            1.0,
            0.8794726729393005,
            0.857395589351654,
            0.7981550097465515,
            0.7962115406990051
        ]
    },
    "11": {
        "top5_index": [
            2493,
            1225,
            1056,
            2123,
            3062
        ],
        "scores": [
            1.0,
            0.5929198861122131,
            0.5812897086143494,
            -0.5545714497566223,
            0.5473113059997559
        ]
    }
}