{
    "0": {
        "top5_index": [
            1,
            281,
            151,
            236,
            144
        ],
        "scores": [
            -1.0,
            0.8229840993881226,
            -0.7945820689201355,
            -0.768486738204956,
            0.763263463973999
        ]
    },
    "1": {
        "top5_index": [
            581,
            512,
            364,
            476,
            740
        ],
        "scores": [
            1.0,
            0.9398669600486755,
            0.8701613545417786,
            0.858189046382904,
            0.8268014788627625
        ]
    },
    "2": {
        "top5_index": [
            128,
            231,
            512,
            236,
            165
        ],
        "scores": [
            1.0,
            0.9612330198287964,
            0.8764198422431946,
            -0.8451133966445923,
            -0.8435511589050293
        ]
    },
    "3": {
        "top5_index": [
            69,
            128,
            231,
            217,
            183
        ],
        "scores": [
            -1.0,
            0.9771779179573059,
            0.7873623967170715,
            0.778208315372467,
            0.7761287689208984
        ]
    },
    "4": {
        "top5_index": [
            587,
            524,
            705,
            69,
            190
        ],
        "scores": [
            1.0,
            -0.8980887532234192,
            0.8350192308425903,
            -0.8117533922195435,
            0.7900888919830322
        ]
    },
    "5": {
        "top5_index": [
            524,
            705,
            69,
            114,
            75
        ],
        "scores": [
            -1.0,
            0.9426463842391968,
            -0.9063150882720947,
            0.858299195766449,
            -0.8345957398414612
        ]
    },
    "6": {
        "top5_index": [
            314,
            134,
            69,
            705,
            645
        ],
        "scores": [
            1.0,
            -0.8359802961349487,
            -0.8255482912063599,
            0.8114062547683716,
            -0.7937059998512268
        ]
    },
    "7": {
        "top5_index": [
            196,
            145,
            12,
            134,
            75
        ],
        "scores": [
            -1.0,
            -0.9784116744995117,
            0.9731976389884949,
            -0.95826256275177,
            -0.9284698963165283
        ]
    },
    "8": {
        "top5_index": [
            134,
            38,
            12,
            264,
            145
        ],
        "scores": [
            -1.0,
            0.9054709076881409,
            0.854814350605011,
            0.850742518901825,
            -0.8464531898498535
        ]
    },
    "9": {
        "top5_index": [
            72,
            134,
            414,
            24,
            685
        ],
        "scores": [
            1.0,
            -0.988646924495697,
            -0.8938876390457153,
            0.86558598279953,
            0.862458348274231
        ]
    },
    "10": {
        "top5_index": [
            605,
            414,
            88,
            748,
            393
        ],
        "scores": [
            -1.0,
            -0.8579205274581909,
            -0.8225114345550537,
            0.8133161664009094,
            0.7696338295936584
        ]
    },
    "11": {
        "top5_index": [
            605,
            702,
            577,
            169,
            319
        ],
        "scores": [
            -1.0,
            0.9249411225318909,
            -0.8609996438026428,
            0.8334484100341797,
            0.8219586610794067
        ]
    }
}