{
    "0": {
        "top5_index": [
            2581,
            1914,
            1204,
            2577,
            154
        ],
        "scores": [
            -1.0,
            -0.7713619470596313,
            -0.6195237636566162,
            -0.575143575668335,
            0.5526119470596313
        ]
    },
    "1": {
        "top5_index": [
            489,
            1978,
            1930,
            1317,
            171
        ],
        "scores": [
            -1.0,
            -0.9973498582839966,
            -0.7840356826782227,
            -0.7245638966560364,
            0.701988697052002
        ]
    },
    "2": {
        "top5_index": [
            2382,
            2273,
            2038,
            1777,
            3017
        ],
        "scores": [
            -1.0,
            0.8677749037742615,
            0.828039824962616,
            -0.7710382342338562,
            -0.7608641982078552
        ]
    },
    "3": {
        "top5_index": [
            1531,
            2287,
            575,
            68,
            2565
        ],
        "scores": [
            -1.0,
            -0.9248078465461731,
            -0.9246556758880615,
            -0.8770865201950073,
            0.8693622350692749
        ]
    },
    "4": {
        "top5_index": [
            2033,
            3035,
            442,
            1442,
            1985
        ],
        "scores": [
            1.0,
            -0.9321272969245911,
            0.9025993347167969,
            0.898920476436615,
            0.8934895396232605
        ]
    },
    "5": {
        "top5_index": [
            79,
            1288,
            225,
            2882,
            615
        ],
        "scores": [
            -1.0,
            -0.6632227897644043,
            0.6589550971984863,
            0.5832252502441406,
            -0.574225664138794
        ]
    },
    "6": {
        "top5_index": [
            684,
            1235,
            2503,
            1726,
            1142
        ],
        "scores": [
            1.0,
            -0.76921546459198,
            0.7388527393341064,
            -0.5670201778411865,
            0.5560568571090698
        ]
    },
    "7": {
        "top5_index": [
            2390,
            164,
            1142,
            2765,
            115
        ],
        "scores": [
            -1.0,
            0.8450574278831482,
            -0.7581523060798645,
            0.6939282417297363,
            0.6744170784950256
        ]
    },
    "8": {
        "top5_index": [
            1794,
            936,
            670,
            374,
            2833
        ],
        "scores": [
            -1.0,
            -0.8221467137336731,
            -0.7078694701194763,
            0.615078866481781,
            -0.5332425236701965
        ]
    },
    "9": {
        "top5_index": [
            1043,
            107,
            601,
            1436,
            28
        ],
        "scores": [
            1.0,
            -0.720998227596283,
            -0.6667238473892212,
            0.6461045742034912,
            -0.5864537358283997
        ]
    },
    "10": {
        "top5_index": [
            2761,
            1032,
            2678,
            1041,
            126
        ],
        "scores": [
            1.0,
            -0.8494920134544373,
            0.8457966446876526,
            0.7910223603248596,
            -0.7582215666770935
        ]
    },
    "11": {
        "top5_index": [
            2493,
            1225,
            1056,
            2123,
            3062
        ],
        "scores": [
            1.0,
            0.5929200053215027,
            0.5812899470329285,
            -0.5545718669891357,
            0.5473114848136902
        ]
    }
}