{
    "0": {
        "top5_index": [
            929,
            2581,
            554,
            1463,
            2097
        ],
        "scores": [
            1.0,
            0.9457957148551941,
            0.8781120181083679,
            0.8267320394515991,
            0.8121374845504761
        ]
    },
    "1": {
        "top5_index": [
            93,
            1516,
            2594,
            1978,
            411
        ],
        "scores": [
            -1.0,
            0.9838572144508362,
            0.9715498685836792,
            0.9142892956733704,
            0.8805657625198364
        ]
    },
    "2": {
        "top5_index": [
            1777,
            3017,
            1405,
            2772,
            1014
        ],
        "scores": [
            1.0,
            0.8046022057533264,
            0.8002608418464661,
            0.7559159994125366,
            0.7334508895874023
        ]
    },
    "3": {
        "top5_index": [
            1784,
            2192,
            1758,
            1424,
            144
        ],
        "scores": [
            -1.0,
            0.7699972987174988,
            0.7651488780975342,
            0.6187769770622253,
            -0.6038820147514343
        ]
    },
    "4": {
        "top5_index": [
            2033,
            958,
            2934,
            3054,
            1660
        ],
        "scores": [
            -1.0,
            0.8085771799087524,
            0.7539159655570984,
            0.678440511226654,
            -0.6609000563621521
        ]
    },
    "5": {
        "top5_index": [
            1367,
            2212,
            1974,
            1452,
            1854
        ],
        "scores": [
            1.0,
            -0.9571354389190674,
            0.88962322473526,
            -0.817864716053009,
            0.7967191338539124
        ]
    },
    "6": {
        "top5_index": [
            684,
            1235,
            2503,
            1615,
            664
        ],
        "scores": [
            -1.0,
            0.6678296327590942,
            -0.6047343015670776,
            -0.573549211025238,
            -0.5711570978164673
        ]
    },
    "7": {
        "top5_index": [
            2390,
            1339,
            2765,
            2547,
            115
        ],
        "scores": [
            1.0,
            0.8195024728775024,
            -0.6298531889915466,
            0.6296297907829285,
            -0.5733241438865662
        ]
    },
    "8": {
        "top5_index": [
            1794,
            936,
            2676,
            670,
            1493
        ],
        "scores": [
            1.0,
            0.8491595983505249,
            0.7798970937728882,
            0.765504777431488,
            0.6912277936935425
        ]
    },
    "9": {
        "top5_index": [
            1043,
            1627,
            2173,
            1436,
            2250
        ],
        "scores": [
            -1.0,
            -0.9767938852310181,
            -0.9594549536705017,
            -0.9545792937278748,
            -0.9275040626525879
        ]
    },
    "10": {
        "top5_index": [
            2761,
            2678,
            303,
            2422,
            749
        ],
        "scores": [
            -1.0,
            -0.955071210861206,
            -0.8980486989021301,
            0.8863226175308228,
            -0.8299865126609802
        ]
    },
    "11": {
        "top5_index": [
            2493,
            853,
            2807,
            1092,
            2123
        ],
        "scores": [
            -1.0,
            -0.6387245655059814,
            0.637084424495697,
            -0.6218987703323364,
            0.6117160320281982
        ]
    }
}