{
    "0": {
        "top5_index": [
            581,
            292,
            82,
            638,
            508
        ],
        "scores": [
            -1.0,
            -0.9476722478866577,
            -0.8960330486297607,
            0.8793204426765442,
            0.8498436808586121
        ]
    },
    "1": {
        "top5_index": [
            581,
            51,
            517,
            529,
            554
        ],
        "scores": [
            -1.0,
            0.8949282169342041,
            -0.7766376733779907,
            -0.7128019332885742,
            -0.6972173452377319
        ]
    },
    "2": {
        "top5_index": [
            517,
            581,
            512,
            554,
            51
        ],
        "scores": [
            -1.0,
            -0.9956861138343811,
            -0.9588367938995361,
            -0.9573280811309814,
            0.9084017276763916
        ]
    },
    "3": {
        "top5_index": [
            554,
            634,
            51,
            517,
            581
        ],
        "scores": [
            -1.0,
            0.9874107241630554,
            0.9845713973045349,
            -0.9002528786659241,
            -0.8762820959091187
        ]
    },
    "4": {
        "top5_index": [
            47,
            51,
            587,
            605,
            88
        ],
        "scores": [
            1.0,
            0.9883875250816345,
            -0.8836811184883118,
            0.8775010108947754,
            0.8655145764350891
        ]
    },
    "5": {
        "top5_index": [
            51,
            311,
            173,
            196,
            605
        ],
        "scores": [
            1.0,
            0.9595767259597778,
            -0.8690179586410522,
            0.8518275618553162,
            0.8445568680763245
        ]
    },
    "6": {
        "top5_index": [
            51,
            53,
            314,
            173,
            605
        ],
        "scores": [
            1.0,
            0.9623559713363647,
            -0.9013009667396545,
            -0.8583277463912964,
            0.8569795489311218
        ]
    },
    "7": {
        "top5_index": [
            605,
            460,
            196,
            311,
            707
        ],
        "scores": [
            1.0,
            0.935962438583374,
            0.8784188032150269,
            0.8489353060722351,
            -0.8413139581680298
        ]
    },
    "8": {
        "top5_index": [
            287,
            298,
            587,
            264,
            635
        ],
        "scores": [
            1.0,
            0.829616129398346,
            -0.8018755316734314,
            -0.7927421927452087,
            0.7924179434776306
        ]
    },
    "9": {
        "top5_index": [
            287,
            264,
            663,
            753,
            6
        ],
        "scores": [
            1.0,
            -0.8710001707077026,
            0.8396788835525513,
            0.7811281681060791,
            -0.7655112743377686
        ]
    },
    "10": {
        "top5_index": [
            663,
            88,
            47,
            707,
            605
        ],
        "scores": [
            1.0,
            0.9825162887573242,
            0.9767034649848938,
            -0.9753264784812927,
            0.9654849767684937
        ]
    },
    "11": {
        "top5_index": [
            554,
            443,
            605,
            47,
            707
        ],
        "scores": [
            -1.0,
            -0.9304335117340088,
            0.9148324728012085,
            0.9135873913764954,
            -0.9021062254905701
        ]
    }
}