{
    "0": {
        "top5_index": [
            1,
            281,
            638,
            282,
            561
        ],
        "scores": [
            1.0,
            -0.7528519630432129,
            0.7410033345222473,
            0.7284719944000244,
            0.6862846612930298
        ]
    },
    "1": {
        "top5_index": [
            581,
            512,
            732,
            364,
            282
        ],
        "scores": [
            -1.0,
            -0.9281966090202332,
            0.8888312578201294,
            -0.8199118375778198,
            0.7510750889778137
        ]
    },
    "2": {
        "top5_index": [
            512,
            581,
            364,
            732,
            97
        ],
        "scores": [
            -1.0,
            -0.983694314956665,
            -0.8366140127182007,
            0.8329088687896729,
            -0.8076080083847046
        ]
    },
    "3": {
        "top5_index": [
            744,
            183,
            635,
            581,
            69
        ],
        "scores": [
            1.0,
            -0.941297173500061,
            0.9078625440597534,
            -0.8695998191833496,
            0.8325124979019165
        ]
    },
    "4": {
        "top5_index": [
            224,
            205,
            88,
            336,
            524
        ],
        "scores": [
            -1.0,
            0.9531861543655396,
            0.9300639033317566,
            -0.9213789105415344,
            0.9198347330093384
        ]
    },
    "5": {
        "top5_index": [
            524,
            320,
            311,
            565,
            336
        ],
        "scores": [
            1.0,
            -0.8634524345397949,
            0.8539777398109436,
            0.7879652976989746,
            -0.7729937434196472
        ]
    },
    "6": {
        "top5_index": [
            287,
            529,
            219,
            69,
            260
        ],
        "scores": [
            1.0,
            -0.9372334480285645,
            0.935651421546936,
            0.9303036332130432,
            -0.8969783782958984
        ]
    },
    "7": {
        "top5_index": [
            605,
            603,
            730,
            393,
            587
        ],
        "scores": [
            1.0,
            0.8673614263534546,
            0.8320856690406799,
            -0.7834603786468506,
            -0.7606137990951538
        ]
    },
    "8": {
        "top5_index": [
            587,
            605,
            88,
            663,
            313
        ],
        "scores": [
            -1.0,
            0.993179976940155,
            0.9854427576065063,
            0.9373530149459839,
            -0.8486880660057068
        ]
    },
    "9": {
        "top5_index": [
            663,
            88,
            287,
            313,
            363
        ],
        "scores": [
            1.0,
            0.8565135598182678,
            0.7067235112190247,
            -0.7010154128074646,
            -0.6914223432540894
        ]
    },
    "10": {
        "top5_index": [
            88,
            663,
            605,
            119,
            47
        ],
        "scores": [
            1.0,
            0.9149898886680603,
            0.8971526026725769,
            0.8954350352287292,
            0.8597341179847717
        ]
    },
    "11": {
        "top5_index": [
            554,
            443,
            605,
            47,
            707
        ],
        "scores": [
            -1.0,
            -0.930433452129364,
            0.9148324131965637,
            0.9135873317718506,
            -0.9021061658859253
        ]
    }
}