{
    "0": {
        "top5_index": [
            1204,
            1606,
            630,
            2255,
            1728
        ],
        "scores": [
            1.0,
            0.9964433908462524,
            0.985349714756012,
            0.9718616008758545,
            0.9232176542282104
        ]
    },
    "1": {
        "top5_index": [
            1978,
            489,
            1427,
            1435,
            1544
        ],
        "scores": [
            1.0,
            0.6711729168891907,
            -0.40385881066322327,
            0.40129560232162476,
            -0.3809470236301422
        ]
    },
    "2": {
        "top5_index": [
            1281,
            125,
            1604,
            159,
            2382
        ],
        "scores": [
            -1.0,
            -0.9886162281036377,
            -0.9258878827095032,
            0.9121893644332886,
            0.7971271276473999
        ]
    },
    "3": {
        "top5_index": [
            2448,
            830,
            2464,
            2444,
            2181
        ],
        "scores": [
            1.0,
            -0.964229166507721,
            -0.9531100392341614,
            0.8805437684059143,
            0.8575474619865417
        ]
    },
    "4": {
        "top5_index": [
            1442,
            3038,
            3054,
            2016,
            2033
        ],
        "scores": [
            -1.0,
            -0.9940093159675598,
            0.9895434379577637,
            0.9379454255104065,
            -0.8643300533294678
        ]
    },
    "5": {
        "top5_index": [
            415,
            2882,
            1749,
            79,
            1974
        ],
        "scores": [
            1.0,
            -0.980758547782898,
            0.9545997381210327,
            0.9511042833328247,
            0.9502126574516296
        ]
    },
    "6": {
        "top5_index": [
            684,
            1615,
            1930,
            664,
            1142
        ],
        "scores": [
            -1.0,
            -0.6215110421180725,
            -0.6001851558685303,
            -0.5897725224494934,
            -0.5651893019676208
        ]
    },
    "7": {
        "top5_index": [
            2390,
            2547,
            1339,
            1562,
            2765
        ],
        "scores": [
            1.0,
            0.9821269512176514,
            0.8212587833404541,
            0.8175110816955566,
            -0.7533780932426453
        ]
    },
    "8": {
        "top5_index": [
            1794,
            936,
            670,
            557,
            1493
        ],
        "scores": [
            1.0,
            0.8788996338844299,
            0.774435818195343,
            0.7548583149909973,
            0.7056650519371033
        ]
    },
    "9": {
        "top5_index": [
            2250,
            2207,
            1043,
            1197,
            255
        ],
        "scores": [
            -1.0,
            0.9732910990715027,
            -0.9423863887786865,
            -0.893070638179779,
            0.8436446785926819
        ]
    },
    "10": {
        "top5_index": [
            2761,
            1148,
            2678,
            1197,
            749
        ],
        "scores": [
            -1.0,
            -0.9652358293533325,
            -0.9588941931724548,
            -0.9209790229797363,
            -0.9150963425636292
        ]
    },
    "11": {
        "top5_index": [
            2493,
            853,
            2807,
            1092,
            2123
        ],
        "scores": [
            -1.0,
            -0.638724684715271,
            0.6370846629142761,
            -0.6218987703323364,
            0.611716091632843
        ]
    }
}