{
    "0": {
        "top5_index": [
            95,
            612,
            2196,
            2995,
            1007
        ],
        "scores": [
            -1.0,
            -0.9178931713104248,
            -0.8640042543411255,
            -0.828090488910675,
            -0.8206133246421814
        ]
    },
    "1": {
        "top5_index": [
            2133,
            1418,
            456,
            2807,
            2852
        ],
        "scores": [
            1.0,
            0.989509642124176,
            0.9175571799278259,
            0.8144676089286804,
            0.8102008700370789
        ]
    },
    "2": {
        "top5_index": [
            2038,
            3040,
            1735,
            1783,
            2995
        ],
        "scores": [
            1.0,
            0.8318114876747131,
            0.8160330653190613,
            0.7983207106590271,
            -0.7886770367622375
        ]
    },
    "3": {
        "top5_index": [
            1531,
            68,
            2660,
            824,
            1470
        ],
        "scores": [
            -1.0,
            -0.9511673450469971,
            -0.9131811261177063,
            -0.8384103178977966,
            -0.8150818943977356
        ]
    },
    "4": {
        "top5_index": [
            3054,
            3035,
            207,
            2033,
            2187
        ],
        "scores": [
            -1.0,
            -0.9827300310134888,
            -0.9674763083457947,
            0.8927001953125,
            0.8900646567344666
        ]
    },
    "5": {
        "top5_index": [
            79,
            3018,
            1837,
            1573,
            1932
        ],
        "scores": [
            -1.0,
            -0.7440682053565979,
            -0.7109606862068176,
            0.6395661234855652,
            -0.599675714969635
        ]
    },
    "6": {
        "top5_index": [
            684,
            1142,
            764,
            1732,
            3009
        ],
        "scores": [
            1.0,
            0.5752835273742676,
            0.5315911769866943,
            0.5122960805892944,
            -0.46306467056274414
        ]
    },
    "7": {
        "top5_index": [
            2390,
            2765,
            164,
            1069,
            2547
        ],
        "scores": [
            -1.0,
            0.8685379028320312,
            0.8360550999641418,
            -0.7984055280685425,
            -0.78200364112854
        ]
    },
    "8": {
        "top5_index": [
            1794,
            670,
            2122,
            1493,
            1394
        ],
        "scores": [
            -1.0,
            -0.9379978775978088,
            0.7105766534805298,
            -0.7102137804031372,
            -0.6983389258384705
        ]
    },
    "9": {
        "top5_index": [
            1043,
            1856,
            1679,
            1250,
            2805
        ],
        "scores": [
            1.0,
            -0.97055983543396,
            0.968795120716095,
            -0.8772400617599487,
            -0.8713051676750183
        ]
    },
    "10": {
        "top5_index": [
            2761,
            1148,
            2872,
            1032,
            749
        ],
        "scores": [
            1.0,
            0.8309091925621033,
            0.7625948190689087,
            -0.7511054873466492,
            0.739978551864624
        ]
    },
    "11": {
        "top5_index": [
            2493,
            1225,
            1056,
            2123,
            3062
        ],
        "scores": [
            1.0,
            0.5929200053215027,
            0.581289529800415,
            -0.5545716881752014,
            0.5473110675811768
        ]
    }
}