{
    "0": {
        "top5_index": [
            82,
            517,
            595,
            377,
            78
        ],
        "scores": [
            -1.0,
            0.8683922290802002,
            -0.76898193359375,
            0.7355567216873169,
            0.7075598835945129
        ]
    },
    "1": {
        "top5_index": [
            525,
            605,
            11,
            514,
            366
        ],
        "scores": [
            -1.0,
            -0.9917251467704773,
            0.9876513481140137,
            -0.9526141881942749,
            -0.9432822465896606
        ]
    },
    "2": {
        "top5_index": [
            97,
            586,
            250,
            678,
            165
        ],
        "scores": [
            1.0,
            -0.9503745436668396,
            -0.9400399923324585,
            0.8869400024414062,
            -0.8804937601089478
        ]
    },
    "3": {
        "top5_index": [
            97,
            236,
            414,
            744,
            69
        ],
        "scores": [
            1.0,
            -0.9657291769981384,
            -0.9323526620864868,
            -0.9201396107673645,
            -0.9100433588027954
        ]
    },
    "4": {
        "top5_index": [
            719,
            69,
            73,
            645,
            100
        ],
        "scores": [
            1.0,
            -0.8526500463485718,
            0.7064396739006042,
            -0.6541556715965271,
            0.6523390412330627
        ]
    },
    "5": {
        "top5_index": [
            674,
            719,
            69,
            38,
            311
        ],
        "scores": [
            1.0,
            0.8987652659416199,
            -0.873977541923523,
            0.8702592849731445,
            -0.8675410747528076
        ]
    },
    "6": {
        "top5_index": [
            134,
            38,
            439,
            674,
            314
        ],
        "scores": [
            -1.0,
            0.948468804359436,
            -0.9409705400466919,
            0.9031599760055542,
            0.8607615232467651
        ]
    },
    "7": {
        "top5_index": [
            134,
            753,
            674,
            393,
            97
        ],
        "scores": [
            -1.0,
            -0.8253283500671387,
            0.7971580028533936,
            0.7194578051567078,
            0.7122300267219543
        ]
    },
    "8": {
        "top5_index": [
            134,
            38,
            753,
            414,
            88
        ],
        "scores": [
            -1.0,
            0.9608167409896851,
            -0.926468551158905,
            -0.8372551798820496,
            -0.8260554075241089
        ]
    },
    "9": {
        "top5_index": [
            134,
            414,
            690,
            685,
            663
        ],
        "scores": [
            -1.0,
            -0.9691318273544312,
            0.9241525530815125,
            0.8832104206085205,
            -0.8776453733444214
        ]
    },
    "10": {
        "top5_index": [
            88,
            605,
            393,
            748,
            663
        ],
        "scores": [
            -1.0,
            -0.9831556677818298,
            0.9759683012962341,
            0.9664117097854614,
            -0.9646262526512146
        ]
    },
    "11": {
        "top5_index": [
            605,
            702,
            577,
            169,
            319
        ],
        "scores": [
            -1.0,
            0.9249411225318909,
            -0.8609997034072876,
            0.8334484696388245,
            0.8219587206840515
        ]
    }
}