{
    "0": {
        "top5_index": [
            1,
            210,
            674,
            282,
            366
        ],
        "scores": [
            -1.0,
            0.8410218358039856,
            0.6453229188919067,
            -0.6097391247749329,
            -0.6017391681671143
        ]
    },
    "1": {
        "top5_index": [
            682,
            106,
            366,
            1,
            605
        ],
        "scores": [
            1.0,
            0.9861478209495544,
            -0.976472795009613,
            -0.8956551551818848,
            -0.8395645022392273
        ]
    },
    "2": {
        "top5_index": [
            719,
            448,
            366,
            410,
            281
        ],
        "scores": [
            1.0,
            -0.9945425391197205,
            -0.9725778698921204,
            0.7965088486671448,
            0.7683894038200378
        ]
    },
    "3": {
        "top5_index": [
            448,
            217,
            414,
            410,
            366
        ],
        "scores": [
            -1.0,
            0.9941393733024597,
            -0.9899561405181885,
            0.9146733283996582,
            -0.8746995329856873
        ]
    },
    "4": {
        "top5_index": [
            410,
            719,
            281,
            435,
            605
        ],
        "scores": [
            1.0,
            0.8286715745925903,
            0.8164258003234863,
            0.7920873165130615,
            -0.7510959506034851
        ]
    },
    "5": {
        "top5_index": [
            281,
            142,
            395,
            524,
            410
        ],
        "scores": [
            1.0,
            0.9971681833267212,
            0.9895073175430298,
            -0.9775081276893616,
            0.944800853729248
        ]
    },
    "6": {
        "top5_index": [
            605,
            142,
            674,
            53,
            264
        ],
        "scores": [
            -1.0,
            0.9836329817771912,
            0.9010670185089111,
            -0.8773503303527832,
            0.8524261713027954
        ]
    },
    "7": {
        "top5_index": [
            605,
            663,
            79,
            461,
            294
        ],
        "scores": [
            -1.0,
            -0.8266313076019287,
            -0.7442068457603455,
            0.7422882914543152,
            0.7117794752120972
        ]
    },
    "8": {
        "top5_index": [
            663,
            748,
            134,
            228,
            605
        ],
        "scores": [
            -1.0,
            0.8886367082595825,
            -0.8787040114402771,
            0.837636411190033,
            -0.8348872065544128
        ]
    },
    "9": {
        "top5_index": [
            663,
            605,
            710,
            238,
            308
        ],
        "scores": [
            -1.0,
            -0.7529824376106262,
            0.7075995802879333,
            0.6997020840644836,
            -0.6675112247467041
        ]
    },
    "10": {
        "top5_index": [
            605,
            663,
            88,
            748,
            393
        ],
        "scores": [
            -1.0,
            -0.9359024167060852,
            -0.8805937767028809,
            0.8702250719070435,
            0.8274439573287964
        ]
    },
    "11": {
        "top5_index": [
            605,
            702,
            577,
            169,
            319
        ],
        "scores": [
            -1.0,
            0.9249411225318909,
            -0.8609997034072876,
            0.8334484100341797,
            0.8219586610794067
        ]
    }
}