{
    "0": {
        "top5_index": [
            2400,
            2546,
            1980,
            1302,
            2976
        ],
        "scores": [
            -1.0,
            -0.9651674628257751,
            -0.9281704425811768,
            -0.9089372754096985,
            0.9054611325263977
        ]
    },
    "1": {
        "top5_index": [
            1510,
            2563,
            489,
            1061,
            1978
        ],
        "scores": [
            -1.0,
            -0.9738194942474365,
            -0.9696211814880371,
            -0.9472140073776245,
            -0.9355201125144958
        ]
    },
    "2": {
        "top5_index": [
            2038,
            133,
            891,
            2772,
            1750
        ],
        "scores": [
            1.0,
            -0.9819272756576538,
            -0.9814021587371826,
            -0.7922630310058594,
            0.6849988102912903
        ]
    },
    "3": {
        "top5_index": [
            1531,
            2664,
            824,
            2660,
            68
        ],
        "scores": [
            -1.0,
            -0.8711714744567871,
            -0.8349400758743286,
            -0.8126301169395447,
            -0.800324022769928
        ]
    },
    "4": {
        "top5_index": [
            117,
            2254,
            3054,
            1452,
            2570
        ],
        "scores": [
            -1.0,
            -0.8837010860443115,
            -0.7555994391441345,
            -0.7160924673080444,
            0.6857407093048096
        ]
    },
    "5": {
        "top5_index": [
            79,
            951,
            2166,
            2077,
            2899
        ],
        "scores": [
            -1.0,
            0.9930333495140076,
            0.9546189308166504,
            0.8763416409492493,
            0.6815366148948669
        ]
    },
    "6": {
        "top5_index": [
            684,
            2503,
            2896,
            764,
            1930
        ],
        "scores": [
            1.0,
            0.5183245539665222,
            0.45413920283317566,
            0.42898479104042053,
            0.39863866567611694
        ]
    },
    "7": {
        "top5_index": [
            164,
            2547,
            2390,
            2765,
            1339
        ],
        "scores": [
            1.0,
            -0.7774382829666138,
            -0.7499167323112488,
            0.7111561894416809,
            -0.5513753890991211
        ]
    },
    "8": {
        "top5_index": [
            1794,
            670,
            936,
            2122,
            374
        ],
        "scores": [
            -1.0,
            -0.7049804925918579,
            -0.6572123765945435,
            0.6352283358573914,
            0.5932096242904663
        ]
    },
    "9": {
        "top5_index": [
            1808,
            1043,
            2382,
            2805,
            2228
        ],
        "scores": [
            -1.0,
            0.9389615058898926,
            -0.9068349003791809,
            -0.8943661451339722,
            -0.8249790072441101
        ]
    },
    "10": {
        "top5_index": [
            2761,
            1148,
            2872,
            749,
            2678
        ],
        "scores": [
            1.0,
            0.7862085103988647,
            0.7529075145721436,
            0.7222020030021667,
            0.7106768488883972
        ]
    },
    "11": {
        "top5_index": [
            2493,
            1225,
            1056,
            2123,
            3062
        ],
        "scores": [
            1.0,
            0.5929198861122131,
            0.5812896490097046,
            -0.5545716881752014,
            0.5473113656044006
        ]
    }
}