{
    "0": {
        "top5_index": [
            1,
            366,
            764,
            53,
            561
        ],
        "scores": [
            -1.0,
            -0.6127298474311829,
            -0.5940343141555786,
            0.5908328294754028,
            -0.5306008458137512
        ]
    },
    "1": {
        "top5_index": [
            458,
            0,
            139,
            92,
            596
        ],
        "scores": [
            1.0,
            0.9945201277732849,
            0.9493630528450012,
            -0.9239200353622437,
            -0.9006200432777405
        ]
    },
    "2": {
        "top5_index": [
            64,
            211,
            642,
            446,
            328
        ],
        "scores": [
            -1.0,
            -0.9616429805755615,
            -0.8974882364273071,
            -0.8925671577453613,
            0.8262386322021484
        ]
    },
    "3": {
        "top5_index": [
            181,
            139,
            461,
            223,
            747
        ],
        "scores": [
            -1.0,
            0.8434748649597168,
            -0.7919209599494934,
            -0.7562286853790283,
            0.7514848709106445
        ]
    },
    "4": {
        "top5_index": [
            461,
            198,
            456,
            406,
            23
        ],
        "scores": [
            -1.0,
            0.983242928981781,
            0.9794900417327881,
            -0.9605809450149536,
            0.9213795065879822
        ]
    },
    "5": {
        "top5_index": [
            181,
            483,
            173,
            158,
            198
        ],
        "scores": [
            -1.0,
            -0.8080584406852722,
            -0.7898040413856506,
            0.7892183661460876,
            0.7762218117713928
        ]
    },
    "6": {
        "top5_index": [
            23,
            547,
            348,
            587,
            181
        ],
        "scores": [
            1.0,
            -0.9609625339508057,
            0.8475337028503418,
            -0.8270456790924072,
            -0.8153899908065796
        ]
    },
    "7": {
        "top5_index": [
            605,
            298,
            173,
            23,
            348
        ],
        "scores": [
            1.0,
            0.9378632307052612,
            -0.8615076541900635,
            0.8369676470756531,
            0.8329865336418152
        ]
    },
    "8": {
        "top5_index": [
            363,
            605,
            701,
            33,
            298
        ],
        "scores": [
            -1.0,
            0.8853279948234558,
            -0.7870203256607056,
            -0.7797750234603882,
            0.7772844433784485
        ]
    },
    "9": {
        "top5_index": [
            605,
            287,
            663,
            298,
            175
        ],
        "scores": [
            1.0,
            0.9674083590507507,
            0.92825847864151,
            0.9150762557983398,
            0.8882153034210205
        ]
    },
    "10": {
        "top5_index": [
            605,
            88,
            313,
            247,
            707
        ],
        "scores": [
            1.0,
            0.9736770391464233,
            -0.9123237133026123,
            0.8935009241104126,
            -0.8917795419692993
        ]
    },
    "11": {
        "top5_index": [
            554,
            443,
            605,
            47,
            707
        ],
        "scores": [
            -1.0,
            -0.9304335117340088,
            0.9148324728012085,
            0.9135873913764954,
            -0.9021062254905701
        ]
    }
}