{
    "0": {
        "top5_index": [
            2509,
            3023,
            2032,
            1980,
            1947
        ],
        "scores": [
            -1.0,
            -0.9710739850997925,
            -0.9510611891746521,
            -0.9369586110115051,
            -0.929964005947113
        ]
    },
    "1": {
        "top5_index": [
            1978,
            3049,
            2200,
            379,
            1235
        ],
        "scores": [
            1.0,
            -0.9451324939727783,
            0.7692195773124695,
            -0.7207004427909851,
            0.7008658647537231
        ]
    },
    "2": {
        "top5_index": [
            3043,
            1538,
            2768,
            2037,
            159
        ],
        "scores": [
            1.0,
            0.8151130676269531,
            0.7109312415122986,
            0.7028571367263794,
            0.6894745230674744
        ]
    },
    "3": {
        "top5_index": [
            1531,
            68,
            824,
            2565,
            766
        ],
        "scores": [
            -1.0,
            -0.9456353783607483,
            -0.8557984828948975,
            0.7874370813369751,
            0.7766898274421692
        ]
    },
    "4": {
        "top5_index": [
            2606,
            1417,
            2422,
            2274,
            991
        ],
        "scores": [
            -1.0,
            0.9433320164680481,
            0.7153106927871704,
            -0.6463507413864136,
            -0.6426929235458374
        ]
    },
    "5": {
        "top5_index": [
            2077,
            803,
            951,
            1510,
            1837
        ],
        "scores": [
            1.0,
            -0.9867828488349915,
            0.9700714349746704,
            0.821795642375946,
            0.8143966197967529
        ]
    },
    "6": {
        "top5_index": [
            1321,
            1580,
            2281,
            1069,
            278
        ],
        "scores": [
            1.0,
            0.8175866007804871,
            0.7928506135940552,
            -0.7927389144897461,
            0.771706759929657
        ]
    },
    "7": {
        "top5_index": [
            2547,
            1562,
            1339,
            687,
            1142
        ],
        "scores": [
            1.0,
            0.9537915587425232,
            0.8439902663230896,
            0.785174548625946,
            0.6214775443077087
        ]
    },
    "8": {
        "top5_index": [
            1794,
            1015,
            1509,
            1272,
            1033
        ],
        "scores": [
            1.0,
            0.947280764579773,
            -0.8893999457359314,
            -0.767541766166687,
            0.7051602602005005
        ]
    },
    "9": {
        "top5_index": [
            1043,
            1529,
            2250,
            1470,
            2805
        ],
        "scores": [
            -1.0,
            -0.8784316778182983,
            -0.8743003606796265,
            -0.8361310362815857,
            0.8339362740516663
        ]
    },
    "10": {
        "top5_index": [
            2761,
            2678,
            1148,
            749,
            2422
        ],
        "scores": [
            -1.0,
            -0.906853199005127,
            -0.8867902755737305,
            -0.8598859310150146,
            0.8469031453132629
        ]
    },
    "11": {
        "top5_index": [
            2493,
            853,
            2807,
            1092,
            2123
        ],
        "scores": [
            -1.0,
            -0.638724684715271,
            0.6370844841003418,
            -0.6218990087509155,
            0.6117159724235535
        ]
    }
}