{
    "0": {
        "top5_index": [
            516,
            420,
            1268,
            623,
            1452
        ],
        "scores": [
            1.0,
            -0.9406172037124634,
            -0.939690887928009,
            -0.905531644821167,
            -0.8977599143981934
        ]
    },
    "1": {
        "top5_index": [
            907,
            2992,
            2596,
            1286,
            2563
        ],
        "scores": [
            -1.0,
            0.9159282445907593,
            -0.9133657813072205,
            -0.8770837783813477,
            -0.8652535080909729
        ]
    },
    "2": {
        "top5_index": [
            1916,
            1251,
            1685,
            2081,
            1006
        ],
        "scores": [
            1.0,
            0.9574041366577148,
            0.9359508156776428,
            0.9300231337547302,
            0.9273098111152649
        ]
    },
    "3": {
        "top5_index": [
            68,
            1531,
            824,
            1470,
            1115
        ],
        "scores": [
            -1.0,
            -0.9724534749984741,
            -0.8420739769935608,
            -0.7996610999107361,
            -0.7448593378067017
        ]
    },
    "4": {
        "top5_index": [
            1417,
            2254,
            1030,
            2893,
            184
        ],
        "scores": [
            1.0,
            0.8955056071281433,
            -0.8825657963752747,
            -0.8454394340515137,
            -0.8353645205497742
        ]
    },
    "5": {
        "top5_index": [
            803,
            2077,
            2249,
            2386,
            456
        ],
        "scores": [
            -1.0,
            0.8891172409057617,
            0.865912675857544,
            0.8455184698104858,
            -0.8028217554092407
        ]
    },
    "6": {
        "top5_index": [
            1321,
            2503,
            3009,
            684,
            1930
        ],
        "scores": [
            1.0,
            -0.7890642881393433,
            0.6407966017723083,
            -0.6237385272979736,
            -0.5805819630622864
        ]
    },
    "7": {
        "top5_index": [
            238,
            2547,
            1562,
            2390,
            1600
        ],
        "scores": [
            1.0,
            0.9767656326293945,
            0.9755080342292786,
            0.8082243204116821,
            0.7463735342025757
        ]
    },
    "8": {
        "top5_index": [
            1794,
            1015,
            1509,
            1033,
            1394
        ],
        "scores": [
            1.0,
            0.9616868495941162,
            -0.7187420725822449,
            0.7180426716804504,
            0.6599568128585815
        ]
    },
    "9": {
        "top5_index": [
            1043,
            2628,
            2250,
            1390,
            1857
        ],
        "scores": [
            -1.0,
            0.9366828203201294,
            -0.9288334846496582,
            -0.9123167395591736,
            -0.9000348448753357
        ]
    },
    "10": {
        "top5_index": [
            2761,
            749,
            1148,
            2678,
            957
        ],
        "scores": [
            -1.0,
            -0.9467264413833618,
            -0.8839730024337769,
            -0.8766329288482666,
            0.8699007034301758
        ]
    },
    "11": {
        "top5_index": [
            2493,
            853,
            2807,
            1092,
            2123
        ],
        "scores": [
            -1.0,
            -0.6387245655059814,
            0.6370847225189209,
            -0.6218988299369812,
            0.611716091632843
        ]
    }
}