{
    "0": {
        "top5_index": [
            299,
            489,
            60,
            503,
            255
        ],
        "scores": [
            -1.0,
            0.8403763771057129,
            0.7822966575622559,
            0.7759828567504883,
            -0.7757131457328796
        ]
    },
    "1": {
        "top5_index": [
            700,
            425,
            536,
            159,
            139
        ],
        "scores": [
            -1.0,
            -0.9076462984085083,
            0.848955512046814,
            0.8472886681556702,
            0.8298227190971375
        ]
    },
    "2": {
        "top5_index": [
            64,
            566,
            536,
            642,
            370
        ],
        "scores": [
            -1.0,
            0.86115962266922,
            0.8480151295661926,
            -0.7527306079864502,
            0.703827977180481
        ]
    },
    "3": {
        "top5_index": [
            64,
            181,
            681,
            466,
            268
        ],
        "scores": [
            -1.0,
            -0.9762389659881592,
            -0.852838933467865,
            0.8394402265548706,
            -0.7988618612289429
        ]
    },
    "4": {
        "top5_index": [
            430,
            23,
            212,
            198,
            483
        ],
        "scores": [
            1.0,
            0.9791837930679321,
            0.9623410105705261,
            0.9552590250968933,
            -0.9448339939117432
        ]
    },
    "5": {
        "top5_index": [
            181,
            212,
            483,
            764,
            23
        ],
        "scores": [
            -1.0,
            0.8137499690055847,
            -0.770479142665863,
            -0.7684915065765381,
            0.7675630450248718
        ]
    },
    "6": {
        "top5_index": [
            764,
            19,
            181,
            202,
            691
        ],
        "scores": [
            -1.0,
            0.9207894206047058,
            -0.8692752718925476,
            -0.8685914874076843,
            -0.8341864347457886
        ]
    },
    "7": {
        "top5_index": [
            605,
            393,
            555,
            730,
            298
        ],
        "scores": [
            1.0,
            -0.8456193804740906,
            0.700487494468689,
            0.692305326461792,
            0.6799110770225525
        ]
    },
    "8": {
        "top5_index": [
            605,
            435,
            287,
            228,
            119
        ],
        "scores": [
            1.0,
            -0.8436729907989502,
            0.8171853423118591,
            -0.8091820478439331,
            0.7976493835449219
        ]
    },
    "9": {
        "top5_index": [
            287,
            605,
            393,
            663,
            490
        ],
        "scores": [
            1.0,
            0.9497888684272766,
            -0.8859941363334656,
            0.825984001159668,
            0.8097406625747681
        ]
    },
    "10": {
        "top5_index": [
            605,
            88,
            313,
            247,
            443
        ],
        "scores": [
            1.0,
            0.9389985203742981,
            -0.9026733040809631,
            0.8565092086791992,
            -0.8530421257019043
        ]
    },
    "11": {
        "top5_index": [
            554,
            443,
            605,
            47,
            707
        ],
        "scores": [
            -1.0,
            -0.9304335713386536,
            0.9148324728012085,
            0.9135873913764954,
            -0.9021062254905701
        ]
    }
}