{
    "0": {
        "top5_index": [
            2255,
            3023,
            516,
            1947,
            3028
        ],
        "scores": [
            -1.0,
            -0.9863128662109375,
            0.983563244342804,
            -0.9644061326980591,
            0.9244247674942017
        ]
    },
    "1": {
        "top5_index": [
            2102,
            1909,
            2949,
            1978,
            2452
        ],
        "scores": [
            -1.0,
            -0.8456200957298279,
            -0.8019821047782898,
            -0.7765617966651917,
            0.751028299331665
        ]
    },
    "2": {
        "top5_index": [
            1777,
            891,
            1272,
            2619,
            1894
        ],
        "scores": [
            1.0,
            0.7204485535621643,
            -0.5766600370407104,
            0.5593265295028687,
            0.5503595471382141
        ]
    },
    "3": {
        "top5_index": [
            1531,
            68,
            824,
            2660,
            1470
        ],
        "scores": [
            -1.0,
            -0.9707690477371216,
            -0.8877560496330261,
            -0.8210095167160034,
            -0.7966026663780212
        ]
    },
    "4": {
        "top5_index": [
            1967,
            1644,
            3,
            769,
            296
        ],
        "scores": [
            1.0,
            -0.8207146525382996,
            -0.7716867327690125,
            0.6348179578781128,
            0.6087085604667664
        ]
    },
    "5": {
        "top5_index": [
            803,
            141,
            1375,
            269,
            2918
        ],
        "scores": [
            -1.0,
            -0.8022161722183228,
            -0.7920398116111755,
            -0.7543275356292725,
            -0.7495200634002686
        ]
    },
    "6": {
        "top5_index": [
            1321,
            1130,
            3024,
            870,
            1229
        ],
        "scores": [
            1.0,
            -0.8841435313224792,
            -0.8154953718185425,
            0.7992441058158875,
            -0.7695114016532898
        ]
    },
    "7": {
        "top5_index": [
            1562,
            1825,
            2547,
            2022,
            2093
        ],
        "scores": [
            1.0,
            0.649764358997345,
            0.6397343873977661,
            0.5627052783966064,
            0.54377681016922
        ]
    },
    "8": {
        "top5_index": [
            1099,
            690,
            1272,
            1015,
            1843
        ],
        "scores": [
            1.0,
            0.9940751194953918,
            -0.8281184434890747,
            0.8230350017547607,
            -0.8089584708213806
        ]
    },
    "9": {
        "top5_index": [
            1595,
            1938,
            2379,
            1857,
            1803
        ],
        "scores": [
            -1.0,
            -0.9651784896850586,
            -0.9220328330993652,
            -0.8984769582748413,
            -0.8537101149559021
        ]
    },
    "10": {
        "top5_index": [
            2761,
            126,
            957,
            2422,
            1536
        ],
        "scores": [
            -1.0,
            0.9561823606491089,
            0.906428337097168,
            0.8345363140106201,
            -0.8338662981987
        ]
    },
    "11": {
        "top5_index": [
            2493,
            853,
            2807,
            1092,
            2123
        ],
        "scores": [
            -1.0,
            -0.6387245655059814,
            0.637084424495697,
            -0.6218987107276917,
            0.6117159128189087
        ]
    }
}