{
    "0": {
        "top5_index": [
            357,
            281,
            259,
            1,
            450
        ],
        "scores": [
            -1.0,
            0.9394643306732178,
            0.887715756893158,
            -0.8202878832817078,
            -0.7944647073745728
        ]
    },
    "1": {
        "top5_index": [
            205,
            514,
            336,
            579,
            51
        ],
        "scores": [
            -1.0,
            -0.999621570110321,
            -0.9906766414642334,
            0.9735848307609558,
            0.9387601017951965
        ]
    },
    "2": {
        "top5_index": [
            51,
            230,
            603,
            88,
            64
        ],
        "scores": [
            1.0,
            0.678695797920227,
            0.6723684668540955,
            0.6497790813446045,
            -0.6174924373626709
        ]
    },
    "3": {
        "top5_index": [
            51,
            311,
            64,
            181,
            676
        ],
        "scores": [
            1.0,
            0.7797583341598511,
            -0.6969354152679443,
            -0.6564162373542786,
            0.6385676860809326
        ]
    },
    "4": {
        "top5_index": [
            51,
            311,
            561,
            619,
            683
        ],
        "scores": [
            1.0,
            0.6915116310119629,
            -0.6110181212425232,
            -0.5707099437713623,
            0.5703684687614441
        ]
    },
    "5": {
        "top5_index": [
            51,
            173,
            247,
            691,
            253
        ],
        "scores": [
            1.0,
            -0.8056849837303162,
            0.7807044386863708,
            -0.7177646160125732,
            0.7153512239456177
        ]
    },
    "6": {
        "top5_index": [
            51,
            311,
            547,
            691,
            673
        ],
        "scores": [
            1.0,
            0.7840297818183899,
            -0.7085297703742981,
            -0.6948286294937134,
            0.676902174949646
        ]
    },
    "7": {
        "top5_index": [
            51,
            547,
            218,
            175,
            311
        ],
        "scores": [
            1.0,
            -0.9692115783691406,
            0.9602013230323792,
            0.8673627376556396,
            0.863908052444458
        ]
    },
    "8": {
        "top5_index": [
            88,
            605,
            247,
            119,
            121
        ],
        "scores": [
            1.0,
            0.981687605381012,
            0.9395622611045837,
            0.9291406869888306,
            0.9288661479949951
        ]
    },
    "9": {
        "top5_index": [
            88,
            605,
            287,
            247,
            663
        ],
        "scores": [
            1.0,
            0.9872326254844666,
            0.929560661315918,
            0.9009831547737122,
            0.8988126516342163
        ]
    },
    "10": {
        "top5_index": [
            88,
            119,
            605,
            247,
            313
        ],
        "scores": [
            1.0,
            0.8581818342208862,
            0.8581541776657104,
            0.8225506544113159,
            -0.7587147355079651
        ]
    },
    "11": {
        "top5_index": [
            554,
            443,
            605,
            47,
            707
        ],
        "scores": [
            -1.0,
            -0.9304335117340088,
            0.914832353591919,
            0.9135872721672058,
            -0.9021062254905701
        ]
    }
}