{
    "0": {
        "top5_index": [
            1,
            366,
            236,
            78,
            80
        ],
        "scores": [
            -1.0,
            -0.7311082482337952,
            -0.6469905376434326,
            0.5772956609725952,
            -0.5704970955848694
        ]
    },
    "1": {
        "top5_index": [
            682,
            605,
            366,
            310,
            428
        ],
        "scores": [
            1.0,
            -0.8619507551193237,
            -0.7284198999404907,
            -0.6946023106575012,
            -0.6855303645133972
        ]
    },
    "2": {
        "top5_index": [
            131,
            448,
            497,
            366,
            561
        ],
        "scores": [
            1.0,
            -0.9227511882781982,
            0.9153308272361755,
            -0.8978458642959595,
            -0.8697165846824646
        ]
    },
    "3": {
        "top5_index": [
            326,
            602,
            414,
            497,
            624
        ],
        "scores": [
            1.0,
            -0.8214372396469116,
            -0.8125560879707336,
            0.7233728170394897,
            -0.7221199870109558
        ]
    },
    "4": {
        "top5_index": [
            507,
            106,
            561,
            88,
            665
        ],
        "scores": [
            1.0,
            0.9697858691215515,
            -0.95798659324646,
            -0.9459736347198486,
            -0.9212794303894043
        ]
    },
    "5": {
        "top5_index": [
            311,
            69,
            674,
            49,
            655
        ],
        "scores": [
            -1.0,
            -0.9513204097747803,
            0.8698099851608276,
            -0.8669000267982483,
            -0.8492406606674194
        ]
    },
    "6": {
        "top5_index": [
            674,
            49,
            69,
            730,
            53
        ],
        "scores": [
            1.0,
            -0.7711659669876099,
            -0.7641617059707642,
            -0.7405439615249634,
            -0.7363209128379822
        ]
    },
    "7": {
        "top5_index": [
            134,
            674,
            690,
            69,
            605
        ],
        "scores": [
            -1.0,
            0.9832274317741394,
            0.9303138256072998,
            -0.8864600658416748,
            -0.8730665445327759
        ]
    },
    "8": {
        "top5_index": [
            134,
            228,
            469,
            605,
            737
        ],
        "scores": [
            -1.0,
            0.9624817371368408,
            0.9574882388114929,
            -0.9471213221549988,
            0.913634717464447
        ]
    },
    "9": {
        "top5_index": [
            690,
            311,
            134,
            414,
            319
        ],
        "scores": [
            1.0,
            -0.9541890025138855,
            -0.9034891128540039,
            -0.8776405453681946,
            0.8549826145172119
        ]
    },
    "10": {
        "top5_index": [
            605,
            319,
            88,
            748,
            663
        ],
        "scores": [
            -1.0,
            0.8466689586639404,
            -0.8040595054626465,
            0.8018501996994019,
            -0.7764326333999634
        ]
    },
    "11": {
        "top5_index": [
            605,
            702,
            577,
            169,
            319
        ],
        "scores": [
            -1.0,
            0.9249411225318909,
            -0.8609997034072876,
            0.8334484100341797,
            0.8219586610794067
        ]
    }
}