{
    "0": {
        "top5_index": [
            2643,
            1017,
            2577,
            2386,
            2921
        ],
        "scores": [
            -1.0,
            -0.9475786685943604,
            -0.9162768125534058,
            -0.8805796504020691,
            -0.8602578639984131
        ]
    },
    "1": {
        "top5_index": [
            2563,
            1061,
            1510,
            1090,
            1482
        ],
        "scores": [
            -1.0,
            -0.8482670187950134,
            -0.8244362473487854,
            -0.8043755888938904,
            -0.785039484500885
        ]
    },
    "2": {
        "top5_index": [
            2865,
            1543,
            227,
            2897,
            666
        ],
        "scores": [
            -1.0,
            -0.9461101293563843,
            -0.9404982328414917,
            -0.9262898564338684,
            -0.9003239274024963
        ]
    },
    "3": {
        "top5_index": [
            1531,
            68,
            824,
            2660,
            2664
        ],
        "scores": [
            -1.0,
            -0.9228234887123108,
            -0.9104886054992676,
            -0.8694937229156494,
            -0.7768607139587402
        ]
    },
    "4": {
        "top5_index": [
            207,
            1137,
            2241,
            1418,
            237
        ],
        "scores": [
            -1.0,
            0.9937150478363037,
            0.9863570928573608,
            -0.8532902598381042,
            0.8511024117469788
        ]
    },
    "5": {
        "top5_index": [
            771,
            1440,
            1679,
            2166,
            1573
        ],
        "scores": [
            -1.0,
            -0.9326109886169434,
            -0.867975115776062,
            0.8392366170883179,
            0.8358597159385681
        ]
    },
    "6": {
        "top5_index": [
            684,
            2503,
            1772,
            2896,
            1930
        ],
        "scores": [
            1.0,
            0.522912323474884,
            -0.4678857624530792,
            0.4659435749053955,
            0.4618682861328125
        ]
    },
    "7": {
        "top5_index": [
            2390,
            2547,
            164,
            2765,
            1952
        ],
        "scores": [
            -1.0,
            -0.8563840389251709,
            0.7552606463432312,
            0.6681199073791504,
            0.6110216379165649
        ]
    },
    "8": {
        "top5_index": [
            1794,
            670,
            1493,
            2833,
            2122
        ],
        "scores": [
            -1.0,
            -0.8440448641777039,
            -0.7878318428993225,
            -0.7497091293334961,
            0.7172124981880188
        ]
    },
    "9": {
        "top5_index": [
            1043,
            2805,
            2142,
            107,
            904
        ],
        "scores": [
            1.0,
            -0.9864740371704102,
            -0.903201162815094,
            -0.8678361773490906,
            -0.8290154337882996
        ]
    },
    "10": {
        "top5_index": [
            2761,
            2872,
            1148,
            749,
            126
        ],
        "scores": [
            1.0,
            0.8221850395202637,
            0.7728384733200073,
            0.7674810886383057,
            -0.7293103337287903
        ]
    },
    "11": {
        "top5_index": [
            2493,
            1225,
            1056,
            2123,
            3062
        ],
        "scores": [
            1.0,
            0.5929199457168579,
            0.5812897682189941,
            -0.5545717477798462,
            0.5473113656044006
        ]
    }
}