{
    "0": {
        "top5_index": [
            237,
            281,
            32,
            375,
            692
        ],
        "scores": [
            1.0,
            0.8736974596977234,
            -0.8594703674316406,
            -0.8406185507774353,
            -0.7829089760780334
        ]
    },
    "1": {
        "top5_index": [
            51,
            211,
            700,
            512,
            602
        ],
        "scores": [
            1.0,
            -0.9801312685012817,
            -0.9641575217247009,
            -0.8603911995887756,
            -0.8132867813110352
        ]
    },
    "2": {
        "top5_index": [
            508,
            554,
            88,
            512,
            311
        ],
        "scores": [
            1.0,
            -0.9338616132736206,
            0.8996015191078186,
            -0.8533433079719543,
            0.7412645220756531
        ]
    },
    "3": {
        "top5_index": [
            508,
            466,
            211,
            532,
            181
        ],
        "scores": [
            1.0,
            0.861463189125061,
            -0.8344560861587524,
            -0.7349662780761719,
            -0.7324784994125366
        ]
    },
    "4": {
        "top5_index": [
            88,
            508,
            532,
            119,
            211
        ],
        "scores": [
            1.0,
            0.996890664100647,
            -0.9406560063362122,
            0.9338029623031616,
            -0.8928051590919495
        ]
    },
    "5": {
        "top5_index": [
            508,
            609,
            532,
            311,
            88
        ],
        "scores": [
            1.0,
            0.8669499754905701,
            -0.8311123251914978,
            0.8070065379142761,
            0.8066536784172058
        ]
    },
    "6": {
        "top5_index": [
            508,
            311,
            532,
            609,
            88
        ],
        "scores": [
            1.0,
            0.9126275181770325,
            -0.8248558640480042,
            0.815484881401062,
            0.7929435968399048
        ]
    },
    "7": {
        "top5_index": [
            311,
            69,
            119,
            218,
            490
        ],
        "scores": [
            1.0,
            0.8172416687011719,
            0.8056741952896118,
            0.7881395816802979,
            0.7726361751556396
        ]
    },
    "8": {
        "top5_index": [
            311,
            663,
            287,
            490,
            238
        ],
        "scores": [
            1.0,
            0.949627161026001,
            0.88591468334198,
            0.8463935256004333,
            -0.8297008872032166
        ]
    },
    "9": {
        "top5_index": [
            663,
            287,
            88,
            554,
            313
        ],
        "scores": [
            1.0,
            0.9386759400367737,
            0.8250368237495422,
            -0.7568926215171814,
            -0.7538251876831055
        ]
    },
    "10": {
        "top5_index": [
            605,
            663,
            311,
            287,
            88
        ],
        "scores": [
            1.0,
            0.9545550346374512,
            0.9443588852882385,
            0.9373860955238342,
            0.9286068081855774
        ]
    },
    "11": {
        "top5_index": [
            554,
            443,
            605,
            47,
            707
        ],
        "scores": [
            -1.0,
            -0.9304335117340088,
            0.9148324728012085,
            0.9135873913764954,
            -0.9021062254905701
        ]
    }
}