{
    "0": {
        "top5_index": [
            1070,
            291,
            1463,
            271,
            2581
        ],
        "scores": [
            1.0,
            0.9579094052314758,
            0.8997472524642944,
            -0.8965001106262207,
            -0.8863694071769714
        ]
    },
    "1": {
        "top5_index": [
            1235,
            2992,
            1967,
            2200,
            3049
        ],
        "scores": [
            1.0,
            0.9332826137542725,
            0.9226856827735901,
            0.8929457068443298,
            -0.8574018478393555
        ]
    },
    "2": {
        "top5_index": [
            121,
            2703,
            2037,
            1927,
            1972
        ],
        "scores": [
            -1.0,
            -0.8556917905807495,
            0.8291028738021851,
            -0.8275618553161621,
            -0.8065958023071289
        ]
    },
    "3": {
        "top5_index": [
            812,
            2537,
            2324,
            68,
            1091
        ],
        "scores": [
            -1.0,
            -0.8921399712562561,
            -0.855448842048645,
            -0.8480517268180847,
            0.8322657346725464
        ]
    },
    "4": {
        "top5_index": [
            1014,
            191,
            2422,
            1254,
            3
        ],
        "scores": [
            1.0,
            -0.9803292155265808,
            0.9245846271514893,
            0.7457644939422607,
            -0.7299745082855225
        ]
    },
    "5": {
        "top5_index": [
            803,
            1376,
            2634,
            1509,
            2505
        ],
        "scores": [
            -1.0,
            0.8564014434814453,
            -0.7056194543838501,
            0.6642134785652161,
            0.659930944442749
        ]
    },
    "6": {
        "top5_index": [
            1443,
            1615,
            684,
            1772,
            862
        ],
        "scores": [
            1.0,
            -0.9571540355682373,
            -0.864202082157135,
            -0.8245316743850708,
            0.7581271529197693
        ]
    },
    "7": {
        "top5_index": [
            1562,
            2547,
            1339,
            2816,
            58
        ],
        "scores": [
            1.0,
            0.96048903465271,
            0.8299842476844788,
            -0.7198172211647034,
            0.686074435710907
        ]
    },
    "8": {
        "top5_index": [
            1272,
            1830,
            1509,
            1794,
            239
        ],
        "scores": [
            -1.0,
            -0.9950593709945679,
            -0.9089481234550476,
            0.9073419570922852,
            -0.8265636563301086
        ]
    },
    "9": {
        "top5_index": [
            1043,
            2233,
            1197,
            2207,
            2250
        ],
        "scores": [
            -1.0,
            -0.8203122019767761,
            -0.7755577564239502,
            0.769138514995575,
            -0.7639275789260864
        ]
    },
    "10": {
        "top5_index": [
            303,
            2678,
            2761,
            2422,
            1148
        ],
        "scores": [
            -1.0,
            -0.9976400136947632,
            -0.9290082454681396,
            0.9256588220596313,
            -0.9174081683158875
        ]
    },
    "11": {
        "top5_index": [
            2493,
            853,
            2807,
            1092,
            2123
        ],
        "scores": [
            -1.0,
            -0.6387245655059814,
            0.6370845437049866,
            -0.6218985915184021,
            0.6117159128189087
        ]
    }
}