{
    "0": {
        "top5_index": [
            2581,
            2912,
            612,
            1914,
            2596
        ],
        "scores": [
            -1.0,
            0.9522530436515808,
            0.8926658630371094,
            -0.8350973725318909,
            0.731950581073761
        ]
    },
    "1": {
        "top5_index": [
            2721,
            2924,
            2442,
            2220,
            968
        ],
        "scores": [
            -1.0,
            -0.9384575486183167,
            0.9038645029067993,
            0.8724425435066223,
            -0.8645608425140381
        ]
    },
    "2": {
        "top5_index": [
            1281,
            125,
            1894,
            575,
            159
        ],
        "scores": [
            -1.0,
            -0.7594786882400513,
            0.7026099562644958,
            -0.6914805173873901,
            -0.6824663877487183
        ]
    },
    "3": {
        "top5_index": [
            2119,
            1128,
            429,
            2126,
            1531
        ],
        "scores": [
            -1.0,
            -0.9577355980873108,
            -0.846885085105896,
            -0.833499014377594,
            -0.8284213542938232
        ]
    },
    "4": {
        "top5_index": [
            2241,
            391,
            1296,
            1142,
            1442
        ],
        "scores": [
            1.0,
            0.8768570423126221,
            -0.8600407838821411,
            0.8095353245735168,
            0.8001981377601624
        ]
    },
    "5": {
        "top5_index": [
            1229,
            496,
            957,
            2104,
            2570
        ],
        "scores": [
            1.0,
            0.8657115697860718,
            0.8422026634216309,
            0.8307940363883972,
            0.7977999448776245
        ]
    },
    "6": {
        "top5_index": [
            684,
            2503,
            1930,
            764,
            2896
        ],
        "scores": [
            1.0,
            0.7707781195640564,
            0.6590756177902222,
            0.5680311918258667,
            0.5445982217788696
        ]
    },
    "7": {
        "top5_index": [
            2390,
            164,
            2547,
            2765,
            2648
        ],
        "scores": [
            -1.0,
            0.9185751676559448,
            -0.7516405582427979,
            0.7260206937789917,
            0.6806646585464478
        ]
    },
    "8": {
        "top5_index": [
            1794,
            670,
            936,
            2833,
            1493
        ],
        "scores": [
            -1.0,
            -0.7842448949813843,
            -0.7063958644866943,
            -0.5908660292625427,
            -0.5877494812011719
        ]
    },
    "9": {
        "top5_index": [
            1043,
            2382,
            1209,
            1556,
            2805
        ],
        "scores": [
            1.0,
            -0.8672922849655151,
            -0.7930232286453247,
            -0.7914860248565674,
            -0.7662376165390015
        ]
    },
    "10": {
        "top5_index": [
            2761,
            749,
            2872,
            126,
            2678
        ],
        "scores": [
            1.0,
            0.8369116187095642,
            0.78110671043396,
            -0.7739946246147156,
            0.7730839252471924
        ]
    },
    "11": {
        "top5_index": [
            2493,
            1225,
            1056,
            2123,
            3062
        ],
        "scores": [
            1.0,
            0.5929198861122131,
            0.581289529800415,
            -0.5545716285705566,
            0.5473112463951111
        ]
    }
}