{
    "0": {
        "top5_index": [
            281,
            259,
            282,
            1,
            290
        ],
        "scores": [
            1.0,
            0.9002611041069031,
            -0.8018572330474854,
            -0.7684369087219238,
            -0.7431140542030334
        ]
    },
    "1": {
        "top5_index": [
            611,
            143,
            653,
            186,
            507
        ],
        "scores": [
            1.0,
            -0.9803260564804077,
            0.917891800403595,
            0.9167644381523132,
            0.903001606464386
        ]
    },
    "2": {
        "top5_index": [
            357,
            512,
            452,
            507,
            301
        ],
        "scores": [
            1.0,
            0.9702714681625366,
            -0.9320514798164368,
            0.8946706652641296,
            -0.8888648748397827
        ]
    },
    "3": {
        "top5_index": [
            507,
            546,
            414,
            53,
            258
        ],
        "scores": [
            1.0,
            -0.9749661684036255,
            -0.9615243673324585,
            -0.9540492296218872,
            -0.9334437847137451
        ]
    },
    "4": {
        "top5_index": [
            741,
            345,
            538,
            357,
            313
        ],
        "scores": [
            1.0,
            0.9652751684188843,
            0.9630804657936096,
            0.9473778009414673,
            0.9286677837371826
        ]
    },
    "5": {
        "top5_index": [
            524,
            313,
            49,
            54,
            458
        ],
        "scores": [
            -1.0,
            0.9916024804115295,
            -0.9744300246238708,
            0.9724880456924438,
            -0.9641117453575134
        ]
    },
    "6": {
        "top5_index": [
            134,
            274,
            485,
            97,
            405
        ],
        "scores": [
            -1.0,
            -0.8291299343109131,
            -0.7979220747947693,
            0.7927465438842773,
            0.7863168716430664
        ]
    },
    "7": {
        "top5_index": [
            134,
            228,
            97,
            461,
            405
        ],
        "scores": [
            -1.0,
            0.9088253974914551,
            0.8243507742881775,
            0.7929772138595581,
            0.735457718372345
        ]
    },
    "8": {
        "top5_index": [
            228,
            97,
            134,
            548,
            414
        ],
        "scores": [
            1.0,
            0.975805938243866,
            -0.948365330696106,
            0.9154638051986694,
            -0.8258609175682068
        ]
    },
    "9": {
        "top5_index": [
            134,
            663,
            6,
            414,
            723
        ],
        "scores": [
            -1.0,
            -0.9930119514465332,
            0.990159273147583,
            -0.9510629177093506,
            0.9449489712715149
        ]
    },
    "10": {
        "top5_index": [
            605,
            748,
            663,
            88,
            319
        ],
        "scores": [
            -1.0,
            0.8349852561950684,
            -0.8342894911766052,
            -0.80573570728302,
            0.7783879637718201
        ]
    },
    "11": {
        "top5_index": [
            605,
            702,
            577,
            169,
            319
        ],
        "scores": [
            -1.0,
            0.9249410629272461,
            -0.8609996438026428,
            0.8334484100341797,
            0.8219586610794067
        ]
    }
}