{
    "0": {
        "top5_index": [
            448,
            1,
            674,
            755,
            683
        ],
        "scores": [
            -1.0,
            -0.9569887518882751,
            0.8208491802215576,
            -0.7993054389953613,
            -0.6369072198867798
        ]
    },
    "1": {
        "top5_index": [
            448,
            53,
            97,
            629,
            157
        ],
        "scores": [
            -1.0,
            -0.7453076839447021,
            0.7415440082550049,
            0.7399608492851257,
            -0.7385398149490356
        ]
    },
    "2": {
        "top5_index": [
            448,
            521,
            488,
            739,
            554
        ],
        "scores": [
            -1.0,
            0.6309860944747925,
            -0.6145936846733093,
            0.5708988308906555,
            0.5292080044746399
        ]
    },
    "3": {
        "top5_index": [
            448,
            554,
            633,
            656,
            460
        ],
        "scores": [
            -1.0,
            0.769677460193634,
            0.7154212594032288,
            0.7095404863357544,
            -0.6907134652137756
        ]
    },
    "4": {
        "top5_index": [
            448,
            383,
            364,
            633,
            461
        ],
        "scores": [
            -1.0,
            0.7736341953277588,
            0.7703568339347839,
            0.7160114049911499,
            0.7079573273658752
        ]
    },
    "5": {
        "top5_index": [
            448,
            30,
            383,
            134,
            173
        ],
        "scores": [
            -1.0,
            -0.97979736328125,
            0.8862072229385376,
            -0.8619966506958008,
            0.8243438005447388
        ]
    },
    "6": {
        "top5_index": [
            134,
            737,
            674,
            461,
            243
        ],
        "scores": [
            -1.0,
            0.9106622338294983,
            0.9047174453735352,
            0.8657599687576294,
            0.8616251945495605
        ]
    },
    "7": {
        "top5_index": [
            134,
            605,
            656,
            737,
            460
        ],
        "scores": [
            -1.0,
            -0.929576575756073,
            0.8499991297721863,
            0.8332910537719727,
            -0.8214272856712341
        ]
    },
    "8": {
        "top5_index": [
            134,
            605,
            663,
            737,
            469
        ],
        "scores": [
            -1.0,
            -0.9132544994354248,
            -0.8428911566734314,
            0.8063612580299377,
            0.7787672877311707
        ]
    },
    "9": {
        "top5_index": [
            663,
            88,
            605,
            134,
            748
        ],
        "scores": [
            -1.0,
            -0.8819378018379211,
            -0.8804003000259399,
            -0.7917876839637756,
            0.7273904085159302
        ]
    },
    "10": {
        "top5_index": [
            605,
            663,
            88,
            748,
            65
        ],
        "scores": [
            -1.0,
            -0.942618727684021,
            -0.8390875458717346,
            0.8237188458442688,
            -0.8167191743850708
        ]
    },
    "11": {
        "top5_index": [
            605,
            702,
            577,
            169,
            319
        ],
        "scores": [
            -1.0,
            0.9249410629272461,
            -0.8609997034072876,
            0.8334483504295349,
            0.8219586610794067
        ]
    }
}