{
    "0": {
        "top5_index": [
            2400,
            2255,
            915,
            1333,
            792
        ],
        "scores": [
            -1.0,
            -0.9838524460792542,
            0.9802006483078003,
            -0.9389196038246155,
            -0.9220203757286072
        ]
    },
    "1": {
        "top5_index": [
            1516,
            605,
            2442,
            2054,
            1929
        ],
        "scores": [
            -1.0,
            0.9761865735054016,
            -0.9086019396781921,
            -0.8943983912467957,
            -0.8652048707008362
        ]
    },
    "2": {
        "top5_index": [
            1116,
            1281,
            2316,
            2200,
            1002
        ],
        "scores": [
            -1.0,
            -0.9783688187599182,
            0.9293171763420105,
            0.9238710999488831,
            -0.9187875986099243
        ]
    },
    "3": {
        "top5_index": [
            2730,
            2541,
            1664,
            1128,
            1456
        ],
        "scores": [
            -1.0,
            -0.9418528079986572,
            -0.927437424659729,
            -0.9213742017745972,
            -0.9132083058357239
        ]
    },
    "4": {
        "top5_index": [
            1452,
            1168,
            2033,
            440,
            2241
        ],
        "scores": [
            -1.0,
            0.9125426411628723,
            0.8801769018173218,
            0.8231865763664246,
            0.8030859231948853
        ]
    },
    "5": {
        "top5_index": [
            2458,
            496,
            225,
            556,
            483
        ],
        "scores": [
            1.0,
            0.9479014277458191,
            0.9424660801887512,
            0.927980363368988,
            -0.9111101627349854
        ]
    },
    "6": {
        "top5_index": [
            684,
            1615,
            73,
            3009,
            14
        ],
        "scores": [
            1.0,
            0.8219885230064392,
            0.6882660388946533,
            -0.6349225044250488,
            0.5919327735900879
        ]
    },
    "7": {
        "top5_index": [
            1142,
            164,
            1339,
            2390,
            687
        ],
        "scores": [
            -1.0,
            0.9173406362533569,
            -0.8940646052360535,
            -0.8716107606887817,
            -0.8227655291557312
        ]
    },
    "8": {
        "top5_index": [
            1794,
            2833,
            670,
            936,
            374
        ],
        "scores": [
            -1.0,
            -0.9606717228889465,
            -0.8086957931518555,
            -0.7940158843994141,
            0.6690346598625183
        ]
    },
    "9": {
        "top5_index": [
            1043,
            2805,
            1808,
            107,
            904
        ],
        "scores": [
            1.0,
            -0.6703094244003296,
            -0.6565291285514832,
            -0.6112937331199646,
            -0.6099980473518372
        ]
    },
    "10": {
        "top5_index": [
            2761,
            1148,
            749,
            745,
            126
        ],
        "scores": [
            1.0,
            0.8163476586341858,
            0.8080152869224548,
            -0.7304966449737549,
            -0.7097777128219604
        ]
    },
    "11": {
        "top5_index": [
            2493,
            1225,
            1056,
            2123,
            3062
        ],
        "scores": [
            1.0,
            0.5929197072982788,
            0.5812895894050598,
            -0.5545715689659119,
            0.5473113059997559
        ]
    }
}