{
    "0": {
        "top5_index": [
            517,
            595,
            1,
            80,
            210
        ],
        "scores": [
            -1.0,
            0.9123510718345642,
            0.8380131125450134,
            0.7677252888679504,
            -0.7493468523025513
        ]
    },
    "1": {
        "top5_index": [
            732,
            583,
            11,
            529,
            747
        ],
        "scores": [
            1.0,
            -0.8745561242103577,
            -0.8652500510215759,
            -0.7661721706390381,
            0.7655268311500549
        ]
    },
    "2": {
        "top5_index": [
            581,
            732,
            603,
            583,
            51
        ],
        "scores": [
            -1.0,
            0.9544057250022888,
            0.8642323017120361,
            -0.8010825514793396,
            0.7710947394371033
        ]
    },
    "3": {
        "top5_index": [
            181,
            605,
            690,
            732,
            529
        ],
        "scores": [
            -1.0,
            0.9709057807922363,
            -0.9650622606277466,
            0.8935766816139221,
            -0.8864477872848511
        ]
    },
    "4": {
        "top5_index": [
            651,
            98,
            30,
            181,
            732
        ],
        "scores": [
            1.0,
            -0.9454530477523804,
            0.9361650943756104,
            -0.9325778484344482,
            0.9226402640342712
        ]
    },
    "5": {
        "top5_index": [
            342,
            439,
            524,
            130,
            396
        ],
        "scores": [
            1.0,
            0.940589964389801,
            0.9351907968521118,
            -0.9126178622245789,
            -0.8956971764564514
        ]
    },
    "6": {
        "top5_index": [
            238,
            585,
            142,
            30,
            175
        ],
        "scores": [
            -1.0,
            0.9656581282615662,
            -0.9334024786949158,
            0.9189599752426147,
            0.8560770153999329
        ]
    },
    "7": {
        "top5_index": [
            668,
            272,
            647,
            43,
            512
        ],
        "scores": [
            -1.0,
            0.9205048680305481,
            -0.9086194038391113,
            -0.8771318793296814,
            0.8010854721069336
        ]
    },
    "8": {
        "top5_index": [
            175,
            443,
            5,
            311,
            663
        ],
        "scores": [
            1.0,
            -0.8028173446655273,
            -0.7871268391609192,
            0.7865039706230164,
            0.7849609851837158
        ]
    },
    "9": {
        "top5_index": [
            663,
            88,
            443,
            272,
            308
        ],
        "scores": [
            1.0,
            0.9162022471427917,
            -0.8760669827461243,
            0.8292752504348755,
            0.8153809905052185
        ]
    },
    "10": {
        "top5_index": [
            88,
            605,
            247,
            47,
            707
        ],
        "scores": [
            1.0,
            0.9204589128494263,
            0.8725594282150269,
            0.8711925745010376,
            -0.8672142624855042
        ]
    },
    "11": {
        "top5_index": [
            554,
            443,
            605,
            47,
            707
        ],
        "scores": [
            -1.0,
            -0.9304335713386536,
            0.9148324131965637,
            0.9135873913764954,
            -0.9021062254905701
        ]
    }
}