{
    "0": {
        "top5_index": [
            2976,
            172,
            248,
            915,
            2822
        ],
        "scores": [
            -1.0,
            -0.9201878905296326,
            -0.8939129114151001,
            -0.8907505869865417,
            -0.7612205743789673
        ]
    },
    "1": {
        "top5_index": [
            2054,
            1978,
            2563,
            489,
            2442
        ],
        "scores": [
            1.0,
            0.9766894578933716,
            0.9068197011947632,
            0.8834081888198853,
            0.8086070418357849
        ]
    },
    "2": {
        "top5_index": [
            667,
            2311,
            285,
            1784,
            159
        ],
        "scores": [
            -1.0,
            -0.8897980451583862,
            -0.8533124923706055,
            0.7372644543647766,
            0.7279889583587646
        ]
    },
    "3": {
        "top5_index": [
            1115,
            1359,
            1515,
            586,
            180
        ],
        "scores": [
            -1.0,
            -0.7570483088493347,
            -0.7514514327049255,
            0.7168977856636047,
            -0.6973307132720947
        ]
    },
    "4": {
        "top5_index": [
            1967,
            282,
            2470,
            2511,
            433
        ],
        "scores": [
            1.0,
            0.8694087266921997,
            -0.8481046557426453,
            0.8179170489311218,
            -0.7956241965293884
        ]
    },
    "5": {
        "top5_index": [
            74,
            1573,
            2166,
            107,
            803
        ],
        "scores": [
            -1.0,
            0.9996560215950012,
            0.9366273283958435,
            -0.785956859588623,
            -0.7831570506095886
        ]
    },
    "6": {
        "top5_index": [
            1580,
            2288,
            1638,
            1534,
            1142
        ],
        "scores": [
            -1.0,
            0.7663348913192749,
            0.7435120940208435,
            -0.6868774890899658,
            0.6853730082511902
        ]
    },
    "7": {
        "top5_index": [
            1226,
            2340,
            2925,
            1493,
            248
        ],
        "scores": [
            1.0,
            0.8613309860229492,
            0.8449080586433411,
            -0.44062307476997375,
            -0.4263198673725128
        ]
    },
    "8": {
        "top5_index": [
            2676,
            1983,
            379,
            1429,
            2779
        ],
        "scores": [
            1.0,
            0.9828166961669922,
            0.9417963027954102,
            0.9034476280212402,
            0.8925063610076904
        ]
    },
    "9": {
        "top5_index": [
            2207,
            2397,
            2250,
            1470,
            2805
        ],
        "scores": [
            1.0,
            0.981404185295105,
            -0.9261664152145386,
            -0.9065576791763306,
            0.8931277394294739
        ]
    },
    "10": {
        "top5_index": [
            2761,
            1148,
            2678,
            2422,
            749
        ],
        "scores": [
            -1.0,
            -0.935362696647644,
            -0.9141030311584473,
            0.8815742135047913,
            -0.8530548810958862
        ]
    },
    "11": {
        "top5_index": [
            2493,
            853,
            2807,
            1092,
            2123
        ],
        "scores": [
            -1.0,
            -0.6387247443199158,
            0.6370847821235657,
            -0.6218991279602051,
            0.611716091632843
        ]
    }
}