{
    "0": {
        "top5_index": [
            1,
            120,
            438,
            82,
            595
        ],
        "scores": [
            -1.0,
            -0.8146791458129883,
            -0.7763057947158813,
            0.6562318801879883,
            0.6008309721946716
        ]
    },
    "1": {
        "top5_index": [
            678,
            476,
            583,
            336,
            526
        ],
        "scores": [
            1.0,
            -0.8068679571151733,
            -0.7602171301841736,
            -0.7292404174804688,
            -0.7210356593132019
        ]
    },
    "2": {
        "top5_index": [
            207,
            603,
            663,
            17,
            399
        ],
        "scores": [
            -1.0,
            0.8939178586006165,
            -0.8847116827964783,
            -0.8810022473335266,
            -0.8560051918029785
        ]
    },
    "3": {
        "top5_index": [
            181,
            111,
            675,
            64,
            311
        ],
        "scores": [
            -1.0,
            -0.941386878490448,
            -0.9000806212425232,
            -0.8727619051933289,
            0.8689454197883606
        ]
    },
    "4": {
        "top5_index": [
            311,
            181,
            212,
            173,
            683
        ],
        "scores": [
            1.0,
            -0.8841354250907898,
            0.8808803558349609,
            -0.8262950778007507,
            0.7998472452163696
        ]
    },
    "5": {
        "top5_index": [
            181,
            311,
            406,
            173,
            158
        ],
        "scores": [
            -1.0,
            0.924178421497345,
            -0.7864184379577637,
            -0.7512362599372864,
            0.7229791283607483
        ]
    },
    "6": {
        "top5_index": [
            311,
            260,
            202,
            287,
            181
        ],
        "scores": [
            1.0,
            -0.753680408000946,
            -0.6849507093429565,
            0.6532778143882751,
            -0.6421387195587158
        ]
    },
    "7": {
        "top5_index": [
            311,
            119,
            141,
            393,
            298
        ],
        "scores": [
            1.0,
            0.8090845942497253,
            -0.8020133376121521,
            -0.800359308719635,
            0.780163049697876
        ]
    },
    "8": {
        "top5_index": [
            311,
            287,
            298,
            435,
            119
        ],
        "scores": [
            1.0,
            0.9972248077392578,
            0.9860178232192993,
            -0.8799623847007751,
            0.859229326248169
        ]
    },
    "9": {
        "top5_index": [
            287,
            663,
            311,
            605,
            298
        ],
        "scores": [
            1.0,
            0.8105342984199524,
            0.7660741806030273,
            0.7562217712402344,
            0.7536724805831909
        ]
    },
    "10": {
        "top5_index": [
            88,
            443,
            605,
            247,
            119
        ],
        "scores": [
            1.0,
            -0.9690803289413452,
            0.9627639055252075,
            0.9067697525024414,
            0.8934491872787476
        ]
    },
    "11": {
        "top5_index": [
            554,
            443,
            605,
            47,
            707
        ],
        "scores": [
            -1.0,
            -0.930433452129364,
            0.914832353591919,
            0.9135872721672058,
            -0.9021062254905701
        ]
    }
}