{
    "0": {
        "top5_index": [
            1720,
            2571,
            109,
            1462,
            318
        ],
        "scores": [
            -1.0,
            -0.9982542991638184,
            -0.8927732706069946,
            -0.8835728764533997,
            -0.8464093804359436
        ]
    },
    "1": {
        "top5_index": [
            1778,
            1982,
            1726,
            982,
            801
        ],
        "scores": [
            1.0,
            -0.8969323635101318,
            0.8843902349472046,
            -0.8278196454048157,
            -0.8217885494232178
        ]
    },
    "2": {
        "top5_index": [
            3012,
            227,
            2865,
            1543,
            2897
        ],
        "scores": [
            1.0,
            -0.9290950894355774,
            -0.9271255731582642,
            -0.9126406908035278,
            -0.9054091572761536
        ]
    },
    "3": {
        "top5_index": [
            1531,
            68,
            824,
            1470,
            2660
        ],
        "scores": [
            -1.0,
            -0.9463241696357727,
            -0.9194165468215942,
            -0.8773196339607239,
            -0.852381706237793
        ]
    },
    "4": {
        "top5_index": [
            1967,
            533,
            2491,
            1378,
            2511
        ],
        "scores": [
            1.0,
            0.7558841109275818,
            0.6965575814247131,
            -0.6067860722541809,
            0.6046342849731445
        ]
    },
    "5": {
        "top5_index": [
            2502,
            2166,
            1573,
            1376,
            2077
        ],
        "scores": [
            1.0,
            0.9669177532196045,
            0.9003579616546631,
            0.8948793411254883,
            0.8615059852600098
        ]
    },
    "6": {
        "top5_index": [
            1321,
            2503,
            1130,
            1013,
            2154
        ],
        "scores": [
            1.0,
            -0.7384218573570251,
            -0.718829870223999,
            0.6845274567604065,
            0.6168305277824402
        ]
    },
    "7": {
        "top5_index": [
            1562,
            2093,
            3071,
            2390,
            238
        ],
        "scores": [
            1.0,
            0.850631594657898,
            0.8059037327766418,
            0.7576372027397156,
            0.7476393580436707
        ]
    },
    "8": {
        "top5_index": [
            1794,
            1015,
            1099,
            1394,
            1509
        ],
        "scores": [
            1.0,
            0.9864695072174072,
            0.8526875972747803,
            0.7786712646484375,
            -0.7402393817901611
        ]
    },
    "9": {
        "top5_index": [
            2250,
            1144,
            1857,
            1529,
            1043
        ],
        "scores": [
            -1.0,
            -0.967681884765625,
            -0.9298092126846313,
            -0.9271914958953857,
            -0.9246389269828796
        ]
    },
    "10": {
        "top5_index": [
            2761,
            1148,
            749,
            2678,
            2422
        ],
        "scores": [
            -1.0,
            -0.9292001724243164,
            -0.907010018825531,
            -0.8885680437088013,
            0.8149363994598389
        ]
    },
    "11": {
        "top5_index": [
            2493,
            853,
            2807,
            1092,
            2123
        ],
        "scores": [
            -1.0,
            -0.6387245059013367,
            0.6370845437049866,
            -0.6218988299369812,
            0.6117159724235535
        ]
    }
}