{
    "0": {
        "top5_index": [
            2581,
            630,
            1268,
            2255,
            2115
        ],
        "scores": [
            1.0,
            0.9141753315925598,
            0.8634111285209656,
            0.8438602089881897,
            0.8428281545639038
        ]
    },
    "1": {
        "top5_index": [
            1978,
            1427,
            2563,
            489,
            1778
        ],
        "scores": [
            1.0,
            -0.9204397201538086,
            0.8769810199737549,
            0.8597671389579773,
            0.8261598348617554
        ]
    },
    "2": {
        "top5_index": [
            2772,
            3017,
            52,
            469,
            1777
        ],
        "scores": [
            1.0,
            0.8886491060256958,
            0.8473107814788818,
            0.8450790047645569,
            0.8319927453994751
        ]
    },
    "3": {
        "top5_index": [
            1456,
            1988,
            2579,
            2678,
            2035
        ],
        "scores": [
            1.0,
            0.9480846524238586,
            -0.9251036643981934,
            0.8639264702796936,
            -0.8579762578010559
        ]
    },
    "4": {
        "top5_index": [
            2033,
            958,
            1254,
            2361,
            1137
        ],
        "scores": [
            -1.0,
            0.8889515399932861,
            0.8868432641029358,
            -0.7699941992759705,
            -0.7644329071044922
        ]
    },
    "5": {
        "top5_index": [
            2751,
            2194,
            1595,
            803,
            2386
        ],
        "scores": [
            1.0,
            -0.9949102997779846,
            0.9013312458992004,
            -0.8911910653114319,
            0.8746288418769836
        ]
    },
    "6": {
        "top5_index": [
            684,
            1615,
            165,
            664,
            73
        ],
        "scores": [
            -1.0,
            -0.740634024143219,
            -0.6240618228912354,
            -0.6051223278045654,
            -0.5922529101371765
        ]
    },
    "7": {
        "top5_index": [
            2390,
            1562,
            2547,
            1339,
            687
        ],
        "scores": [
            1.0,
            0.9083530902862549,
            0.8966427445411682,
            0.8423281908035278,
            0.6764146685600281
        ]
    },
    "8": {
        "top5_index": [
            1794,
            670,
            936,
            1493,
            2973
        ],
        "scores": [
            1.0,
            0.8624322414398193,
            0.7668803334236145,
            0.744589626789093,
            -0.739120602607727
        ]
    },
    "9": {
        "top5_index": [
            2207,
            1043,
            2628,
            685,
            226
        ],
        "scores": [
            1.0,
            -0.9731993675231934,
            0.8923642039299011,
            -0.8783886432647705,
            -0.8756198287010193
        ]
    },
    "10": {
        "top5_index": [
            2761,
            1148,
            2678,
            749,
            9
        ],
        "scores": [
            -1.0,
            -0.9951983690261841,
            -0.913011908531189,
            -0.8955498933792114,
            -0.8925150632858276
        ]
    },
    "11": {
        "top5_index": [
            2493,
            853,
            2807,
            1092,
            2123
        ],
        "scores": [
            -1.0,
            -0.6387245655059814,
            0.6370846629142761,
            -0.6218988299369812,
            0.6117159724235535
        ]
    }
}