{
    "0": {
        "top5_index": [
            581,
            97,
            1,
            638,
            281
        ],
        "scores": [
            -1.0,
            -0.7606655955314636,
            0.6692174673080444,
            0.6018109321594238,
            -0.6015726327896118
        ]
    },
    "1": {
        "top5_index": [
            581,
            512,
            595,
            529,
            273
        ],
        "scores": [
            -1.0,
            -0.7654979825019836,
            0.6640563011169434,
            -0.6254355311393738,
            -0.5512307286262512
        ]
    },
    "2": {
        "top5_index": [
            581,
            97,
            512,
            88,
            128
        ],
        "scores": [
            -1.0,
            -0.724506676197052,
            -0.6380888223648071,
            0.6134437322616577,
            -0.597446620464325
        ]
    },
    "3": {
        "top5_index": [
            581,
            97,
            211,
            128,
            119
        ],
        "scores": [
            -1.0,
            -0.9265190362930298,
            -0.727164626121521,
            -0.6803078651428223,
            0.6234196424484253
        ]
    },
    "4": {
        "top5_index": [
            581,
            97,
            88,
            336,
            119
        ],
        "scores": [
            -1.0,
            -0.9347853660583496,
            0.8656553030014038,
            -0.8184123039245605,
            0.7969813346862793
        ]
    },
    "5": {
        "top5_index": [
            88,
            311,
            97,
            581,
            304
        ],
        "scores": [
            1.0,
            0.9772748351097107,
            -0.917350172996521,
            -0.8960908651351929,
            0.8942921757698059
        ]
    },
    "6": {
        "top5_index": [
            586,
            88,
            51,
            287,
            638
        ],
        "scores": [
            -1.0,
            0.957471489906311,
            0.9411606192588806,
            0.9409006834030151,
            0.9242624640464783
        ]
    },
    "7": {
        "top5_index": [
            311,
            88,
            134,
            119,
            294
        ],
        "scores": [
            1.0,
            0.9540713429450989,
            0.9319875240325928,
            0.8832600116729736,
            -0.8822365999221802
        ]
    },
    "8": {
        "top5_index": [
            298,
            88,
            287,
            587,
            404
        ],
        "scores": [
            1.0,
            0.9250600337982178,
            0.8707147240638733,
            -0.8410253524780273,
            -0.8146925568580627
        ]
    },
    "9": {
        "top5_index": [
            88,
            287,
            47,
            612,
            443
        ],
        "scores": [
            1.0,
            0.8643452525138855,
            0.7923353314399719,
            0.7895200848579407,
            -0.7218318581581116
        ]
    },
    "10": {
        "top5_index": [
            88,
            605,
            47,
            313,
            119
        ],
        "scores": [
            1.0,
            0.9617362022399902,
            0.8124812841415405,
            -0.8121363520622253,
            0.808125913143158
        ]
    },
    "11": {
        "top5_index": [
            554,
            443,
            605,
            47,
            707
        ],
        "scores": [
            -1.0,
            -0.9304335713386536,
            0.9148324131965637,
            0.9135873913764954,
            -0.9021062254905701
        ]
    }
}