{
    "0": {
        "top5_index": [
            1070,
            2976,
            291,
            172,
            2167
        ],
        "scores": [
            -1.0,
            -0.993191123008728,
            -0.8818776607513428,
            -0.8814800381660461,
            -0.845177412033081
        ]
    },
    "1": {
        "top5_index": [
            2563,
            1510,
            588,
            2666,
            1726
        ],
        "scores": [
            1.0,
            0.8461235165596008,
            0.7447827458381653,
            0.7340923547744751,
            0.6728127598762512
        ]
    },
    "2": {
        "top5_index": [
            1281,
            537,
            1618,
            1135,
            159
        ],
        "scores": [
            -1.0,
            0.9549062848091125,
            0.8896182775497437,
            0.8829712271690369,
            -0.8703193068504333
        ]
    },
    "3": {
        "top5_index": [
            2660,
            1531,
            1470,
            824,
            68
        ],
        "scores": [
            1.0,
            0.9705092310905457,
            0.9645484089851379,
            0.9435680508613586,
            0.9280345439910889
        ]
    },
    "4": {
        "top5_index": [
            1452,
            2254,
            2493,
            728,
            2657
        ],
        "scores": [
            -1.0,
            -0.9037727117538452,
            -0.7477034330368042,
            0.7451674938201904,
            0.7329084277153015
        ]
    },
    "5": {
        "top5_index": [
            79,
            1229,
            496,
            1509,
            1476
        ],
        "scores": [
            -1.0,
            0.8705194592475891,
            0.8649294972419739,
            -0.8569850921630859,
            -0.8564922213554382
        ]
    },
    "6": {
        "top5_index": [
            684,
            289,
            2503,
            764,
            73
        ],
        "scores": [
            1.0,
            0.5504953265190125,
            0.5302039980888367,
            0.5267045497894287,
            0.5012093186378479
        ]
    },
    "7": {
        "top5_index": [
            164,
            2340,
            1226,
            2648,
            2100
        ],
        "scores": [
            1.0,
            -0.9510623216629028,
            -0.8217408657073975,
            0.7622061371803284,
            -0.7058929204940796
        ]
    },
    "8": {
        "top5_index": [
            1794,
            2833,
            670,
            93,
            936
        ],
        "scores": [
            -1.0,
            -0.9649683237075806,
            -0.8978171348571777,
            -0.8596944212913513,
            -0.77986079454422
        ]
    },
    "9": {
        "top5_index": [
            1857,
            1104,
            2805,
            2173,
            2692
        ],
        "scores": [
            1.0,
            0.9678135514259338,
            -0.9443262219429016,
            0.9091708064079285,
            0.891309380531311
        ]
    },
    "10": {
        "top5_index": [
            2761,
            2678,
            2872,
            1148,
            749
        ],
        "scores": [
            1.0,
            0.837055504322052,
            0.828522264957428,
            0.7631781101226807,
            0.7359110713005066
        ]
    },
    "11": {
        "top5_index": [
            2493,
            1225,
            1056,
            2123,
            3062
        ],
        "scores": [
            1.0,
            0.5929197669029236,
            0.5812892913818359,
            -0.5545716285705566,
            0.5473111867904663
        ]
    }
}