{
    "0": {
        "top5_index": [
            377,
            366,
            281,
            517,
            210
        ],
        "scores": [
            -1.0,
            0.8712275624275208,
            0.8488423228263855,
            -0.840810239315033,
            -0.7938933968544006
        ]
    },
    "1": {
        "top5_index": [
            678,
            382,
            281,
            544,
            682
        ],
        "scores": [
            1.0,
            0.8928959369659424,
            0.8248335719108582,
            0.7865998148918152,
            -0.7792903184890747
        ]
    },
    "2": {
        "top5_index": [
            281,
            100,
            284,
            51,
            413
        ],
        "scores": [
            1.0,
            0.9790599346160889,
            0.9160277843475342,
            -0.8578333258628845,
            -0.8393821120262146
        ]
    },
    "3": {
        "top5_index": [
            413,
            281,
            100,
            681,
            51
        ],
        "scores": [
            -1.0,
            0.8796700835227966,
            0.8695995807647705,
            0.8151226043701172,
            -0.7607061266899109
        ]
    },
    "4": {
        "top5_index": [
            281,
            651,
            100,
            398,
            681
        ],
        "scores": [
            1.0,
            -0.9518820643424988,
            0.8692567944526672,
            -0.8684050440788269,
            0.8526127934455872
        ]
    },
    "5": {
        "top5_index": [
            674,
            336,
            85,
            100,
            281
        ],
        "scores": [
            1.0,
            0.9777864813804626,
            0.9573194980621338,
            0.9188992381095886,
            0.9184111952781677
        ]
    },
    "6": {
        "top5_index": [
            674,
            38,
            336,
            248,
            737
        ],
        "scores": [
            1.0,
            0.7642809748649597,
            0.717445969581604,
            0.7154212594032288,
            0.7097411751747131
        ]
    },
    "7": {
        "top5_index": [
            605,
            737,
            674,
            393,
            38
        ],
        "scores": [
            -1.0,
            0.904929518699646,
            0.8427609205245972,
            0.8259130716323853,
            0.8216575980186462
        ]
    },
    "8": {
        "top5_index": [
            134,
            577,
            38,
            605,
            228
        ],
        "scores": [
            -1.0,
            -0.9159373641014099,
            0.8827049732208252,
            -0.8760517835617065,
            0.8537803888320923
        ]
    },
    "9": {
        "top5_index": [
            319,
            663,
            605,
            238,
            514
        ],
        "scores": [
            1.0,
            -0.9016107320785522,
            -0.8835302591323853,
            0.8341636061668396,
            -0.7978339791297913
        ]
    },
    "10": {
        "top5_index": [
            605,
            748,
            663,
            319,
            393
        ],
        "scores": [
            -1.0,
            0.8928239345550537,
            -0.881547212600708,
            0.8659589290618896,
            0.8601949214935303
        ]
    },
    "11": {
        "top5_index": [
            605,
            702,
            577,
            169,
            319
        ],
        "scores": [
            -1.0,
            0.9249410033226013,
            -0.8609996438026428,
            0.8334483504295349,
            0.8219586610794067
        ]
    }
}