{
    "0": {
        "top5_index": [
            32,
            1,
            764,
            311,
            75
        ],
        "scores": [
            1.0,
            -0.991658627986908,
            -0.8600355982780457,
            0.8206629157066345,
            -0.7783257961273193
        ]
    },
    "1": {
        "top5_index": [
            355,
            336,
            407,
            448,
            504
        ],
        "scores": [
            1.0,
            -0.9794439673423767,
            -0.9213035106658936,
            -0.783477246761322,
            -0.7834360003471375
        ]
    },
    "2": {
        "top5_index": [
            107,
            230,
            64,
            181,
            613
        ],
        "scores": [
            -1.0,
            0.9785875082015991,
            -0.7742875218391418,
            -0.7608225345611572,
            -0.7599281072616577
        ]
    },
    "3": {
        "top5_index": [
            311,
            355,
            64,
            141,
            448
        ],
        "scores": [
            1.0,
            0.9241280555725098,
            -0.8477303981781006,
            -0.8266524076461792,
            -0.7649886608123779
        ]
    },
    "4": {
        "top5_index": [
            355,
            448,
            311,
            573,
            471
        ],
        "scores": [
            1.0,
            -0.9946877956390381,
            0.9601916670799255,
            0.9156818389892578,
            -0.8828491568565369
        ]
    },
    "5": {
        "top5_index": [
            471,
            448,
            419,
            54,
            355
        ],
        "scores": [
            -1.0,
            -0.9963576197624207,
            -0.9563332796096802,
            -0.9279830455780029,
            0.9184134602546692
        ]
    },
    "6": {
        "top5_index": [
            419,
            471,
            24,
            633,
            71
        ],
        "scores": [
            -1.0,
            -0.9064339995384216,
            -0.8823624849319458,
            0.874732255935669,
            0.8615846633911133
        ]
    },
    "7": {
        "top5_index": [
            119,
            667,
            562,
            633,
            51
        ],
        "scores": [
            1.0,
            -0.9328778982162476,
            -0.9228852391242981,
            0.9223764538764954,
            0.8900744318962097
        ]
    },
    "8": {
        "top5_index": [
            667,
            24,
            119,
            88,
            435
        ],
        "scores": [
            -1.0,
            -0.9872117638587952,
            0.9849907159805298,
            0.895514726638794,
            -0.8830345869064331
        ]
    },
    "9": {
        "top5_index": [
            88,
            287,
            342,
            667,
            119
        ],
        "scores": [
            1.0,
            0.9532121419906616,
            0.9084362983703613,
            -0.8611698746681213,
            0.8295722007751465
        ]
    },
    "10": {
        "top5_index": [
            88,
            119,
            605,
            311,
            313
        ],
        "scores": [
            1.0,
            0.9697455763816833,
            0.8813235759735107,
            0.8601073622703552,
            -0.8070447444915771
        ]
    },
    "11": {
        "top5_index": [
            554,
            443,
            605,
            47,
            707
        ],
        "scores": [
            -1.0,
            -0.9304335117340088,
            0.9148324131965637,
            0.9135873317718506,
            -0.9021062254905701
        ]
    }
}