{
    "0": {
        "top5_index": [
            1186,
            291,
            1069,
            1070,
            271
        ],
        "scores": [
            -1.0,
            -0.8239867091178894,
            -0.8175508975982666,
            -0.8153391480445862,
            0.7938061356544495
        ]
    },
    "1": {
        "top5_index": [
            1510,
            379,
            2605,
            1090,
            2383
        ],
        "scores": [
            -1.0,
            -0.8289952874183655,
            -0.7618400454521179,
            -0.7602386474609375,
            -0.758389949798584
        ]
    },
    "2": {
        "top5_index": [
            1281,
            1618,
            1777,
            2992,
            563
        ],
        "scores": [
            1.0,
            -0.8383707404136658,
            0.7717859148979187,
            -0.7446768879890442,
            -0.7026770114898682
        ]
    },
    "3": {
        "top5_index": [
            1531,
            68,
            824,
            2660,
            1470
        ],
        "scores": [
            -1.0,
            -0.9723690748214722,
            -0.9390639662742615,
            -0.8610259294509888,
            -0.8164869546890259
        ]
    },
    "4": {
        "top5_index": [
            1967,
            2033,
            3054,
            1183,
            117
        ],
        "scores": [
            1.0,
            -0.9936472177505493,
            0.9262577295303345,
            0.9231879115104675,
            0.9075918197631836
        ]
    },
    "5": {
        "top5_index": [
            803,
            1305,
            2386,
            183,
            657
        ],
        "scores": [
            -1.0,
            -0.9199528098106384,
            0.8988860845565796,
            -0.8657201528549194,
            0.8413671851158142
        ]
    },
    "6": {
        "top5_index": [
            1130,
            1550,
            2503,
            1321,
            1772
        ],
        "scores": [
            -1.0,
            -0.8702635765075684,
            -0.8445869088172913,
            0.8311902284622192,
            -0.819570779800415
        ]
    },
    "7": {
        "top5_index": [
            1562,
            238,
            2093,
            3071,
            256
        ],
        "scores": [
            1.0,
            0.9649843573570251,
            0.892574667930603,
            0.7236904501914978,
            0.563724935054779
        ]
    },
    "8": {
        "top5_index": [
            1099,
            1509,
            690,
            1287,
            936
        ],
        "scores": [
            1.0,
            -0.7981473803520203,
            0.6742609143257141,
            0.6175326704978943,
            0.6043062806129456
        ]
    },
    "9": {
        "top5_index": [
            1857,
            324,
            107,
            2379,
            1043
        ],
        "scores": [
            -1.0,
            -0.9725879430770874,
            0.9317877888679504,
            -0.9259513020515442,
            -0.9161773324012756
        ]
    },
    "10": {
        "top5_index": [
            2761,
            1536,
            1197,
            126,
            1148
        ],
        "scores": [
            -1.0,
            -0.9381083250045776,
            -0.9215378761291504,
            0.9207372069358826,
            -0.911512553691864
        ]
    },
    "11": {
        "top5_index": [
            2493,
            853,
            2807,
            1092,
            2123
        ],
        "scores": [
            -1.0,
            -0.6387248635292053,
            0.6370848417282104,
            -0.6218988299369812,
            0.6117162704467773
        ]
    }
}