{
    "0": {
        "top5_index": [
            1,
            366,
            674,
            242,
            282
        ],
        "scores": [
            1.0,
            0.7380669116973877,
            -0.7135769724845886,
            0.6151421666145325,
            0.6138297319412231
        ]
    },
    "1": {
        "top5_index": [
            382,
            273,
            512,
            514,
            38
        ],
        "scores": [
            1.0,
            -0.8279591798782349,
            -0.8165532350540161,
            0.813877284526825,
            -0.8107330203056335
        ]
    },
    "2": {
        "top5_index": [
            674,
            508,
            97,
            61,
            395
        ],
        "scores": [
            -1.0,
            0.9837409257888794,
            -0.9099445939064026,
            -0.8749599456787109,
            -0.842522919178009
        ]
    },
    "3": {
        "top5_index": [
            88,
            97,
            508,
            395,
            636
        ],
        "scores": [
            1.0,
            -0.923398494720459,
            0.8809845447540283,
            -0.8509416580200195,
            0.8484130501747131
        ]
    },
    "4": {
        "top5_index": [
            60,
            88,
            23,
            198,
            636
        ],
        "scores": [
            -1.0,
            0.91498863697052,
            0.8957827091217041,
            0.8813022375106812,
            0.745280385017395
        ]
    },
    "5": {
        "top5_index": [
            527,
            395,
            448,
            198,
            90
        ],
        "scores": [
            -1.0,
            -0.9295492172241211,
            0.9201841950416565,
            0.9193873405456543,
            0.8845869898796082
        ]
    },
    "6": {
        "top5_index": [
            23,
            53,
            508,
            527,
            630
        ],
        "scores": [
            1.0,
            0.9793087840080261,
            0.9364056587219238,
            -0.889241099357605,
            0.8443252444267273
        ]
    },
    "7": {
        "top5_index": [
            23,
            134,
            283,
            69,
            92
        ],
        "scores": [
            1.0,
            0.8835071921348572,
            -0.8754265904426575,
            0.8527610898017883,
            -0.8196969032287598
        ]
    },
    "8": {
        "top5_index": [
            605,
            748,
            23,
            695,
            242
        ],
        "scores": [
            1.0,
            -0.9241944551467896,
            0.9235998392105103,
            -0.9103490114212036,
            0.9091750383377075
        ]
    },
    "9": {
        "top5_index": [
            663,
            313,
            88,
            443,
            422
        ],
        "scores": [
            1.0,
            -0.9520496726036072,
            0.9440088272094727,
            -0.8406616449356079,
            -0.8254141807556152
        ]
    },
    "10": {
        "top5_index": [
            605,
            313,
            88,
            308,
            554
        ],
        "scores": [
            1.0,
            -0.9282516837120056,
            0.920525312423706,
            0.8783000707626343,
            -0.8771002888679504
        ]
    },
    "11": {
        "top5_index": [
            554,
            443,
            605,
            47,
            707
        ],
        "scores": [
            -1.0,
            -0.9304335117340088,
            0.9148325324058533,
            0.9135874509811401,
            -0.9021062254905701
        ]
    }
}