{
    "0": {
        "top5_index": [
            2976,
            248,
            172,
            2255,
            1893
        ],
        "scores": [
            -1.0,
            -0.941848635673523,
            -0.8984899520874023,
            0.8607515096664429,
            -0.8527645468711853
        ]
    },
    "1": {
        "top5_index": [
            1978,
            2492,
            1061,
            489,
            1427
        ],
        "scores": [
            1.0,
            0.8465715646743774,
            0.824495255947113,
            0.7938187718391418,
            -0.7666102051734924
        ]
    },
    "2": {
        "top5_index": [
            159,
            1280,
            227,
            557,
            1073
        ],
        "scores": [
            1.0,
            -0.8663495779037476,
            0.8516234755516052,
            0.8373230695724487,
            -0.801339864730835
        ]
    },
    "3": {
        "top5_index": [
            1456,
            2181,
            790,
            1516,
            2660
        ],
        "scores": [
            1.0,
            0.8030878901481628,
            -0.7296808362007141,
            0.7169814109802246,
            0.710471510887146
        ]
    },
    "4": {
        "top5_index": [
            1030,
            1458,
            2361,
            1137,
            240
        ],
        "scores": [
            -1.0,
            -0.8398483991622925,
            -0.8357120752334595,
            -0.8051342964172363,
            0.8035338521003723
        ]
    },
    "5": {
        "top5_index": [
            1318,
            2882,
            415,
            1837,
            771
        ],
        "scores": [
            -1.0,
            -0.9941102266311646,
            0.9530515670776367,
            0.9086392521858215,
            0.884296715259552
        ]
    },
    "6": {
        "top5_index": [
            684,
            2503,
            664,
            1930,
            2896
        ],
        "scores": [
            -1.0,
            -0.5539343357086182,
            -0.5167390704154968,
            -0.49986085295677185,
            -0.4910241365432739
        ]
    },
    "7": {
        "top5_index": [
            2390,
            2547,
            1339,
            1562,
            2765
        ],
        "scores": [
            1.0,
            0.7990760207176208,
            0.7550573348999023,
            0.6070994734764099,
            -0.601616621017456
        ]
    },
    "8": {
        "top5_index": [
            1794,
            936,
            670,
            1493,
            1394
        ],
        "scores": [
            1.0,
            0.7401146292686462,
            0.7129271030426025,
            0.6164219975471497,
            0.516290545463562
        ]
    },
    "9": {
        "top5_index": [
            1043,
            2628,
            1436,
            1197,
            590
        ],
        "scores": [
            -1.0,
            0.8735055327415466,
            -0.800467312335968,
            -0.799513578414917,
            0.7552241683006287
        ]
    },
    "10": {
        "top5_index": [
            2761,
            2678,
            1148,
            957,
            2422
        ],
        "scores": [
            -1.0,
            -0.8843687176704407,
            -0.8631430864334106,
            0.8274055123329163,
            0.8008452653884888
        ]
    },
    "11": {
        "top5_index": [
            2493,
            853,
            2807,
            1092,
            2123
        ],
        "scores": [
            -1.0,
            -0.6387246251106262,
            0.6370846033096313,
            -0.6218988299369812,
            0.6117159128189087
        ]
    }
}