{
    "0": {
        "top5_index": [
            2596,
            95,
            2944,
            2976,
            168
        ],
        "scores": [
            1.0,
            0.9418070912361145,
            -0.9097362756729126,
            -0.8947563171386719,
            0.8757873773574829
        ]
    },
    "1": {
        "top5_index": [
            379,
            1090,
            924,
            2382,
            742
        ],
        "scores": [
            1.0,
            0.867271363735199,
            -0.5841529965400696,
            0.5768239498138428,
            -0.5504782795906067
        ]
    },
    "2": {
        "top5_index": [
            1281,
            125,
            2296,
            471,
            1135
        ],
        "scores": [
            -1.0,
            -0.8664140105247498,
            0.7975484132766724,
            -0.7284290790557861,
            0.7087866067886353
        ]
    },
    "3": {
        "top5_index": [
            85,
            2853,
            2522,
            2565,
            535
        ],
        "scores": [
            -1.0,
            0.9163998961448669,
            -0.903245210647583,
            0.8814907073974609,
            -0.8782844543457031
        ]
    },
    "4": {
        "top5_index": [
            533,
            2033,
            207,
            367,
            2254
        ],
        "scores": [
            -1.0,
            0.8359623551368713,
            0.7031185030937195,
            -0.6713994741439819,
            -0.6694338321685791
        ]
    },
    "5": {
        "top5_index": [
            1041,
            496,
            2068,
            655,
            727
        ],
        "scores": [
            1.0,
            0.952246904373169,
            -0.9335121512413025,
            0.8782045245170593,
            -0.8669179677963257
        ]
    },
    "6": {
        "top5_index": [
            684,
            1930,
            2503,
            1580,
            764
        ],
        "scores": [
            1.0,
            0.8719655275344849,
            0.8398544192314148,
            0.8026381731033325,
            0.7429564595222473
        ]
    },
    "7": {
        "top5_index": [
            2547,
            2390,
            1562,
            164,
            2765
        ],
        "scores": [
            -1.0,
            -0.9767265319824219,
            -0.7779038548469543,
            0.7059600949287415,
            0.7056735754013062
        ]
    },
    "8": {
        "top5_index": [
            1794,
            670,
            936,
            1493,
            1394
        ],
        "scores": [
            -1.0,
            -0.9719491600990295,
            -0.8096370100975037,
            -0.7716363668441772,
            -0.6575542092323303
        ]
    },
    "9": {
        "top5_index": [
            1043,
            107,
            2805,
            1327,
            2173
        ],
        "scores": [
            1.0,
            -0.8068414926528931,
            -0.7814214825630188,
            0.7753360867500305,
            0.7639108896255493
        ]
    },
    "10": {
        "top5_index": [
            2761,
            1041,
            1148,
            2872,
            2205
        ],
        "scores": [
            1.0,
            0.9743677973747253,
            0.9247652292251587,
            0.8646216988563538,
            0.7050625085830688
        ]
    },
    "11": {
        "top5_index": [
            2493,
            1225,
            1056,
            2123,
            3062
        ],
        "scores": [
            1.0,
            0.5929201245307922,
            0.5812898278236389,
            -0.5545716285705566,
            0.5473113656044006
        ]
    }
}