{
    "0": {
        "top5_index": [
            377,
            281,
            97,
            507,
            293
        ],
        "scores": [
            -1.0,
            0.7291982769966125,
            0.7018177509307861,
            0.6574348211288452,
            -0.6199089288711548
        ]
    },
    "1": {
        "top5_index": [
            507,
            110,
            512,
            134,
            508
        ],
        "scores": [
            1.0,
            0.811956524848938,
            0.7915965914726257,
            -0.7266502380371094,
            -0.7217250466346741
        ]
    },
    "2": {
        "top5_index": [
            507,
            458,
            508,
            100,
            662
        ],
        "scores": [
            1.0,
            -0.8844470381736755,
            -0.8107707500457764,
            0.7971637845039368,
            0.7861335873603821
        ]
    },
    "3": {
        "top5_index": [
            507,
            311,
            168,
            546,
            100
        ],
        "scores": [
            1.0,
            -0.9641786813735962,
            -0.9417020082473755,
            -0.9320434331893921,
            0.8328583240509033
        ]
    },
    "4": {
        "top5_index": [
            311,
            282,
            68,
            269,
            507
        ],
        "scores": [
            -1.0,
            -0.9134892225265503,
            -0.8970552086830139,
            -0.8780399560928345,
            0.8710687160491943
        ]
    },
    "5": {
        "top5_index": [
            68,
            601,
            476,
            311,
            507
        ],
        "scores": [
            -1.0,
            -0.8924112319946289,
            0.8643426895141602,
            -0.8627449870109558,
            0.8623096346855164
        ]
    },
    "6": {
        "top5_index": [
            314,
            134,
            69,
            508,
            24
        ],
        "scores": [
            1.0,
            -0.9576777815818787,
            -0.946980893611908,
            -0.8483293056488037,
            0.7920374274253845
        ]
    },
    "7": {
        "top5_index": [
            134,
            393,
            762,
            24,
            461
        ],
        "scores": [
            -1.0,
            0.9586353898048401,
            -0.8043557405471802,
            0.7821093797683716,
            0.7810271382331848
        ]
    },
    "8": {
        "top5_index": [
            134,
            548,
            3,
            414,
            393
        ],
        "scores": [
            -1.0,
            0.8556213974952698,
            0.7645056247711182,
            -0.7598686218261719,
            0.7556558847427368
        ]
    },
    "9": {
        "top5_index": [
            663,
            393,
            414,
            548,
            134
        ],
        "scores": [
            -1.0,
            0.8867356777191162,
            -0.733116865158081,
            0.6727058291435242,
            -0.6660025119781494
        ]
    },
    "10": {
        "top5_index": [
            663,
            605,
            393,
            319,
            88
        ],
        "scores": [
            -1.0,
            -0.9668334722518921,
            0.94045490026474,
            0.8951056003570557,
            -0.8577656745910645
        ]
    },
    "11": {
        "top5_index": [
            605,
            702,
            577,
            169,
            319
        ],
        "scores": [
            -1.0,
            0.9249411225318909,
            -0.8609996438026428,
            0.8334484100341797,
            0.8219587206840515
        ]
    }
}