{
    "0": {
        "top5_index": [
            1,
            259,
            282,
            97,
            522
        ],
        "scores": [
            -1.0,
            0.7567675113677979,
            -0.7070415616035461,
            0.6914833784103394,
            0.6425766944885254
        ]
    },
    "1": {
        "top5_index": [
            357,
            507,
            447,
            682,
            433
        ],
        "scores": [
            1.0,
            0.9992769360542297,
            -0.985827624797821,
            0.9014264941215515,
            0.8756096363067627
        ]
    },
    "2": {
        "top5_index": [
            719,
            357,
            53,
            106,
            97
        ],
        "scores": [
            1.0,
            0.8645023107528687,
            -0.8295350670814514,
            0.7579424381256104,
            0.7142024040222168
        ]
    },
    "3": {
        "top5_index": [
            719,
            357,
            68,
            355,
            304
        ],
        "scores": [
            1.0,
            0.8779863119125366,
            -0.8667187094688416,
            -0.8415384888648987,
            -0.8315371870994568
        ]
    },
    "4": {
        "top5_index": [
            435,
            461,
            357,
            198,
            483
        ],
        "scores": [
            1.0,
            0.9979116916656494,
            0.97076016664505,
            -0.9674912691116333,
            0.9639904499053955
        ]
    },
    "5": {
        "top5_index": [
            655,
            49,
            524,
            198,
            461
        ],
        "scores": [
            -1.0,
            -0.913371205329895,
            -0.8248688578605652,
            -0.8171166777610779,
            0.7889935374259949
        ]
    },
    "6": {
        "top5_index": [
            737,
            268,
            134,
            314,
            433
        ],
        "scores": [
            1.0,
            0.9788928627967834,
            -0.9426414966583252,
            0.8920265436172485,
            0.8569470643997192
        ]
    },
    "7": {
        "top5_index": [
            134,
            737,
            656,
            268,
            605
        ],
        "scores": [
            -1.0,
            0.9968416094779968,
            0.8471161127090454,
            0.8354336023330688,
            -0.8337571024894714
        ]
    },
    "8": {
        "top5_index": [
            134,
            539,
            748,
            228,
            737
        ],
        "scores": [
            -1.0,
            -0.9006159901618958,
            0.8753820061683655,
            0.8503769636154175,
            0.7944311499595642
        ]
    },
    "9": {
        "top5_index": [
            287,
            605,
            134,
            663,
            334
        ],
        "scores": [
            -1.0,
            -0.9997215867042542,
            -0.977160632610321,
            -0.938495397567749,
            -0.9261779189109802
        ]
    },
    "10": {
        "top5_index": [
            605,
            88,
            748,
            319,
            663
        ],
        "scores": [
            -1.0,
            -0.9066959023475647,
            0.8721255660057068,
            0.8183352947235107,
            -0.8073756694793701
        ]
    },
    "11": {
        "top5_index": [
            605,
            702,
            577,
            169,
            319
        ],
        "scores": [
            -1.0,
            0.9249410629272461,
            -0.8609996438026428,
            0.8334484100341797,
            0.8219586610794067
        ]
    }
}