{
    "0": {
        "top5_index": [
            2255,
            2577,
            1017,
            2115,
            1302
        ],
        "scores": [
            -1.0,
            -0.9591319561004639,
            -0.8640966415405273,
            -0.8225386142730713,
            -0.8159977197647095
        ]
    },
    "1": {
        "top5_index": [
            1510,
            2563,
            1435,
            846,
            143
        ],
        "scores": [
            -1.0,
            -0.9908280372619629,
            0.8603416085243225,
            0.7935294508934021,
            0.6708419322967529
        ]
    },
    "2": {
        "top5_index": [
            159,
            1396,
            2772,
            1036,
            2703
        ],
        "scores": [
            -1.0,
            0.6564658880233765,
            -0.653546154499054,
            0.6101272702217102,
            0.6097461581230164
        ]
    },
    "3": {
        "top5_index": [
            2565,
            2474,
            199,
            2119,
            2522
        ],
        "scores": [
            1.0,
            -0.8345844745635986,
            -0.8302428126335144,
            -0.7872499227523804,
            -0.783166766166687
        ]
    },
    "4": {
        "top5_index": [
            207,
            2511,
            240,
            1967,
            2280
        ],
        "scores": [
            1.0,
            -0.9202607870101929,
            0.8931323885917664,
            -0.6718407273292542,
            -0.6669965982437134
        ]
    },
    "5": {
        "top5_index": [
            304,
            2617,
            107,
            2570,
            771
        ],
        "scores": [
            -1.0,
            0.916182816028595,
            0.8610537052154541,
            0.7823689579963684,
            -0.7241545915603638
        ]
    },
    "6": {
        "top5_index": [
            684,
            1235,
            2503,
            984,
            764
        ],
        "scores": [
            1.0,
            -0.5312464833259583,
            0.5232524275779724,
            0.489697128534317,
            0.46425458788871765
        ]
    },
    "7": {
        "top5_index": [
            2390,
            1952,
            2547,
            164,
            1562
        ],
        "scores": [
            -1.0,
            0.7545615434646606,
            -0.7385159134864807,
            0.6776119470596313,
            -0.5982672572135925
        ]
    },
    "8": {
        "top5_index": [
            2833,
            1794,
            670,
            1493,
            936
        ],
        "scores": [
            -1.0,
            -0.9690289497375488,
            -0.7760016918182373,
            -0.7673478722572327,
            -0.7578351497650146
        ]
    },
    "9": {
        "top5_index": [
            1043,
            1808,
            904,
            107,
            2805
        ],
        "scores": [
            1.0,
            -0.7796757817268372,
            -0.769635796546936,
            -0.7376079559326172,
            -0.7187272906303406
        ]
    },
    "10": {
        "top5_index": [
            2761,
            749,
            2872,
            1148,
            2678
        ],
        "scores": [
            1.0,
            0.8189441561698914,
            0.8140252232551575,
            0.8001328706741333,
            0.7385125756263733
        ]
    },
    "11": {
        "top5_index": [
            2493,
            1225,
            1056,
            2123,
            3062
        ],
        "scores": [
            1.0,
            0.5929195880889893,
            0.5812897086143494,
            -0.5545717477798462,
            0.5473112463951111
        ]
    }
}