{
    "0": {
        "top5_index": [
            82,
            259,
            595,
            237,
            755
        ],
        "scores": [
            1.0,
            0.8850398063659668,
            0.7777919173240662,
            0.7106456160545349,
            -0.6513777375221252
        ]
    },
    "1": {
        "top5_index": [
            507,
            522,
            680,
            106,
            178
        ],
        "scores": [
            1.0,
            0.9802401065826416,
            -0.9539942741394043,
            0.9127129912376404,
            -0.9019783139228821
        ]
    },
    "2": {
        "top5_index": [
            554,
            507,
            522,
            512,
            97
        ],
        "scores": [
            1.0,
            0.9865102171897888,
            0.9667028188705444,
            0.9392423629760742,
            0.8888813257217407
        ]
    },
    "3": {
        "top5_index": [
            53,
            236,
            522,
            69,
            97
        ],
        "scores": [
            -1.0,
            -0.9663322567939758,
            0.9586253762245178,
            -0.9248222708702087,
            0.8854680061340332
        ]
    },
    "4": {
        "top5_index": [
            69,
            521,
            705,
            289,
            637
        ],
        "scores": [
            -1.0,
            0.898641049861908,
            0.8651273250579834,
            0.8530161380767822,
            0.8517900109291077
        ]
    },
    "5": {
        "top5_index": [
            69,
            674,
            705,
            97,
            313
        ],
        "scores": [
            -1.0,
            0.9535143375396729,
            0.9098129868507385,
            0.9088361263275146,
            0.8914695978164673
        ]
    },
    "6": {
        "top5_index": [
            294,
            314,
            69,
            674,
            293
        ],
        "scores": [
            1.0,
            0.9994549751281738,
            -0.9837654829025269,
            0.9483818411827087,
            0.9120965600013733
        ]
    },
    "7": {
        "top5_index": [
            547,
            38,
            679,
            674,
            705
        ],
        "scores": [
            1.0,
            0.9285910725593567,
            -0.9237880706787109,
            0.8774303197860718,
            0.8729068040847778
        ]
    },
    "8": {
        "top5_index": [
            38,
            134,
            414,
            313,
            238
        ],
        "scores": [
            1.0,
            -0.9120672345161438,
            -0.910493791103363,
            0.89722740650177,
            0.8822720646858215
        ]
    },
    "9": {
        "top5_index": [
            238,
            414,
            419,
            663,
            571
        ],
        "scores": [
            1.0,
            -0.9909961223602295,
            0.9885447025299072,
            -0.9762977361679077,
            -0.9150789380073547
        ]
    },
    "10": {
        "top5_index": [
            605,
            88,
            748,
            414,
            313
        ],
        "scores": [
            -1.0,
            -0.8974195718765259,
            0.8356003165245056,
            -0.8155779838562012,
            0.7758707404136658
        ]
    },
    "11": {
        "top5_index": [
            605,
            702,
            577,
            169,
            319
        ],
        "scores": [
            -1.0,
            0.9249410033226013,
            -0.8609997034072876,
            0.8334483504295349,
            0.8219586610794067
        ]
    }
}