{
    "0": {
        "top5_index": [
            612,
            2581,
            61,
            745,
            1007
        ],
        "scores": [
            1.0,
            -0.862333357334137,
            0.7508469820022583,
            0.7325578331947327,
            0.7228302955627441
        ]
    },
    "1": {
        "top5_index": [
            73,
            379,
            2924,
            2433,
            2102
        ],
        "scores": [
            -1.0,
            0.952701210975647,
            -0.9352681636810303,
            -0.8853644728660583,
            -0.8590441346168518
        ]
    },
    "2": {
        "top5_index": [
            471,
            637,
            1281,
            2968,
            793
        ],
        "scores": [
            -1.0,
            -0.9043735265731812,
            -0.9003505706787109,
            -0.8019238114356995,
            0.7606803774833679
        ]
    },
    "3": {
        "top5_index": [
            1531,
            2660,
            68,
            2664,
            824
        ],
        "scores": [
            -1.0,
            -0.8548656105995178,
            -0.8408117890357971,
            -0.8240385055541992,
            -0.7996371388435364
        ]
    },
    "4": {
        "top5_index": [
            2493,
            2033,
            1087,
            1452,
            1841
        ],
        "scores": [
            -1.0,
            0.9269452691078186,
            0.9251761436462402,
            -0.8783012628555298,
            0.8770219087600708
        ]
    },
    "5": {
        "top5_index": [
            79,
            2882,
            1509,
            1932,
            1953
        ],
        "scores": [
            -1.0,
            0.7736915349960327,
            -0.6496077179908752,
            -0.6167148351669312,
            0.6073874235153198
        ]
    },
    "6": {
        "top5_index": [
            684,
            1615,
            1142,
            2503,
            1235
        ],
        "scores": [
            1.0,
            0.784745991230011,
            0.7601242065429688,
            0.6575984358787537,
            -0.599005937576294
        ]
    },
    "7": {
        "top5_index": [
            2547,
            2765,
            2390,
            164,
            1849
        ],
        "scores": [
            -1.0,
            0.7798595428466797,
            -0.6729832291603088,
            0.6325343251228333,
            0.6134668588638306
        ]
    },
    "8": {
        "top5_index": [
            1794,
            1015,
            936,
            670,
            748
        ],
        "scores": [
            -1.0,
            -0.7280150651931763,
            -0.6199941635131836,
            -0.5855786204338074,
            -0.565971851348877
        ]
    },
    "9": {
        "top5_index": [
            28,
            1455,
            1108,
            2173,
            1679
        ],
        "scores": [
            -1.0,
            0.968674898147583,
            -0.9504685997962952,
            0.8571085929870605,
            0.8569350242614746
        ]
    },
    "10": {
        "top5_index": [
            2761,
            1041,
            2225,
            753,
            126
        ],
        "scores": [
            1.0,
            0.9130472540855408,
            -0.8874534964561462,
            -0.8737706542015076,
            -0.8489167094230652
        ]
    },
    "11": {
        "top5_index": [
            2493,
            1225,
            1056,
            2123,
            3062
        ],
        "scores": [
            1.0,
            0.5929199457168579,
            0.5812895894050598,
            -0.5545714497566223,
            0.5473111867904663
        ]
    }
}