{
    "0": {
        "top5_index": [
            1704,
            1463,
            612,
            2596,
            2627
        ],
        "scores": [
            1.0,
            0.963596522808075,
            0.9097853899002075,
            0.889518141746521,
            0.8355780243873596
        ]
    },
    "1": {
        "top5_index": [
            1510,
            1778,
            2754,
            1982,
            1726
        ],
        "scores": [
            1.0,
            0.9561575055122375,
            0.8181882500648499,
            0.8093999624252319,
            0.8036981821060181
        ]
    },
    "2": {
        "top5_index": [
            1692,
            537,
            636,
            1953,
            581
        ],
        "scores": [
            -1.0,
            0.720477819442749,
            -0.7177005410194397,
            -0.6817951798439026,
            0.6535393595695496
        ]
    },
    "3": {
        "top5_index": [
            1646,
            2279,
            2900,
            907,
            1128
        ],
        "scores": [
            -1.0,
            -0.9970670938491821,
            0.9879009127616882,
            -0.9847401976585388,
            -0.9449456930160522
        ]
    },
    "4": {
        "top5_index": [
            2241,
            2033,
            2570,
            1087,
            391
        ],
        "scores": [
            1.0,
            0.8688019514083862,
            0.8449471592903137,
            0.8321899771690369,
            0.8076284527778625
        ]
    },
    "5": {
        "top5_index": [
            79,
            2166,
            1471,
            1573,
            2782
        ],
        "scores": [
            -1.0,
            0.6855095028877258,
            -0.6097745299339294,
            0.6007696986198425,
            -0.5851808786392212
        ]
    },
    "6": {
        "top5_index": [
            684,
            2503,
            2896,
            764,
            1235
        ],
        "scores": [
            1.0,
            0.6054114103317261,
            0.5011241436004639,
            0.49687036871910095,
            -0.4806579053401947
        ]
    },
    "7": {
        "top5_index": [
            164,
            2390,
            115,
            1069,
            2547
        ],
        "scores": [
            1.0,
            -0.8738742470741272,
            0.7940005660057068,
            -0.7257989645004272,
            -0.7072551846504211
        ]
    },
    "8": {
        "top5_index": [
            1794,
            670,
            936,
            1493,
            2833
        ],
        "scores": [
            -1.0,
            -0.7492513060569763,
            -0.7395915389060974,
            -0.5849524140357971,
            -0.5578974485397339
        ]
    },
    "9": {
        "top5_index": [
            1043,
            2805,
            2173,
            2814,
            2343
        ],
        "scores": [
            1.0,
            -0.8757023811340332,
            0.8335747122764587,
            0.8270706534385681,
            0.7965139150619507
        ]
    },
    "10": {
        "top5_index": [
            2761,
            749,
            2872,
            1148,
            126
        ],
        "scores": [
            1.0,
            0.826723575592041,
            0.7457854747772217,
            0.7212090492248535,
            -0.7090391516685486
        ]
    },
    "11": {
        "top5_index": [
            2493,
            1225,
            1056,
            2123,
            3062
        ],
        "scores": [
            1.0,
            0.5929199457168579,
            0.5812895894050598,
            -0.5545717477798462,
            0.5473114848136902
        ]
    }
}