{
    "0": {
        "top5_index": [
            377,
            618,
            281,
            747,
            561
        ],
        "scores": [
            -1.0,
            -0.9757829308509827,
            0.8110909461975098,
            -0.6596293449401855,
            -0.644446849822998
        ]
    },
    "1": {
        "top5_index": [
            678,
            507,
            281,
            524,
            110
        ],
        "scores": [
            1.0,
            0.9330136179924011,
            0.8914523124694824,
            -0.8054088950157166,
            0.7847172617912292
        ]
    },
    "2": {
        "top5_index": [
            110,
            507,
            9,
            281,
            102
        ],
        "scores": [
            1.0,
            0.9358972311019897,
            -0.905646562576294,
            0.8964429497718811,
            0.8554130792617798
        ]
    },
    "3": {
        "top5_index": [
            100,
            487,
            719,
            69,
            9
        ],
        "scores": [
            1.0,
            0.8591194152832031,
            0.7842551469802856,
            -0.759346067905426,
            -0.7515165209770203
        ]
    },
    "4": {
        "top5_index": [
            719,
            100,
            69,
            281,
            487
        ],
        "scores": [
            1.0,
            0.9564725756645203,
            -0.9233183860778809,
            0.9141749143600464,
            0.9093734622001648
        ]
    },
    "5": {
        "top5_index": [
            49,
            69,
            524,
            487,
            281
        ],
        "scores": [
            -1.0,
            -0.9598509669303894,
            -0.9574376940727234,
            0.9052781462669373,
            0.8967756628990173
        ]
    },
    "6": {
        "top5_index": [
            314,
            72,
            605,
            674,
            69
        ],
        "scores": [
            1.0,
            0.9514004588127136,
            -0.9230853319168091,
            0.9187557101249695,
            -0.9120150208473206
        ]
    },
    "7": {
        "top5_index": [
            605,
            728,
            469,
            228,
            674
        ],
        "scores": [
            -1.0,
            0.8886297941207886,
            0.8753274083137512,
            0.8393483757972717,
            0.8048601746559143
        ]
    },
    "8": {
        "top5_index": [
            228,
            134,
            38,
            728,
            748
        ],
        "scores": [
            1.0,
            -0.9615584015846252,
            0.8574292063713074,
            0.826493501663208,
            0.78759765625
        ]
    },
    "9": {
        "top5_index": [
            663,
            605,
            334,
            287,
            319
        ],
        "scores": [
            -1.0,
            -0.929858922958374,
            -0.7285762429237366,
            -0.7262681126594543,
            0.7093756198883057
        ]
    },
    "10": {
        "top5_index": [
            605,
            748,
            88,
            663,
            319
        ],
        "scores": [
            -1.0,
            0.8842671513557434,
            -0.8767352104187012,
            -0.8264057636260986,
            0.8222644925117493
        ]
    },
    "11": {
        "top5_index": [
            605,
            702,
            577,
            169,
            319
        ],
        "scores": [
            -1.0,
            0.9249410033226013,
            -0.8609997034072876,
            0.8334483504295349,
            0.8219586610794067
        ]
    }
}