{
    "0": {
        "top5_index": [
            281,
            507,
            282,
            618,
            377
        ],
        "scores": [
            1.0,
            0.708226203918457,
            -0.6562110781669617,
            -0.581866443157196,
            -0.5181418657302856
        ]
    },
    "1": {
        "top5_index": [
            507,
            281,
            678,
            100,
            392
        ],
        "scores": [
            1.0,
            0.9129675030708313,
            0.7691990733146667,
            0.6610586047172546,
            -0.6328425407409668
        ]
    },
    "2": {
        "top5_index": [
            507,
            281,
            53,
            353,
            625
        ],
        "scores": [
            1.0,
            0.8305752873420715,
            -0.801592230796814,
            -0.6120522618293762,
            0.5819227695465088
        ]
    },
    "3": {
        "top5_index": [
            507,
            53,
            281,
            128,
            554
        ],
        "scores": [
            1.0,
            -0.8361700177192688,
            0.8311936259269714,
            0.7237980365753174,
            0.6839054822921753
        ]
    },
    "4": {
        "top5_index": [
            507,
            100,
            281,
            487,
            353
        ],
        "scores": [
            1.0,
            0.9326675534248352,
            0.8816192150115967,
            0.8419992327690125,
            -0.7991130948066711
        ]
    },
    "5": {
        "top5_index": [
            100,
            405,
            737,
            487,
            507
        ],
        "scores": [
            1.0,
            0.8958925008773804,
            0.8822771310806274,
            0.8763493895530701,
            0.8591665029525757
        ]
    },
    "6": {
        "top5_index": [
            605,
            674,
            737,
            496,
            173
        ],
        "scores": [
            -1.0,
            0.9462196826934814,
            0.8954943418502808,
            -0.7736660242080688,
            0.7507962584495544
        ]
    },
    "7": {
        "top5_index": [
            605,
            393,
            134,
            674,
            405
        ],
        "scores": [
            -1.0,
            0.8168694376945496,
            -0.7885881662368774,
            0.7869731783866882,
            0.7802824378013611
        ]
    },
    "8": {
        "top5_index": [
            605,
            405,
            548,
            134,
            663
        ],
        "scores": [
            -1.0,
            0.8420543670654297,
            0.8293920755386353,
            -0.8213993906974792,
            -0.7636812925338745
        ]
    },
    "9": {
        "top5_index": [
            663,
            605,
            287,
            690,
            393
        ],
        "scores": [
            -1.0,
            -0.7585344314575195,
            -0.7545468807220459,
            0.7322583794593811,
            0.7254652976989746
        ]
    },
    "10": {
        "top5_index": [
            605,
            663,
            393,
            319,
            748
        ],
        "scores": [
            -1.0,
            -0.9273725152015686,
            0.9241931438446045,
            0.9006056785583496,
            0.8686734437942505
        ]
    },
    "11": {
        "top5_index": [
            605,
            702,
            577,
            169,
            319
        ],
        "scores": [
            -1.0,
            0.9249410629272461,
            -0.8609997034072876,
            0.8334484696388245,
            0.8219587206840515
        ]
    }
}