{
    "0": {
        "top5_index": [
            2031,
            1606,
            3031,
            1638,
            1167
        ],
        "scores": [
            -1.0,
            -0.8279792070388794,
            -0.8032113909721375,
            -0.7862361073493958,
            0.7817047834396362
        ]
    },
    "1": {
        "top5_index": [
            1726,
            1778,
            457,
            2157,
            2492
        ],
        "scores": [
            1.0,
            0.990825355052948,
            -0.9470878839492798,
            0.9153096675872803,
            0.829915463924408
        ]
    },
    "2": {
        "top5_index": [
            1565,
            2382,
            2703,
            2951,
            2038
        ],
        "scores": [
            -1.0,
            -0.9561019539833069,
            -0.8284821510314941,
            0.8257815837860107,
            0.8038950562477112
        ]
    },
    "3": {
        "top5_index": [
            738,
            2138,
            2279,
            2650,
            2181
        ],
        "scores": [
            -1.0,
            0.8772042393684387,
            -0.8169031143188477,
            0.786491334438324,
            -0.691644012928009
        ]
    },
    "4": {
        "top5_index": [
            2241,
            863,
            3035,
            2117,
            2422
        ],
        "scores": [
            1.0,
            -0.8321762681007385,
            -0.7395507097244263,
            -0.7045986652374268,
            0.7037763595581055
        ]
    },
    "5": {
        "top5_index": [
            79,
            2899,
            964,
            2364,
            152
        ],
        "scores": [
            -1.0,
            0.9416168928146362,
            -0.8749053478240967,
            0.8603682518005371,
            -0.8412472009658813
        ]
    },
    "6": {
        "top5_index": [
            684,
            764,
            2896,
            1495,
            1235
        ],
        "scores": [
            1.0,
            0.5697933435440063,
            0.48582953214645386,
            0.4330166280269623,
            -0.39702022075653076
        ]
    },
    "7": {
        "top5_index": [
            164,
            1142,
            2390,
            115,
            2765
        ],
        "scores": [
            1.0,
            -0.9690086245536804,
            -0.8638888001441956,
            0.8241583108901978,
            0.7991011142730713
        ]
    },
    "8": {
        "top5_index": [
            1794,
            2833,
            936,
            670,
            1885
        ],
        "scores": [
            -1.0,
            -0.9600088000297546,
            -0.9579407572746277,
            -0.7812919616699219,
            -0.6582115292549133
        ]
    },
    "9": {
        "top5_index": [
            2805,
            904,
            1043,
            2349,
            2173
        ],
        "scores": [
            -1.0,
            -0.917372465133667,
            0.8885460495948792,
            -0.8769056797027588,
            0.8567038178443909
        ]
    },
    "10": {
        "top5_index": [
            2761,
            1148,
            2678,
            1041,
            749
        ],
        "scores": [
            1.0,
            0.9343802332878113,
            0.8277184963226318,
            0.81471186876297,
            0.7968375086784363
        ]
    },
    "11": {
        "top5_index": [
            2493,
            1225,
            1056,
            2123,
            3062
        ],
        "scores": [
            1.0,
            0.5929199457168579,
            0.5812897682189941,
            -0.5545716285705566,
            0.5473114252090454
        ]
    }
}