{
    "0": {
        "top5_index": [
            1914,
            2581,
            271,
            291,
            1070
        ],
        "scores": [
            -1.0,
            -0.8982114791870117,
            -0.8653903007507324,
            0.841060996055603,
            0.8237901329994202
        ]
    },
    "1": {
        "top5_index": [
            1435,
            2596,
            1061,
            1956,
            1909
        ],
        "scores": [
            1.0,
            -0.943034291267395,
            -0.87049800157547,
            -0.8159729242324829,
            -0.8070464730262756
        ]
    },
    "2": {
        "top5_index": [
            1144,
            2037,
            2196,
            1310,
            1685
        ],
        "scores": [
            1.0,
            0.8930869698524475,
            -0.8132312297821045,
            0.7869156002998352,
            0.772195041179657
        ]
    },
    "3": {
        "top5_index": [
            68,
            1531,
            824,
            2660,
            1470
        ],
        "scores": [
            -1.0,
            -0.9635177254676819,
            -0.937942385673523,
            -0.7938979864120483,
            -0.7712161540985107
        ]
    },
    "4": {
        "top5_index": [
            3054,
            2422,
            1030,
            117,
            449
        ],
        "scores": [
            1.0,
            0.903852641582489,
            -0.85938960313797,
            0.8475664854049683,
            -0.790427029132843
        ]
    },
    "5": {
        "top5_index": [
            803,
            1376,
            2194,
            1509,
            2371
        ],
        "scores": [
            -1.0,
            0.8109051585197449,
            -0.7627013921737671,
            0.7205301523208618,
            -0.7072170376777649
        ]
    },
    "6": {
        "top5_index": [
            684,
            1930,
            1142,
            1020,
            1443
        ],
        "scores": [
            -1.0,
            -0.8346803784370422,
            -0.8087517023086548,
            -0.8068366050720215,
            0.7806940674781799
        ]
    },
    "7": {
        "top5_index": [
            1562,
            1339,
            2390,
            3071,
            687
        ],
        "scores": [
            1.0,
            0.9180522561073303,
            0.8070226907730103,
            0.7905603051185608,
            0.7451903223991394
        ]
    },
    "8": {
        "top5_index": [
            1509,
            1794,
            936,
            654,
            1015
        ],
        "scores": [
            -1.0,
            0.8155149817466736,
            0.7902122735977173,
            -0.7466508746147156,
            0.6618677377700806
        ]
    },
    "9": {
        "top5_index": [
            1043,
            1144,
            2233,
            1436,
            1938
        ],
        "scores": [
            -1.0,
            -0.8055377006530762,
            -0.7389115691184998,
            -0.7298519015312195,
            -0.7261435985565186
        ]
    },
    "10": {
        "top5_index": [
            2761,
            2678,
            303,
            1148,
            1197
        ],
        "scores": [
            -1.0,
            -0.9336966276168823,
            -0.8691619038581848,
            -0.832180917263031,
            -0.8203351497650146
        ]
    },
    "11": {
        "top5_index": [
            2493,
            853,
            2807,
            1092,
            2123
        ],
        "scores": [
            -1.0,
            -0.6387245059013367,
            0.6370844841003418,
            -0.6218988299369812,
            0.6117159128189087
        ]
    }
}