{
    "0": {
        "top5_index": [
            255,
            51,
            151,
            377,
            236
        ],
        "scores": [
            -1.0,
            0.8778303265571594,
            -0.7702891230583191,
            0.7212282419204712,
            -0.7168010473251343
        ]
    },
    "1": {
        "top5_index": [
            51,
            458,
            97,
            554,
            434
        ],
        "scores": [
            1.0,
            0.6492006182670593,
            -0.6435911059379578,
            -0.6369836926460266,
            -0.5984673500061035
        ]
    },
    "2": {
        "top5_index": [
            51,
            554,
            508,
            97,
            397
        ],
        "scores": [
            1.0,
            -0.9318578839302063,
            0.9034090638160706,
            -0.8464692234992981,
            -0.8261718153953552
        ]
    },
    "3": {
        "top5_index": [
            466,
            51,
            355,
            97,
            311
        ],
        "scores": [
            1.0,
            0.986182451248169,
            0.9248155951499939,
            -0.9223613739013672,
            0.9210695028305054
        ]
    },
    "4": {
        "top5_index": [
            97,
            667,
            608,
            320,
            393
        ],
        "scores": [
            -1.0,
            -0.916757345199585,
            -0.8498219847679138,
            -0.8432872891426086,
            -0.8234724402427673
        ]
    },
    "5": {
        "top5_index": [
            311,
            490,
            667,
            158,
            119
        ],
        "scores": [
            1.0,
            0.9178694486618042,
            -0.8984857201576233,
            0.810441792011261,
            0.8082385063171387
        ]
    },
    "6": {
        "top5_index": [
            667,
            566,
            202,
            490,
            311
        ],
        "scores": [
            -1.0,
            0.8269995450973511,
            -0.8167301416397095,
            0.7991467714309692,
            0.787388026714325
        ]
    },
    "7": {
        "top5_index": [
            667,
            490,
            311,
            119,
            313
        ],
        "scores": [
            -1.0,
            0.9041438102722168,
            0.8984737396240234,
            0.8223366737365723,
            -0.8171908259391785
        ]
    },
    "8": {
        "top5_index": [
            490,
            287,
            667,
            313,
            342
        ],
        "scores": [
            1.0,
            0.8947232961654663,
            -0.8856148719787598,
            -0.8548398613929749,
            0.8468076586723328
        ]
    },
    "9": {
        "top5_index": [
            663,
            287,
            88,
            298,
            313
        ],
        "scores": [
            1.0,
            0.9747190475463867,
            0.8972083926200867,
            0.8658069968223572,
            -0.8159478902816772
        ]
    },
    "10": {
        "top5_index": [
            88,
            663,
            554,
            119,
            605
        ],
        "scores": [
            1.0,
            0.9196007251739502,
            -0.893696665763855,
            0.8759076595306396,
            0.8693517446517944
        ]
    },
    "11": {
        "top5_index": [
            554,
            443,
            605,
            47,
            707
        ],
        "scores": [
            -1.0,
            -0.9304335117340088,
            0.9148324131965637,
            0.9135873317718506,
            -0.9021062850952148
        ]
    }
}