{
    "0": {
        "top5_index": [
            1,
            236,
            210,
            366,
            690
        ],
        "scores": [
            -1.0,
            -0.8168468475341797,
            0.7957288026809692,
            -0.7514758706092834,
            -0.7224236726760864
        ]
    },
    "1": {
        "top5_index": [
            682,
            428,
            596,
            358,
            449
        ],
        "scores": [
            1.0,
            -0.9087633490562439,
            -0.845260500907898,
            -0.8194568753242493,
            -0.7824245691299438
        ]
    },
    "2": {
        "top5_index": [
            138,
            508,
            211,
            88,
            635
        ],
        "scores": [
            -1.0,
            0.9805993437767029,
            -0.7503954768180847,
            0.7407002449035645,
            0.6986562609672546
        ]
    },
    "3": {
        "top5_index": [
            242,
            211,
            508,
            449,
            268
        ],
        "scores": [
            1.0,
            -0.9975958466529846,
            0.9844565987586975,
            -0.8975045680999756,
            -0.8917829394340515
        ]
    },
    "4": {
        "top5_index": [
            534,
            488,
            508,
            509,
            495
        ],
        "scores": [
            -1.0,
            0.9840187430381775,
            0.9567527174949646,
            0.9302796125411987,
            0.8957080245018005
        ]
    },
    "5": {
        "top5_index": [
            23,
            475,
            483,
            490,
            220
        ],
        "scores": [
            1.0,
            0.9433144330978394,
            -0.9122676253318787,
            0.8873189091682434,
            -0.8535708785057068
        ]
    },
    "6": {
        "top5_index": [
            764,
            181,
            23,
            508,
            475
        ],
        "scores": [
            -1.0,
            -0.9315758943557739,
            0.9188780188560486,
            0.9160257577896118,
            0.8703822493553162
        ]
    },
    "7": {
        "top5_index": [
            23,
            218,
            587,
            597,
            98
        ],
        "scores": [
            1.0,
            0.9574336409568787,
            -0.8530903458595276,
            0.8428208231925964,
            0.8299536108970642
        ]
    },
    "8": {
        "top5_index": [
            311,
            454,
            232,
            265,
            587
        ],
        "scores": [
            1.0,
            -0.9705039858818054,
            0.9526734948158264,
            0.8979231715202332,
            -0.858673095703125
        ]
    },
    "9": {
        "top5_index": [
            298,
            490,
            663,
            241,
            88
        ],
        "scores": [
            1.0,
            0.8223799467086792,
            0.8029018044471741,
            0.797889232635498,
            0.7951503396034241
        ]
    },
    "10": {
        "top5_index": [
            605,
            119,
            88,
            707,
            298
        ],
        "scores": [
            1.0,
            0.9941260814666748,
            0.9437242150306702,
            -0.9040268659591675,
            0.8975183367729187
        ]
    },
    "11": {
        "top5_index": [
            554,
            443,
            605,
            47,
            707
        ],
        "scores": [
            -1.0,
            -0.9304335117340088,
            0.9148324131965637,
            0.9135873317718506,
            -0.9021062254905701
        ]
    }
}