{
    "0": {
        "top5_index": [
            2976,
            1720,
            248,
            1462,
            109
        ],
        "scores": [
            1.0,
            -0.8797822594642639,
            0.8591184020042419,
            -0.8508002758026123,
            -0.8491825461387634
        ]
    },
    "1": {
        "top5_index": [
            1090,
            379,
            256,
            391,
            2133
        ],
        "scores": [
            -1.0,
            -0.956026554107666,
            0.728117048740387,
            0.7157817482948303,
            0.7091071009635925
        ]
    },
    "2": {
        "top5_index": [
            1777,
            3043,
            986,
            2703,
            2037
        ],
        "scores": [
            1.0,
            0.9199925661087036,
            -0.8550827503204346,
            -0.8531370759010315,
            0.8509235382080078
        ]
    },
    "3": {
        "top5_index": [
            1531,
            68,
            824,
            2660,
            2287
        ],
        "scores": [
            -1.0,
            -0.999235987663269,
            -0.9014305472373962,
            -0.7927202582359314,
            -0.7554216980934143
        ]
    },
    "4": {
        "top5_index": [
            1417,
            450,
            191,
            463,
            2318
        ],
        "scores": [
            1.0,
            0.873100996017456,
            -0.8669888973236084,
            -0.8454078435897827,
            0.7684928774833679
        ]
    },
    "5": {
        "top5_index": [
            2166,
            2077,
            951,
            206,
            985
        ],
        "scores": [
            1.0,
            0.9917426109313965,
            0.9061269164085388,
            -0.8746623396873474,
            0.813569188117981
        ]
    },
    "6": {
        "top5_index": [
            278,
            862,
            2856,
            73,
            1399
        ],
        "scores": [
            1.0,
            0.9521535038948059,
            0.8920536041259766,
            -0.8721399307250977,
            0.8404786586761475
        ]
    },
    "7": {
        "top5_index": [
            1562,
            1339,
            2547,
            2390,
            3071
        ],
        "scores": [
            1.0,
            0.8288917541503906,
            0.79737389087677,
            0.5514580011367798,
            0.5343185067176819
        ]
    },
    "8": {
        "top5_index": [
            1794,
            1015,
            557,
            936,
            1394
        ],
        "scores": [
            1.0,
            0.7849863767623901,
            0.7578030228614807,
            0.6882421374320984,
            0.6210963129997253
        ]
    },
    "9": {
        "top5_index": [
            1043,
            1197,
            1144,
            1436,
            2762
        ],
        "scores": [
            -1.0,
            -0.8883135318756104,
            -0.7511627078056335,
            -0.7469369769096375,
            -0.7403500080108643
        ]
    },
    "10": {
        "top5_index": [
            2761,
            1148,
            2678,
            2422,
            303
        ],
        "scores": [
            -1.0,
            -0.9175427556037903,
            -0.9157871603965759,
            0.8541296720504761,
            -0.8453871607780457
        ]
    },
    "11": {
        "top5_index": [
            2493,
            853,
            2807,
            1092,
            2123
        ],
        "scores": [
            -1.0,
            -0.6387246251106262,
            0.6370846033096313,
            -0.621898889541626,
            0.6117162108421326
        ]
    }
}