{
    "0": {
        "top5_index": [
            2401,
            516,
            1020,
            2316,
            1681
        ],
        "scores": [
            1.0,
            0.8676685690879822,
            0.7777004837989807,
            -0.6993719935417175,
            -0.6295711398124695
        ]
    },
    "1": {
        "top5_index": [
            3049,
            1435,
            1778,
            7,
            283
        ],
        "scores": [
            -1.0,
            0.9708667397499084,
            -0.9559047222137451,
            0.9466280937194824,
            -0.8959013819694519
        ]
    },
    "2": {
        "top5_index": [
            285,
            1281,
            125,
            1692,
            2311
        ],
        "scores": [
            -1.0,
            -0.9515928030014038,
            -0.9486761689186096,
            0.8127071857452393,
            -0.7631712555885315
        ]
    },
    "3": {
        "top5_index": [
            68,
            824,
            2367,
            790,
            1531
        ],
        "scores": [
            -1.0,
            -0.9594014883041382,
            0.9094743728637695,
            -0.8379275798797607,
            -0.8229017853736877
        ]
    },
    "4": {
        "top5_index": [
            1030,
            1014,
            2422,
            142,
            2016
        ],
        "scores": [
            -1.0,
            0.9085568785667419,
            0.8293799161911011,
            0.7830478549003601,
            0.754126787185669
        ]
    },
    "5": {
        "top5_index": [
            159,
            2634,
            533,
            435,
            365
        ],
        "scores": [
            1.0,
            -0.9830378890037537,
            0.9614412188529968,
            0.9228591918945312,
            -0.8847803473472595
        ]
    },
    "6": {
        "top5_index": [
            1615,
            684,
            1443,
            862,
            977
        ],
        "scores": [
            -1.0,
            -0.9227875471115112,
            0.872630774974823,
            0.7938008904457092,
            0.7583063244819641
        ]
    },
    "7": {
        "top5_index": [
            1339,
            2547,
            1562,
            2390,
            58
        ],
        "scores": [
            1.0,
            0.9462671279907227,
            0.9025395512580872,
            0.8299226760864258,
            0.6471874713897705
        ]
    },
    "8": {
        "top5_index": [
            936,
            1794,
            1509,
            1015,
            1830
        ],
        "scores": [
            1.0,
            0.9489352703094482,
            -0.7509654760360718,
            0.5649297833442688,
            -0.5596559643745422
        ]
    },
    "9": {
        "top5_index": [
            1043,
            1436,
            2762,
            1197,
            2207
        ],
        "scores": [
            -1.0,
            -0.9017512202262878,
            -0.8200299739837646,
            -0.8158185482025146,
            0.6962109804153442
        ]
    },
    "10": {
        "top5_index": [
            2678,
            1148,
            2761,
            303,
            2422
        ],
        "scores": [
            -1.0,
            -0.9806609153747559,
            -0.9258118867874146,
            -0.9168797731399536,
            0.9099675416946411
        ]
    },
    "11": {
        "top5_index": [
            2493,
            853,
            2807,
            1092,
            2123
        ],
        "scores": [
            -1.0,
            -0.638724684715271,
            0.6370844841003418,
            -0.6218988299369812,
            0.6117160320281982
        ]
    }
}