{
    "0": {
        "top5_index": [
            259,
            512,
            82,
            86,
            642
        ],
        "scores": [
            1.0,
            -0.7332040667533875,
            0.7330722808837891,
            -0.5539458394050598,
            -0.5384820103645325
        ]
    },
    "1": {
        "top5_index": [
            51,
            678,
            14,
            512,
            458
        ],
        "scores": [
            1.0,
            -0.8946498036384583,
            -0.8609998226165771,
            -0.855910062789917,
            0.8511990308761597
        ]
    },
    "2": {
        "top5_index": [
            512,
            211,
            508,
            452,
            753
        ],
        "scores": [
            -1.0,
            -0.9367241263389587,
            0.9232531189918518,
            0.8695734739303589,
            0.8686324954032898
        ]
    },
    "3": {
        "top5_index": [
            224,
            685,
            119,
            508,
            497
        ],
        "scores": [
            -1.0,
            0.9929363131523132,
            0.9653116464614868,
            0.9373149275779724,
            -0.9325722455978394
        ]
    },
    "4": {
        "top5_index": [
            119,
            134,
            508,
            205,
            512
        ],
        "scores": [
            1.0,
            0.9634167551994324,
            0.9486050009727478,
            0.9253084063529968,
            -0.9196234345436096
        ]
    },
    "5": {
        "top5_index": [
            119,
            311,
            158,
            488,
            508
        ],
        "scores": [
            1.0,
            0.9786294102668762,
            0.8483381271362305,
            0.8363663554191589,
            0.8327630758285522
        ]
    },
    "6": {
        "top5_index": [
            508,
            488,
            311,
            119,
            134
        ],
        "scores": [
            1.0,
            0.8453176617622375,
            0.806702196598053,
            0.8022077679634094,
            0.8015424609184265
        ]
    },
    "7": {
        "top5_index": [
            490,
            311,
            119,
            585,
            88
        ],
        "scores": [
            1.0,
            0.9400942325592041,
            0.9390074014663696,
            0.8716906905174255,
            0.8531636595726013
        ]
    },
    "8": {
        "top5_index": [
            490,
            88,
            47,
            587,
            701
        ],
        "scores": [
            1.0,
            0.9252496361732483,
            0.8283734917640686,
            -0.7950952053070068,
            -0.7884203195571899
        ]
    },
    "9": {
        "top5_index": [
            88,
            663,
            490,
            47,
            313
        ],
        "scores": [
            1.0,
            0.8584160208702087,
            0.805194079875946,
            0.781558096408844,
            -0.7738931179046631
        ]
    },
    "10": {
        "top5_index": [
            88,
            707,
            308,
            313,
            605
        ],
        "scores": [
            1.0,
            -0.7868942022323608,
            0.7416435480117798,
            -0.7338617444038391,
            0.7195109128952026
        ]
    },
    "11": {
        "top5_index": [
            554,
            443,
            605,
            47,
            707
        ],
        "scores": [
            -1.0,
            -0.9304335117340088,
            0.9148324728012085,
            0.9135873913764954,
            -0.9021062254905701
        ]
    }
}