{
    "0": {
        "top5_index": [
            101,
            377,
            82,
            259,
            287
        ],
        "scores": [
            1.0,
            -0.9314229488372803,
            0.8963293433189392,
            0.8608419299125671,
            -0.7508574724197388
        ]
    },
    "1": {
        "top5_index": [
            512,
            134,
            674,
            43,
            507
        ],
        "scores": [
            1.0,
            -0.813937783241272,
            0.750309944152832,
            0.7067331075668335,
            0.6869990825653076
        ]
    },
    "2": {
        "top5_index": [
            512,
            88,
            423,
            507,
            514
        ],
        "scores": [
            1.0,
            -0.7521718144416809,
            0.7299343943595886,
            0.6953821778297424,
            -0.6887959241867065
        ]
    },
    "3": {
        "top5_index": [
            69,
            512,
            311,
            73,
            554
        ],
        "scores": [
            -1.0,
            0.9817954301834106,
            -0.8842709064483643,
            0.8614193797111511,
            0.7608251571655273
        ]
    },
    "4": {
        "top5_index": [
            88,
            248,
            69,
            311,
            512
        ],
        "scores": [
            -1.0,
            0.9526506662368774,
            -0.9355025887489319,
            -0.8824878931045532,
            0.8600412607192993
        ]
    },
    "5": {
        "top5_index": [
            311,
            69,
            142,
            512,
            49
        ],
        "scores": [
            -1.0,
            -0.9526423215866089,
            0.8211278915405273,
            0.7953159213066101,
            -0.7924952507019043
        ]
    },
    "6": {
        "top5_index": [
            667,
            23,
            605,
            248,
            69
        ],
        "scores": [
            1.0,
            -0.961904764175415,
            -0.9089347124099731,
            0.8938874006271362,
            -0.8849626183509827
        ]
    },
    "7": {
        "top5_index": [
            605,
            134,
            711,
            304,
            88
        ],
        "scores": [
            -1.0,
            -0.8848933577537537,
            0.7098084092140198,
            -0.7020187973976135,
            -0.699260950088501
        ]
    },
    "8": {
        "top5_index": [
            605,
            287,
            663,
            499,
            134
        ],
        "scores": [
            -1.0,
            -0.7122204303741455,
            -0.7046922445297241,
            0.6485059261322021,
            -0.6437907218933105
        ]
    },
    "9": {
        "top5_index": [
            663,
            605,
            88,
            287,
            414
        ],
        "scores": [
            -1.0,
            -0.9349215626716614,
            -0.8274111747741699,
            -0.8050164580345154,
            -0.7826189398765564
        ]
    },
    "10": {
        "top5_index": [
            605,
            88,
            663,
            748,
            319
        ],
        "scores": [
            -1.0,
            -0.8630387187004089,
            -0.8381866812705994,
            0.8276556730270386,
            0.7985497117042542
        ]
    },
    "11": {
        "top5_index": [
            605,
            702,
            577,
            169,
            319
        ],
        "scores": [
            -1.0,
            0.9249411225318909,
            -0.8609997034072876,
            0.8334484696388245,
            0.8219587206840515
        ]
    }
}