{
    "0": {
        "top5_index": [
            1302,
            2400,
            62,
            612,
            2196
        ],
        "scores": [
            -1.0,
            -0.8585305213928223,
            -0.8350089192390442,
            0.8315920829772949,
            0.8271368145942688
        ]
    },
    "1": {
        "top5_index": [
            2992,
            1816,
            429,
            26,
            2815
        ],
        "scores": [
            -1.0,
            -0.9687948822975159,
            0.9218770265579224,
            -0.9190173149108887,
            0.8811007142066956
        ]
    },
    "2": {
        "top5_index": [
            1014,
            1405,
            891,
            1777,
            3017
        ],
        "scores": [
            -1.0,
            -0.9801042079925537,
            -0.9481942653656006,
            -0.8464983105659485,
            -0.7862948179244995
        ]
    },
    "3": {
        "top5_index": [
            1784,
            3032,
            1997,
            2119,
            305
        ],
        "scores": [
            1.0,
            -0.6400298476219177,
            0.6198024749755859,
            -0.6192492246627808,
            -0.5972524881362915
        ]
    },
    "4": {
        "top5_index": [
            2033,
            2655,
            1960,
            863,
            117
        ],
        "scores": [
            1.0,
            0.7865326404571533,
            -0.735241711139679,
            -0.7063533663749695,
            -0.6555621027946472
        ]
    },
    "5": {
        "top5_index": [
            79,
            528,
            1443,
            1909,
            699
        ],
        "scores": [
            -1.0,
            -0.8795547485351562,
            -0.8791753053665161,
            0.8537473082542419,
            -0.8313312530517578
        ]
    },
    "6": {
        "top5_index": [
            684,
            2503,
            3047,
            764,
            853
        ],
        "scores": [
            1.0,
            0.6377625465393066,
            -0.5309261083602905,
            0.5254470109939575,
            0.5230432748794556
        ]
    },
    "7": {
        "top5_index": [
            2390,
            1142,
            115,
            2547,
            164
        ],
        "scores": [
            -1.0,
            -0.9950197339057922,
            0.8329288363456726,
            -0.7822249531745911,
            0.7604252696037292
        ]
    },
    "8": {
        "top5_index": [
            1794,
            936,
            670,
            2833,
            2973
        ],
        "scores": [
            -1.0,
            -0.9790114164352417,
            -0.7823942303657532,
            -0.7026697397232056,
            0.5864710807800293
        ]
    },
    "9": {
        "top5_index": [
            1043,
            1808,
            2173,
            1436,
            107
        ],
        "scores": [
            1.0,
            -0.760280430316925,
            0.7379946708679199,
            0.715046226978302,
            -0.7113315463066101
        ]
    },
    "10": {
        "top5_index": [
            2761,
            2872,
            749,
            1041,
            1148
        ],
        "scores": [
            1.0,
            0.83818119764328,
            0.7927953600883484,
            0.7808985114097595,
            0.7656499147415161
        ]
    },
    "11": {
        "top5_index": [
            2493,
            1225,
            1056,
            2123,
            3062
        ],
        "scores": [
            1.0,
            0.5929197072982788,
            0.5812894105911255,
            -0.5545715689659119,
            0.5473111867904663
        ]
    }
}