{
    "0": {
        "top5_index": [
            82,
            281,
            618,
            443,
            35
        ],
        "scores": [
            1.0,
            0.9207786321640015,
            -0.8696479201316833,
            -0.8310015797615051,
            0.7998348474502563
        ]
    },
    "1": {
        "top5_index": [
            678,
            186,
            714,
            265,
            507
        ],
        "scores": [
            1.0,
            0.8404322266578674,
            -0.7427423596382141,
            -0.7376591563224792,
            0.7229374051094055
        ]
    },
    "2": {
        "top5_index": [
            507,
            714,
            514,
            653,
            520
        ],
        "scores": [
            1.0,
            -0.9781728386878967,
            -0.9569686651229858,
            0.9567816257476807,
            -0.9531757831573486
        ]
    },
    "3": {
        "top5_index": [
            69,
            383,
            97,
            302,
            507
        ],
        "scores": [
            -1.0,
            0.8558868169784546,
            0.8540422916412354,
            -0.8446596264839172,
            0.8304312825202942
        ]
    },
    "4": {
        "top5_index": [
            69,
            289,
            313,
            520,
            383
        ],
        "scores": [
            -1.0,
            0.9104993939399719,
            0.9053847193717957,
            -0.9023524522781372,
            0.8980181217193604
        ]
    },
    "5": {
        "top5_index": [
            69,
            313,
            524,
            289,
            142
        ],
        "scores": [
            -1.0,
            0.881648063659668,
            -0.8693299889564514,
            0.8559953570365906,
            0.8134657740592957
        ]
    },
    "6": {
        "top5_index": [
            69,
            681,
            469,
            281,
            380
        ],
        "scores": [
            -1.0,
            0.9389153718948364,
            0.922904372215271,
            0.8819052577018738,
            0.8778923153877258
        ]
    },
    "7": {
        "top5_index": [
            469,
            79,
            605,
            12,
            663
        ],
        "scores": [
            1.0,
            -0.8425986766815186,
            -0.8419867753982544,
            0.8386043906211853,
            -0.8289950489997864
        ]
    },
    "8": {
        "top5_index": [
            134,
            228,
            38,
            753,
            97
        ],
        "scores": [
            -1.0,
            0.8762373924255371,
            0.8534866571426392,
            -0.8192445635795593,
            0.8158633708953857
        ]
    },
    "9": {
        "top5_index": [
            663,
            134,
            605,
            247,
            690
        ],
        "scores": [
            -1.0,
            -0.9604518413543701,
            -0.9544394612312317,
            -0.8436288237571716,
            0.8092818856239319
        ]
    },
    "10": {
        "top5_index": [
            605,
            88,
            319,
            748,
            663
        ],
        "scores": [
            -1.0,
            -0.9018456339836121,
            0.8913528323173523,
            0.8739800453186035,
            -0.8366798162460327
        ]
    },
    "11": {
        "top5_index": [
            605,
            702,
            577,
            169,
            319
        ],
        "scores": [
            -1.0,
            0.9249410629272461,
            -0.8609997034072876,
            0.8334484100341797,
            0.8219586610794067
        ]
    }
}