{
    "0": {
        "top5_index": [
            2581,
            612,
            2912,
            1914,
            2995
        ],
        "scores": [
            -1.0,
            0.8292601704597473,
            0.8034359216690063,
            -0.7662166357040405,
            0.688022255897522
        ]
    },
    "1": {
        "top5_index": [
            1778,
            660,
            790,
            1726,
            2038
        ],
        "scores": [
            1.0,
            -0.7745547294616699,
            -0.6956713795661926,
            0.6466220021247864,
            -0.6194725036621094
        ]
    },
    "2": {
        "top5_index": [
            1692,
            1244,
            285,
            891,
            1968
        ],
        "scores": [
            -1.0,
            -0.6689363121986389,
            0.6379253268241882,
            -0.6366579532623291,
            -0.632276713848114
        ]
    },
    "3": {
        "top5_index": [
            939,
            1128,
            13,
            1646,
            2900
        ],
        "scores": [
            1.0,
            -0.9783468842506409,
            -0.9595335721969604,
            -0.9212060570716858,
            0.8766823410987854
        ]
    },
    "4": {
        "top5_index": [
            2570,
            2549,
            2187,
            2033,
            2241
        ],
        "scores": [
            1.0,
            -0.926256000995636,
            0.8929014801979065,
            0.8361849784851074,
            0.8266764283180237
        ]
    },
    "5": {
        "top5_index": [
            79,
            1471,
            1932,
            1688,
            1909
        ],
        "scores": [
            -1.0,
            -0.6421555280685425,
            -0.5782622694969177,
            -0.5582773089408875,
            0.5518452525138855
        ]
    },
    "6": {
        "top5_index": [
            684,
            2503,
            3009,
            764,
            1615
        ],
        "scores": [
            1.0,
            0.5656964182853699,
            -0.519311785697937,
            0.4991568922996521,
            0.4976702332496643
        ]
    },
    "7": {
        "top5_index": [
            2547,
            1339,
            164,
            2100,
            2390
        ],
        "scores": [
            -1.0,
            -0.8897543549537659,
            0.8887131214141846,
            -0.8690171241760254,
            -0.8641147613525391
        ]
    },
    "8": {
        "top5_index": [
            1794,
            93,
            670,
            374,
            2833
        ],
        "scores": [
            -1.0,
            -0.6988015174865723,
            -0.6866297125816345,
            0.6793069839477539,
            -0.6790532469749451
        ]
    },
    "9": {
        "top5_index": [
            1043,
            2805,
            904,
            2382,
            806
        ],
        "scores": [
            1.0,
            -0.9469696283340454,
            -0.8451378345489502,
            -0.8360141515731812,
            0.824955940246582
        ]
    },
    "10": {
        "top5_index": [
            2761,
            749,
            126,
            2316,
            745
        ],
        "scores": [
            1.0,
            0.883694589138031,
            -0.83234703540802,
            -0.7404168248176575,
            -0.7332756519317627
        ]
    },
    "11": {
        "top5_index": [
            2493,
            1225,
            1056,
            2123,
            3062
        ],
        "scores": [
            1.0,
            0.5929200053215027,
            0.5812898874282837,
            -0.554571807384491,
            0.5473114252090454
        ]
    }
}