{
    "0": {
        "top5_index": [
            674,
            638,
            287,
            581,
            512
        ],
        "scores": [
            -1.0,
            0.9538310170173645,
            0.8953531980514526,
            -0.8615832924842834,
            -0.8426274657249451
        ]
    },
    "1": {
        "top5_index": [
            514,
            117,
            58,
            204,
            375
        ],
        "scores": [
            1.0,
            -0.9350226521492004,
            0.8869840502738953,
            -0.8860049247741699,
            -0.8850716948509216
        ]
    },
    "2": {
        "top5_index": [
            328,
            211,
            326,
            642,
            525
        ],
        "scores": [
            1.0,
            -0.9739366173744202,
            -0.9593815803527832,
            -0.9128432273864746,
            0.8997136354446411
        ]
    },
    "3": {
        "top5_index": [
            211,
            747,
            31,
            181,
            88
        ],
        "scores": [
            -1.0,
            0.9881842136383057,
            -0.9468615651130676,
            -0.9427638649940491,
            0.9247696399688721
        ]
    },
    "4": {
        "top5_index": [
            145,
            539,
            173,
            211,
            198
        ],
        "scores": [
            1.0,
            0.9234093427658081,
            -0.8982465267181396,
            -0.8557478785514832,
            0.853188693523407
        ]
    },
    "5": {
        "top5_index": [
            173,
            703,
            587,
            181,
            421
        ],
        "scores": [
            -1.0,
            -0.8772495985031128,
            -0.7626503109931946,
            -0.7242205739021301,
            0.6982524394989014
        ]
    },
    "6": {
        "top5_index": [
            587,
            173,
            23,
            265,
            211
        ],
        "scores": [
            -1.0,
            -0.9709834456443787,
            0.950973629951477,
            0.8675391674041748,
            -0.8455185890197754
        ]
    },
    "7": {
        "top5_index": [
            173,
            50,
            175,
            134,
            597
        ],
        "scores": [
            -1.0,
            0.9661115407943726,
            0.948935866355896,
            0.8759607672691345,
            0.8530336022377014
        ]
    },
    "8": {
        "top5_index": [
            605,
            587,
            419,
            701,
            363
        ],
        "scores": [
            1.0,
            -0.9927072525024414,
            -0.9403638243675232,
            -0.9002736806869507,
            -0.8897626996040344
        ]
    },
    "9": {
        "top5_index": [
            663,
            88,
            287,
            175,
            605
        ],
        "scores": [
            1.0,
            0.9791664481163025,
            0.9546422958374023,
            0.9538858532905579,
            0.9114294052124023
        ]
    },
    "10": {
        "top5_index": [
            605,
            88,
            313,
            311,
            707
        ],
        "scores": [
            1.0,
            0.9985842108726501,
            -0.9311240911483765,
            0.9159936904907227,
            -0.8794336318969727
        ]
    },
    "11": {
        "top5_index": [
            554,
            443,
            605,
            47,
            707
        ],
        "scores": [
            -1.0,
            -0.930433452129364,
            0.9148324131965637,
            0.9135873317718506,
            -0.9021061658859253
        ]
    }
}