{
    "0": {
        "top5_index": [
            1070,
            2627,
            2073,
            248,
            630
        ],
        "scores": [
            -1.0,
            0.9796969294548035,
            0.9298521280288696,
            -0.8998674750328064,
            0.8807985782623291
        ]
    },
    "1": {
        "top5_index": [
            1978,
            2563,
            1427,
            489,
            851
        ],
        "scores": [
            1.0,
            0.799448549747467,
            -0.725348949432373,
            0.588233470916748,
            0.5654312968254089
        ]
    },
    "2": {
        "top5_index": [
            52,
            1143,
            3043,
            2953,
            1073
        ],
        "scores": [
            1.0,
            0.9927496314048767,
            0.9684687852859497,
            0.9625386595726013,
            -0.9170336723327637
        ]
    },
    "3": {
        "top5_index": [
            1456,
            2678,
            2565,
            766,
            1405
        ],
        "scores": [
            1.0,
            0.8676846027374268,
            0.7866744995117188,
            0.7741238474845886,
            0.759270966053009
        ]
    },
    "4": {
        "top5_index": [
            2606,
            1030,
            1401,
            240,
            2743
        ],
        "scores": [
            -1.0,
            -0.9586803317070007,
            -0.7375684380531311,
            0.735595166683197,
            -0.7059403657913208
        ]
    },
    "5": {
        "top5_index": [
            1854,
            1837,
            386,
            1510,
            506
        ],
        "scores": [
            1.0,
            0.9622511863708496,
            0.8753397464752197,
            0.8598365187644958,
            -0.8364543914794922
        ]
    },
    "6": {
        "top5_index": [
            684,
            1580,
            260,
            2418,
            977
        ],
        "scores": [
            -1.0,
            0.7311562895774841,
            -0.7066646218299866,
            -0.7027004957199097,
            0.6775941848754883
        ]
    },
    "7": {
        "top5_index": [
            2547,
            1562,
            1339,
            2925,
            1226
        ],
        "scores": [
            1.0,
            0.8736573457717896,
            0.8626492023468018,
            -0.8358076214790344,
            -0.7949883937835693
        ]
    },
    "8": {
        "top5_index": [
            1509,
            1794,
            654,
            1015,
            1394
        ],
        "scores": [
            -1.0,
            0.8221461772918701,
            -0.6213277578353882,
            0.6174168586730957,
            0.6105118989944458
        ]
    },
    "9": {
        "top5_index": [
            255,
            2207,
            2250,
            1043,
            1197
        ],
        "scores": [
            1.0,
            0.9616844654083252,
            -0.9519575834274292,
            -0.9176201224327087,
            -0.8963888883590698
        ]
    },
    "10": {
        "top5_index": [
            2761,
            2678,
            1148,
            749,
            2422
        ],
        "scores": [
            -1.0,
            -0.9378129839897156,
            -0.9238402247428894,
            -0.9001678228378296,
            0.8731961250305176
        ]
    },
    "11": {
        "top5_index": [
            2493,
            853,
            2807,
            1092,
            2123
        ],
        "scores": [
            -1.0,
            -0.6387245655059814,
            0.6370843648910522,
            -0.6218985915184021,
            0.6117160320281982
        ]
    }
}