{
    "0": {
        "top5_index": [
            287,
            517,
            674,
            134,
            366
        ],
        "scores": [
            1.0,
            -0.9772454500198364,
            -0.9496676325798035,
            0.9446664452552795,
            0.8252295851707458
        ]
    },
    "1": {
        "top5_index": [
            514,
            287,
            273,
            512,
            643
        ],
        "scores": [
            1.0,
            0.9966553449630737,
            -0.9842119812965393,
            -0.9633867740631104,
            -0.9534687399864197
        ]
    },
    "2": {
        "top5_index": [
            674,
            643,
            532,
            681,
            161
        ],
        "scores": [
            -1.0,
            -0.9873142838478088,
            -0.9761219024658203,
            -0.9670759439468384,
            -0.9429717063903809
        ]
    },
    "3": {
        "top5_index": [
            674,
            69,
            256,
            532,
            326
        ],
        "scores": [
            -1.0,
            0.9545159339904785,
            0.8474889993667603,
            -0.7886677384376526,
            -0.7877368927001953
        ]
    },
    "4": {
        "top5_index": [
            23,
            282,
            628,
            1,
            532
        ],
        "scores": [
            1.0,
            0.8201280236244202,
            0.8073119521141052,
            -0.8053832054138184,
            -0.7970090508460999
        ]
    },
    "5": {
        "top5_index": [
            532,
            703,
            69,
            527,
            173
        ],
        "scores": [
            -1.0,
            -0.9942339062690735,
            0.9860427975654602,
            -0.9796851277351379,
            -0.9510603547096252
        ]
    },
    "6": {
        "top5_index": [
            23,
            764,
            667,
            181,
            145
        ],
        "scores": [
            1.0,
            -0.924805760383606,
            -0.8418278098106384,
            -0.7662819623947144,
            0.7459401488304138
        ]
    },
    "7": {
        "top5_index": [
            23,
            173,
            134,
            69,
            605
        ],
        "scores": [
            1.0,
            -0.9624959230422974,
            0.9426100850105286,
            0.909894585609436,
            0.9023588299751282
        ]
    },
    "8": {
        "top5_index": [
            605,
            298,
            591,
            348,
            265
        ],
        "scores": [
            1.0,
            0.9143698811531067,
            0.8739867806434631,
            0.854342520236969,
            0.8320083022117615
        ]
    },
    "9": {
        "top5_index": [
            313,
            287,
            88,
            663,
            175
        ],
        "scores": [
            -1.0,
            0.989533007144928,
            0.9693036079406738,
            0.963455319404602,
            0.9094600677490234
        ]
    },
    "10": {
        "top5_index": [
            88,
            605,
            313,
            554,
            707
        ],
        "scores": [
            1.0,
            0.9739210605621338,
            -0.921847403049469,
            -0.9088564515113831,
            -0.8959313035011292
        ]
    },
    "11": {
        "top5_index": [
            554,
            443,
            605,
            47,
            707
        ],
        "scores": [
            -1.0,
            -0.9304335117340088,
            0.9148324131965637,
            0.9135873913764954,
            -0.9021062254905701
        ]
    }
}