{
    "0": {
        "top5_index": [
            95,
            2627,
            1463,
            420,
            2073
        ],
        "scores": [
            1.0,
            0.9816974997520447,
            0.9599515795707703,
            0.9408465027809143,
            0.8915296196937561
        ]
    },
    "1": {
        "top5_index": [
            1978,
            2563,
            489,
            1427,
            1196
        ],
        "scores": [
            1.0,
            0.7054080367088318,
            0.68816077709198,
            -0.6699906587600708,
            0.5507768988609314
        ]
    },
    "2": {
        "top5_index": [
            159,
            2953,
            2245,
            2311,
            1084
        ],
        "scores": [
            1.0,
            0.9881689548492432,
            -0.9483603835105896,
            -0.8684582114219666,
            0.8614489436149597
        ]
    },
    "3": {
        "top5_index": [
            2678,
            2181,
            384,
            2382,
            1456
        ],
        "scores": [
            1.0,
            0.9951612949371338,
            0.9462857842445374,
            0.9286391735076904,
            0.9071451425552368
        ]
    },
    "4": {
        "top5_index": [
            507,
            2033,
            207,
            240,
            1731
        ],
        "scores": [
            -1.0,
            -0.962678849697113,
            0.9350516200065613,
            0.9185812473297119,
            -0.886837899684906
        ]
    },
    "5": {
        "top5_index": [
            1837,
            1932,
            2386,
            3065,
            1854
        ],
        "scores": [
            1.0,
            0.9453023672103882,
            0.8969679474830627,
            0.8610993027687073,
            0.7535303235054016
        ]
    },
    "6": {
        "top5_index": [
            684,
            2503,
            1321,
            1580,
            1930
        ],
        "scores": [
            -1.0,
            -0.7544094920158386,
            0.7419408559799194,
            0.6620006561279297,
            -0.6057924628257751
        ]
    },
    "7": {
        "top5_index": [
            2547,
            1562,
            2390,
            1142,
            1226
        ],
        "scores": [
            1.0,
            0.79936283826828,
            0.7402065396308899,
            0.6206610202789307,
            -0.6100936532020569
        ]
    },
    "8": {
        "top5_index": [
            1794,
            1509,
            1015,
            936,
            1394
        ],
        "scores": [
            1.0,
            -0.9407923221588135,
            0.6852898597717285,
            0.6847731471061707,
            0.6624483466148376
        ]
    },
    "9": {
        "top5_index": [
            1043,
            255,
            2628,
            1197,
            1436
        ],
        "scores": [
            -1.0,
            0.8269862532615662,
            0.8093627691268921,
            -0.795769214630127,
            -0.7395124435424805
        ]
    },
    "10": {
        "top5_index": [
            2761,
            1148,
            2678,
            749,
            2422
        ],
        "scores": [
            -1.0,
            -0.8695634603500366,
            -0.8493028283119202,
            -0.7864554524421692,
            0.779773473739624
        ]
    },
    "11": {
        "top5_index": [
            2493,
            853,
            2807,
            1092,
            2123
        ],
        "scores": [
            -1.0,
            -0.6387245655059814,
            0.6370843648910522,
            -0.621898889541626,
            0.6117160320281982
        ]
    }
}