{
    "0": {
        "top5_index": [
            2031,
            2255,
            1938,
            2115,
            2581
        ],
        "scores": [
            -1.0,
            -0.9319344758987427,
            -0.8906650543212891,
            -0.8380690217018127,
            -0.8306505680084229
        ]
    },
    "1": {
        "top5_index": [
            7,
            705,
            3003,
            1930,
            2992
        ],
        "scores": [
            -1.0,
            -0.9934362769126892,
            0.9761237502098083,
            -0.931403398513794,
            -0.9292557835578918
        ]
    },
    "2": {
        "top5_index": [
            1538,
            314,
            2038,
            2273,
            636
        ],
        "scores": [
            -1.0,
            -0.7936392426490784,
            0.7837039232254028,
            0.7785184383392334,
            -0.7763809561729431
        ]
    },
    "3": {
        "top5_index": [
            738,
            2650,
            2035,
            2576,
            939
        ],
        "scores": [
            -1.0,
            0.8938764333724976,
            0.853073000907898,
            0.8020702600479126,
            0.8002243041992188
        ]
    },
    "4": {
        "top5_index": [
            2241,
            207,
            117,
            240,
            3054
        ],
        "scores": [
            1.0,
            -0.9220175743103027,
            -0.8978626132011414,
            -0.8883857131004333,
            -0.7913311719894409
        ]
    },
    "5": {
        "top5_index": [
            79,
            123,
            1471,
            2197,
            2570
        ],
        "scores": [
            -1.0,
            0.6818110346794128,
            -0.6623243689537048,
            0.6395817995071411,
            0.6379199624061584
        ]
    },
    "6": {
        "top5_index": [
            684,
            2896,
            1013,
            1550,
            1772
        ],
        "scores": [
            1.0,
            0.48507827520370483,
            -0.46838125586509705,
            0.4531715512275696,
            -0.4402709901332855
        ]
    },
    "7": {
        "top5_index": [
            164,
            2390,
            2648,
            2531,
            1952
        ],
        "scores": [
            1.0,
            -0.9182361364364624,
            0.7247684001922607,
            -0.7116214632987976,
            0.6876859068870544
        ]
    },
    "8": {
        "top5_index": [
            1794,
            2833,
            670,
            936,
            1493
        ],
        "scores": [
            -1.0,
            -0.916076123714447,
            -0.9016398787498474,
            -0.8426792621612549,
            -0.8023884296417236
        ]
    },
    "9": {
        "top5_index": [
            1043,
            1538,
            2343,
            2382,
            2805
        ],
        "scores": [
            1.0,
            -0.8770239949226379,
            0.7952185273170471,
            -0.787863552570343,
            -0.7835789322853088
        ]
    },
    "10": {
        "top5_index": [
            2761,
            1148,
            2872,
            1041,
            2678
        ],
        "scores": [
            1.0,
            0.806193470954895,
            0.7915372252464294,
            0.7514693140983582,
            0.7395908832550049
        ]
    },
    "11": {
        "top5_index": [
            2493,
            1225,
            1056,
            2123,
            3062
        ],
        "scores": [
            1.0,
            0.5929198265075684,
            0.5812895894050598,
            -0.5545715093612671,
            0.5473113059997559
        ]
    }
}