{
    "0": {
        "top5_index": [
            281,
            507,
            1,
            714,
            538
        ],
        "scores": [
            1.0,
            0.9475157856941223,
            -0.8520601391792297,
            -0.7742985486984253,
            0.7564207911491394
        ]
    },
    "1": {
        "top5_index": [
            281,
            507,
            100,
            186,
            599
        ],
        "scores": [
            1.0,
            0.9904405474662781,
            0.8736404180526733,
            0.8483874201774597,
            -0.7563791871070862
        ]
    },
    "2": {
        "top5_index": [
            281,
            507,
            100,
            88,
            563
        ],
        "scores": [
            1.0,
            0.9623457193374634,
            0.9175190925598145,
            -0.8313530683517456,
            0.7990334033966064
        ]
    },
    "3": {
        "top5_index": [
            487,
            100,
            507,
            281,
            236
        ],
        "scores": [
            1.0,
            0.9322565197944641,
            0.9202925562858582,
            0.9098721146583557,
            -0.8255829811096191
        ]
    },
    "4": {
        "top5_index": [
            281,
            605,
            487,
            248,
            507
        ],
        "scores": [
            1.0,
            -0.8778924345970154,
            0.8300430774688721,
            0.7981739640235901,
            0.7981053590774536
        ]
    },
    "5": {
        "top5_index": [
            49,
            281,
            487,
            674,
            69
        ],
        "scores": [
            -1.0,
            0.9276235103607178,
            0.8314017057418823,
            0.8305755853652954,
            -0.8060459494590759
        ]
    },
    "6": {
        "top5_index": [
            605,
            674,
            737,
            53,
            49
        ],
        "scores": [
            -1.0,
            0.9793753027915955,
            0.9417875409126282,
            -0.9335067272186279,
            -0.8589465022087097
        ]
    },
    "7": {
        "top5_index": [
            605,
            737,
            674,
            75,
            134
        ],
        "scores": [
            -1.0,
            0.7973707318305969,
            0.7691375017166138,
            -0.7631506323814392,
            -0.7110560536384583
        ]
    },
    "8": {
        "top5_index": [
            605,
            228,
            134,
            737,
            97
        ],
        "scores": [
            -1.0,
            0.9525523781776428,
            -0.9098843932151794,
            0.8755149841308594,
            0.8387941122055054
        ]
    },
    "9": {
        "top5_index": [
            663,
            605,
            134,
            690,
            319
        ],
        "scores": [
            -1.0,
            -0.9859546422958374,
            -0.984281599521637,
            0.9497964382171631,
            0.9113660454750061
        ]
    },
    "10": {
        "top5_index": [
            605,
            88,
            748,
            663,
            319
        ],
        "scores": [
            -1.0,
            -0.8720384836196899,
            0.8478341102600098,
            -0.8123595118522644,
            0.7879449725151062
        ]
    },
    "11": {
        "top5_index": [
            605,
            702,
            577,
            169,
            319
        ],
        "scores": [
            -1.0,
            0.9249411225318909,
            -0.8609997034072876,
            0.8334484696388245,
            0.8219587206840515
        ]
    }
}