{
    "0": {
        "top5_index": [
            2581,
            1914,
            1463,
            1167,
            291
        ],
        "scores": [
            -1.0,
            -0.9511691331863403,
            0.8238135576248169,
            0.6952085494995117,
            0.6831244826316833
        ]
    },
    "1": {
        "top5_index": [
            379,
            1978,
            68,
            1650,
            2054
        ],
        "scores": [
            1.0,
            -0.9717903137207031,
            -0.9007695317268372,
            -0.8838581442832947,
            0.866811215877533
        ]
    },
    "2": {
        "top5_index": [
            1777,
            2703,
            1014,
            285,
            2281
        ],
        "scores": [
            1.0,
            -0.7611113786697388,
            0.7558823227882385,
            -0.74274742603302,
            0.6377835273742676
        ]
    },
    "3": {
        "top5_index": [
            1531,
            68,
            824,
            2660,
            1470
        ],
        "scores": [
            -1.0,
            -0.9743000268936157,
            -0.9663733839988708,
            -0.8780977725982666,
            -0.8319678902626038
        ]
    },
    "4": {
        "top5_index": [
            449,
            191,
            1595,
            388,
            645
        ],
        "scores": [
            -1.0,
            -0.9955691695213318,
            -0.9300482273101807,
            0.8082455992698669,
            0.798391580581665
        ]
    },
    "5": {
        "top5_index": [
            1376,
            803,
            1417,
            1914,
            1094
        ],
        "scores": [
            1.0,
            -0.9569923281669617,
            0.8950382471084595,
            0.8918143510818481,
            0.8675915598869324
        ]
    },
    "6": {
        "top5_index": [
            1020,
            684,
            1443,
            1772,
            1930
        ],
        "scores": [
            -1.0,
            -0.945899486541748,
            0.8979038596153259,
            -0.8559775948524475,
            -0.808346688747406
        ]
    },
    "7": {
        "top5_index": [
            1562,
            3071,
            1339,
            2547,
            2390
        ],
        "scores": [
            1.0,
            0.8283913135528564,
            0.8042502999305725,
            0.7659702301025391,
            0.7266142964363098
        ]
    },
    "8": {
        "top5_index": [
            1509,
            936,
            1794,
            1272,
            1015
        ],
        "scores": [
            -1.0,
            0.9170872569084167,
            0.9021024107933044,
            -0.7100123167037964,
            0.6935454607009888
        ]
    },
    "9": {
        "top5_index": [
            1043,
            1144,
            1436,
            1197,
            2864
        ],
        "scores": [
            -1.0,
            -0.8284471035003662,
            -0.7868276238441467,
            -0.7656397223472595,
            -0.7350014448165894
        ]
    },
    "10": {
        "top5_index": [
            2678,
            1148,
            303,
            2761,
            2422
        ],
        "scores": [
            -1.0,
            -0.9938589930534363,
            -0.9615800380706787,
            -0.9353563189506531,
            0.9231522083282471
        ]
    },
    "11": {
        "top5_index": [
            2493,
            853,
            2807,
            1092,
            2123
        ],
        "scores": [
            -1.0,
            -0.6387248635292053,
            0.6370846033096313,
            -0.6218988299369812,
            0.6117160320281982
        ]
    }
}