{
    "0": {
        "top5_index": [
            259,
            82,
            281,
            554,
            237
        ],
        "scores": [
            1.0,
            0.9826779961585999,
            0.9685733914375305,
            -0.8429412245750427,
            0.8062915802001953
        ]
    },
    "1": {
        "top5_index": [
            764,
            97,
            51,
            449,
            667
        ],
        "scores": [
            -1.0,
            -0.9922868609428406,
            0.9685734510421753,
            -0.9527490139007568,
            -0.9277127385139465
        ]
    },
    "2": {
        "top5_index": [
            88,
            512,
            554,
            311,
            51
        ],
        "scores": [
            1.0,
            -0.9497494101524353,
            -0.9462386965751648,
            0.8998202085494995,
            0.8809656500816345
        ]
    },
    "3": {
        "top5_index": [
            765,
            311,
            512,
            111,
            51
        ],
        "scores": [
            -1.0,
            0.9579489231109619,
            -0.9433802366256714,
            -0.8997824192047119,
            0.8339362740516663
        ]
    },
    "4": {
        "top5_index": [
            495,
            512,
            311,
            554,
            173
        ],
        "scores": [
            1.0,
            -0.8761883974075317,
            0.8546692132949829,
            -0.8489446640014648,
            -0.7868596315383911
        ]
    },
    "5": {
        "top5_index": [
            379,
            311,
            181,
            490,
            265
        ],
        "scores": [
            1.0,
            0.9506165981292725,
            -0.8635738492012024,
            0.8589951395988464,
            0.8195744156837463
        ]
    },
    "6": {
        "top5_index": [
            490,
            379,
            287,
            202,
            311
        ],
        "scores": [
            1.0,
            0.9982219338417053,
            0.9759051203727722,
            -0.9463277459144592,
            0.9410361647605896
        ]
    },
    "7": {
        "top5_index": [
            490,
            311,
            287,
            597,
            265
        ],
        "scores": [
            1.0,
            0.9902190566062927,
            0.9069980978965759,
            0.8827469944953918,
            0.842879593372345
        ]
    },
    "8": {
        "top5_index": [
            490,
            311,
            287,
            663,
            313
        ],
        "scores": [
            1.0,
            0.8902841210365295,
            0.8427221179008484,
            0.8360148072242737,
            -0.8151451349258423
        ]
    },
    "9": {
        "top5_index": [
            663,
            298,
            287,
            313,
            88
        ],
        "scores": [
            1.0,
            0.8541280627250671,
            0.8468493819236755,
            -0.8062766790390015,
            0.8058046102523804
        ]
    },
    "10": {
        "top5_index": [
            88,
            663,
            554,
            313,
            119
        ],
        "scores": [
            1.0,
            0.9283652901649475,
            -0.9237977862358093,
            -0.9185004234313965,
            0.9047248363494873
        ]
    },
    "11": {
        "top5_index": [
            554,
            443,
            605,
            47,
            707
        ],
        "scores": [
            -1.0,
            -0.9304335117340088,
            0.9148324131965637,
            0.9135873317718506,
            -0.9021061658859253
        ]
    }
}