{
    "0": {
        "top5_index": [
            1,
            366,
            282,
            236,
            151
        ],
        "scores": [
            -1.0,
            -0.7726455926895142,
            -0.6964437365531921,
            -0.6305239200592041,
            -0.6157777309417725
        ]
    },
    "1": {
        "top5_index": [
            682,
            514,
            605,
            106,
            375
        ],
        "scores": [
            1.0,
            -0.9379656314849854,
            -0.9057517647743225,
            0.8192011117935181,
            0.7986683249473572
        ]
    },
    "2": {
        "top5_index": [
            625,
            448,
            514,
            710,
            674
        ],
        "scores": [
            1.0,
            -0.9656814336776733,
            -0.8672998547554016,
            -0.8050140142440796,
            0.8020455837249756
        ]
    },
    "3": {
        "top5_index": [
            414,
            624,
            448,
            625,
            217
        ],
        "scores": [
            -1.0,
            -0.955294132232666,
            -0.8510022163391113,
            0.83415287733078,
            0.7838102579116821
        ]
    },
    "4": {
        "top5_index": [
            538,
            100,
            248,
            38,
            76
        ],
        "scores": [
            1.0,
            0.9056037068367004,
            0.889477550983429,
            0.8519443869590759,
            0.8479508757591248
        ]
    },
    "5": {
        "top5_index": [
            69,
            674,
            100,
            38,
            281
        ],
        "scores": [
            -1.0,
            0.9640495777130127,
            0.9225316047668457,
            0.8666607737541199,
            0.8635642528533936
        ]
    },
    "6": {
        "top5_index": [
            674,
            38,
            737,
            69,
            314
        ],
        "scores": [
            1.0,
            0.7653494477272034,
            0.7387080192565918,
            -0.6536769270896912,
            0.637506902217865
        ]
    },
    "7": {
        "top5_index": [
            605,
            737,
            134,
            674,
            75
        ],
        "scores": [
            -1.0,
            0.980150043964386,
            -0.9543264508247375,
            0.8818504214286804,
            -0.7943994998931885
        ]
    },
    "8": {
        "top5_index": [
            134,
            38,
            737,
            605,
            730
        ],
        "scores": [
            -1.0,
            0.9413429498672485,
            0.9371894001960754,
            -0.8334580063819885,
            -0.8253333568572998
        ]
    },
    "9": {
        "top5_index": [
            134,
            414,
            173,
            663,
            97
        ],
        "scores": [
            -1.0,
            -0.9184918999671936,
            0.9184367060661316,
            -0.8750378489494324,
            0.8510259389877319
        ]
    },
    "10": {
        "top5_index": [
            605,
            748,
            88,
            663,
            319
        ],
        "scores": [
            -1.0,
            0.9202378988265991,
            -0.9138637781143188,
            -0.9055190682411194,
            0.8886682987213135
        ]
    },
    "11": {
        "top5_index": [
            605,
            702,
            577,
            169,
            319
        ],
        "scores": [
            -1.0,
            0.9249411225318909,
            -0.8609996438026428,
            0.8334484696388245,
            0.8219587802886963
        ]
    }
}