{
    "0": {
        "top5_index": [
            3023,
            2032,
            2546,
            2400,
            2509
        ],
        "scores": [
            -1.0,
            -0.9953556656837463,
            -0.9851571917533875,
            -0.9605026245117188,
            -0.9577605128288269
        ]
    },
    "1": {
        "top5_index": [
            1435,
            2563,
            722,
            1457,
            2695
        ],
        "scores": [
            1.0,
            -0.7888591289520264,
            0.7193371057510376,
            0.6956097483634949,
            0.6891068816184998
        ]
    },
    "2": {
        "top5_index": [
            2296,
            1543,
            1079,
            666,
            2865
        ],
        "scores": [
            1.0,
            -0.8330783247947693,
            0.7665635943412781,
            -0.7521746754646301,
            -0.7508084774017334
        ]
    },
    "3": {
        "top5_index": [
            1531,
            68,
            824,
            2660,
            2664
        ],
        "scores": [
            -1.0,
            -0.8785369396209717,
            -0.8105939030647278,
            -0.8102290630340576,
            -0.7311798334121704
        ]
    },
    "4": {
        "top5_index": [
            207,
            240,
            2254,
            2493,
            1452
        ],
        "scores": [
            -1.0,
            -0.8139748573303223,
            -0.803814172744751,
            -0.7573038339614868,
            -0.7416273951530457
        ]
    },
    "5": {
        "top5_index": [
            79,
            1573,
            2166,
            951,
            3018
        ],
        "scores": [
            -1.0,
            0.9827583432197571,
            0.973537802696228,
            0.9615753293037415,
            -0.8737599849700928
        ]
    },
    "6": {
        "top5_index": [
            684,
            1732,
            2503,
            764,
            2896
        ],
        "scores": [
            1.0,
            0.48184093832969666,
            0.47368672490119934,
            0.4610916078090668,
            0.42285802960395813
        ]
    },
    "7": {
        "top5_index": [
            164,
            2765,
            2547,
            1142,
            2390
        ],
        "scores": [
            1.0,
            0.8499222993850708,
            -0.785262942314148,
            -0.7376542687416077,
            -0.7311994433403015
        ]
    },
    "8": {
        "top5_index": [
            2833,
            1794,
            670,
            93,
            1493
        ],
        "scores": [
            -1.0,
            -0.9060881733894348,
            -0.8159765601158142,
            -0.7998100519180298,
            -0.7612593770027161
        ]
    },
    "9": {
        "top5_index": [
            2805,
            1538,
            1808,
            1043,
            1679
        ],
        "scores": [
            -1.0,
            -0.9646459817886353,
            -0.9600130915641785,
            0.871875524520874,
            0.8536779284477234
        ]
    },
    "10": {
        "top5_index": [
            2761,
            1148,
            749,
            2872,
            2678
        ],
        "scores": [
            1.0,
            0.8155015707015991,
            0.8126305937767029,
            0.7905641198158264,
            0.7841792106628418
        ]
    },
    "11": {
        "top5_index": [
            2493,
            1225,
            1056,
            2123,
            3062
        ],
        "scores": [
            1.0,
            0.5929197669029236,
            0.5812894701957703,
            -0.5545716881752014,
            0.5473112463951111
        ]
    }
}