{
    "0": {
        "top5_index": [
            281,
            403,
            377,
            674,
            595
        ],
        "scores": [
            1.0,
            0.7789539694786072,
            -0.7475020289421082,
            0.6722689867019653,
            0.6696735620498657
        ]
    },
    "1": {
        "top5_index": [
            507,
            448,
            110,
            447,
            581
        ],
        "scores": [
            1.0,
            -0.9291269183158875,
            0.8788275718688965,
            -0.8576557636260986,
            0.7616074681282043
        ]
    },
    "2": {
        "top5_index": [
            448,
            507,
            739,
            296,
            447
        ],
        "scores": [
            -1.0,
            0.8203954696655273,
            0.770226776599884,
            -0.694690465927124,
            -0.6938579678535461
        ]
    },
    "3": {
        "top5_index": [
            448,
            272,
            631,
            190,
            507
        ],
        "scores": [
            -1.0,
            -0.8628190755844116,
            0.827475905418396,
            0.7979358434677124,
            0.7672542929649353
        ]
    },
    "4": {
        "top5_index": [
            448,
            88,
            380,
            663,
            364
        ],
        "scores": [
            -1.0,
            -0.9621689915657043,
            0.8954691290855408,
            -0.8029714226722717,
            0.7920764684677124
        ]
    },
    "5": {
        "top5_index": [
            448,
            645,
            663,
            281,
            318
        ],
        "scores": [
            -1.0,
            -0.8842684030532837,
            -0.8540276885032654,
            0.8118809461593628,
            -0.7999879121780396
        ]
    },
    "6": {
        "top5_index": [
            663,
            24,
            737,
            448,
            605
        ],
        "scores": [
            -1.0,
            0.989814281463623,
            0.9482408761978149,
            -0.9397720098495483,
            -0.8546963334083557
        ]
    },
    "7": {
        "top5_index": [
            134,
            605,
            663,
            24,
            88
        ],
        "scores": [
            -1.0,
            -0.8450368046760559,
            -0.8207768797874451,
            0.7616775035858154,
            -0.7336717844009399
        ]
    },
    "8": {
        "top5_index": [
            134,
            88,
            663,
            605,
            737
        ],
        "scores": [
            -1.0,
            -0.8650735020637512,
            -0.8091819882392883,
            -0.7610207796096802,
            0.69556725025177
        ]
    },
    "9": {
        "top5_index": [
            663,
            88,
            134,
            414,
            605
        ],
        "scores": [
            -1.0,
            -0.9880172610282898,
            -0.8453275561332703,
            -0.7834534049034119,
            -0.7643420100212097
        ]
    },
    "10": {
        "top5_index": [
            605,
            663,
            319,
            88,
            393
        ],
        "scores": [
            -1.0,
            -0.9100643396377563,
            0.8637918829917908,
            -0.8288808465003967,
            0.8064290881156921
        ]
    },
    "11": {
        "top5_index": [
            605,
            702,
            577,
            169,
            319
        ],
        "scores": [
            -1.0,
            0.9249410629272461,
            -0.8609997034072876,
            0.8334484100341797,
            0.821958601474762
        ]
    }
}