{
    "0": {
        "top5_index": [
            2912,
            612,
            2581,
            2255,
            2596
        ],
        "scores": [
            1.0,
            0.960600733757019,
            -0.9310306310653687,
            -0.7712385654449463,
            0.7285860776901245
        ]
    },
    "1": {
        "top5_index": [
            379,
            1090,
            457,
            1516,
            695
        ],
        "scores": [
            1.0,
            0.8342998623847961,
            -0.7458979487419128,
            -0.7434656023979187,
            -0.7068081498146057
        ]
    },
    "2": {
        "top5_index": [
            1144,
            159,
            2200,
            540,
            471
        ],
        "scores": [
            -1.0,
            -0.9879665970802307,
            0.9782285690307617,
            0.8899883031845093,
            -0.8262540102005005
        ]
    },
    "3": {
        "top5_index": [
            1531,
            68,
            2433,
            1996,
            1456
        ],
        "scores": [
            -1.0,
            -0.9371007680892944,
            0.8810876607894897,
            0.8645933866500854,
            -0.8041592240333557
        ]
    },
    "4": {
        "top5_index": [
            2033,
            1452,
            2655,
            2254,
            2493
        ],
        "scores": [
            1.0,
            -0.7826377749443054,
            0.7407971024513245,
            -0.7090513110160828,
            -0.6862048506736755
        ]
    },
    "5": {
        "top5_index": [
            79,
            483,
            964,
            2364,
            803
        ],
        "scores": [
            -1.0,
            -0.9149805307388306,
            -0.8911170363426208,
            0.8904610276222229,
            0.8600137233734131
        ]
    },
    "6": {
        "top5_index": [
            684,
            494,
            1733,
            1615,
            3009
        ],
        "scores": [
            1.0,
            -0.6143510341644287,
            -0.598749577999115,
            0.5918141603469849,
            -0.5337485671043396
        ]
    },
    "7": {
        "top5_index": [
            2547,
            1142,
            112,
            1339,
            2916
        ],
        "scores": [
            -1.0,
            -0.9004434943199158,
            0.8878424167633057,
            -0.7470238208770752,
            -0.7128482460975647
        ]
    },
    "8": {
        "top5_index": [
            1794,
            936,
            670,
            2833,
            167
        ],
        "scores": [
            -1.0,
            -0.9980908632278442,
            -0.8577197194099426,
            -0.8223667144775391,
            -0.6240156888961792
        ]
    },
    "9": {
        "top5_index": [
            1043,
            2805,
            1267,
            904,
            107
        ],
        "scores": [
            1.0,
            -0.8754837512969971,
            -0.7293184399604797,
            -0.7240370512008667,
            -0.6985950469970703
        ]
    },
    "10": {
        "top5_index": [
            2761,
            1148,
            1041,
            2872,
            2678
        ],
        "scores": [
            1.0,
            0.8637925982475281,
            0.8098318576812744,
            0.743353009223938,
            0.7017066478729248
        ]
    },
    "11": {
        "top5_index": [
            2493,
            1225,
            1056,
            2123,
            3062
        ],
        "scores": [
            1.0,
            0.5929198861122131,
            0.5812895894050598,
            -0.5545715093612671,
            0.5473113656044006
        ]
    }
}