{
    "0": {
        "top5_index": [
            1,
            366,
            210,
            674,
            236
        ],
        "scores": [
            1.0,
            0.7786927223205566,
            -0.7766757607460022,
            -0.7425348162651062,
            0.6895186901092529
        ]
    },
    "1": {
        "top5_index": [
            514,
            682,
            366,
            616,
            161
        ],
        "scores": [
            1.0,
            -0.9591177701950073,
            0.9359204173088074,
            -0.8760986328125,
            -0.8607959747314453
        ]
    },
    "2": {
        "top5_index": [
            97,
            597,
            366,
            512,
            674
        ],
        "scores": [
            -1.0,
            -0.9046071767807007,
            0.8876831531524658,
            -0.8102907538414001,
            -0.8083774447441101
        ]
    },
    "3": {
        "top5_index": [
            97,
            88,
            597,
            406,
            183
        ],
        "scores": [
            -1.0,
            0.8654246926307678,
            -0.7972087860107422,
            -0.7257833480834961,
            -0.6978012323379517
        ]
    },
    "4": {
        "top5_index": [
            97,
            88,
            60,
            406,
            532
        ],
        "scores": [
            -1.0,
            0.9319993257522583,
            -0.90936678647995,
            -0.901884913444519,
            -0.889653205871582
        ]
    },
    "5": {
        "top5_index": [
            703,
            487,
            448,
            196,
            134
        ],
        "scores": [
            -1.0,
            -0.9299426674842834,
            0.91403728723526,
            0.9084858894348145,
            0.8758547902107239
        ]
    },
    "6": {
        "top5_index": [
            134,
            532,
            53,
            320,
            448
        ],
        "scores": [
            1.0,
            -0.9116663336753845,
            0.8945134282112122,
            -0.8384391665458679,
            0.8241828083992004
        ]
    },
    "7": {
        "top5_index": [
            134,
            196,
            69,
            605,
            203
        ],
        "scores": [
            1.0,
            0.8802875280380249,
            0.8539706468582153,
            0.8329019546508789,
            -0.8153854608535767
        ]
    },
    "8": {
        "top5_index": [
            298,
            228,
            88,
            605,
            393
        ],
        "scores": [
            1.0,
            -0.9730716943740845,
            0.9679521918296814,
            0.9231359958648682,
            -0.9086949229240417
        ]
    },
    "9": {
        "top5_index": [
            88,
            287,
            663,
            311,
            443
        ],
        "scores": [
            1.0,
            0.8728081583976746,
            0.868368923664093,
            0.797893762588501,
            -0.776033878326416
        ]
    },
    "10": {
        "top5_index": [
            88,
            47,
            311,
            247,
            605
        ],
        "scores": [
            1.0,
            0.9453772306442261,
            0.9254240989685059,
            0.9239543676376343,
            0.9156373739242554
        ]
    },
    "11": {
        "top5_index": [
            554,
            443,
            605,
            47,
            707
        ],
        "scores": [
            -1.0,
            -0.930433452129364,
            0.9148324131965637,
            0.9135873317718506,
            -0.9021062254905701
        ]
    }
}