{
    "0": {
        "top5_index": [
            2976,
            248,
            172,
            1893,
            2167
        ],
        "scores": [
            -1.0,
            -0.9476671814918518,
            -0.9078778028488159,
            -0.8500771522521973,
            -0.8048200607299805
        ]
    },
    "1": {
        "top5_index": [
            1978,
            489,
            1061,
            2563,
            834
        ],
        "scores": [
            1.0,
            0.9676204323768616,
            0.9040555357933044,
            0.88416987657547,
            -0.8263435363769531
        ]
    },
    "2": {
        "top5_index": [
            557,
            159,
            2311,
            227,
            1554
        ],
        "scores": [
            1.0,
            0.9597188234329224,
            -0.9227250218391418,
            0.9116840958595276,
            -0.8729147911071777
        ]
    },
    "3": {
        "top5_index": [
            2660,
            1531,
            1456,
            68,
            824
        ],
        "scores": [
            1.0,
            0.9852655529975891,
            0.914797306060791,
            0.889524519443512,
            0.8331963419914246
        ]
    },
    "4": {
        "top5_index": [
            1030,
            2655,
            2606,
            2033,
            1386
        ],
        "scores": [
            -1.0,
            -0.9232674241065979,
            -0.8583580851554871,
            -0.836620032787323,
            -0.7701811790466309
        ]
    },
    "5": {
        "top5_index": [
            1837,
            79,
            699,
            415,
            2882
        ],
        "scores": [
            1.0,
            0.9988961219787598,
            0.9339079260826111,
            0.9082539081573486,
            -0.9018476605415344
        ]
    },
    "6": {
        "top5_index": [
            684,
            664,
            2503,
            1930,
            2896
        ],
        "scores": [
            -1.0,
            -0.5310205817222595,
            -0.482631653547287,
            -0.48027607798576355,
            -0.46104198694229126
        ]
    },
    "7": {
        "top5_index": [
            2547,
            2390,
            1339,
            2765,
            1562
        ],
        "scores": [
            1.0,
            0.8899050951004028,
            0.7024840116500854,
            -0.6203972101211548,
            0.5645532011985779
        ]
    },
    "8": {
        "top5_index": [
            1794,
            670,
            936,
            1493,
            2973
        ],
        "scores": [
            1.0,
            0.8388011455535889,
            0.770878255367279,
            0.6630536913871765,
            -0.6195328831672668
        ]
    },
    "9": {
        "top5_index": [
            1043,
            2628,
            1197,
            2805,
            2228
        ],
        "scores": [
            -1.0,
            0.882236659526825,
            -0.8701142072677612,
            0.8515904545783997,
            0.8274582624435425
        ]
    },
    "10": {
        "top5_index": [
            2761,
            1148,
            2678,
            749,
            303
        ],
        "scores": [
            -1.0,
            -0.982906699180603,
            -0.8856948614120483,
            -0.873560905456543,
            -0.7741109132766724
        ]
    },
    "11": {
        "top5_index": [
            2493,
            853,
            2807,
            1092,
            2123
        ],
        "scores": [
            -1.0,
            -0.638724684715271,
            0.6370846033096313,
            -0.6218990087509155,
            0.6117161512374878
        ]
    }
}