{
    "boy10": 0.19864115118980408,
    "boy1": 0.23486393690109253,
    "boy2": 0.5371577143669128,
    "boy3": 0.11554686725139618,
    "boy4": 0.28594961762428284,
    "boy5": 0.12711450457572937,
    "boy6": 0.5234894156455994,
    "boy7": 0.1287538856267929,
    "boy8": 0.7510325908660889,
    "boy9": 0.17048023641109467,
    "grandpa10": 0.9916226267814636,
    "grandpa1": 0.8910877108573914,
    "grandpa2": 0.9720812439918518,
    "grandpa3": 0.996179461479187,
    "grandpa4": 0.9626787900924683,
    "grandpa5": 0.8438318371772766,
    "grandpa6": 0.9916186928749084,
    "grandpa7": 0.9766343235969543,
    "grandpa8": 0.9132401943206787,
    "grandpa9": 0.9972226619720459,
    "male10": 0.9947811961174011,
    "male1": 0.999703586101532,
    "male2": 0.7089565396308899,
    "male3": 0.9993676543235779,
    "male4": 0.913304328918457,
    "male5": 0.9984278678894043,
    "male6": 0.9804000854492188,
    "male7": 0.9975789189338684,
    "male8": 0.9974997639656067,
    "male9": 0.977408230304718,
    "man10": 0.9990355968475342,
    "man1": 0.8521552681922913,
    "man2": 0.9988399147987366,
    "man3": 0.3701094686985016,
    "man4": 0.9904137253761292,
    "man5": 0.9995962977409363,
    "man6": 0.9549016952514648,
    "man7": 0.9991552829742432,
    "man8": 0.9936686158180237,
    "man9": 0.9916858077049255
}