{
    "0": {
        "top5_index": [
            1,
            151,
            375,
            366,
            259
        ],
        "scores": [
            -1.0,
            -0.9019979238510132,
            -0.8114327788352966,
            -0.7926200032234192,
            0.7843621969223022
        ]
    },
    "1": {
        "top5_index": [
            682,
            616,
            471,
            382,
            428
        ],
        "scores": [
            1.0,
            0.887713611125946,
            0.8770453333854675,
            -0.8520705699920654,
            -0.8459574580192566
        ]
    },
    "2": {
        "top5_index": [
            525,
            211,
            64,
            319,
            282
        ],
        "scores": [
            1.0,
            -0.9509325623512268,
            -0.944611668586731,
            -0.9295973777770996,
            0.9200978875160217
        ]
    },
    "3": {
        "top5_index": [
            242,
            181,
            211,
            525,
            64
        ],
        "scores": [
            1.0,
            -0.9847438931465149,
            -0.9434550404548645,
            0.9304429888725281,
            -0.8936875462532043
        ]
    },
    "4": {
        "top5_index": [
            198,
            97,
            23,
            174,
            211
        ],
        "scores": [
            1.0,
            -0.9503104090690613,
            0.8391425609588623,
            0.7872629165649414,
            -0.7760220170021057
        ]
    },
    "5": {
        "top5_index": [
            587,
            173,
            23,
            474,
            181
        ],
        "scores": [
            -1.0,
            -0.9803532958030701,
            0.9322956800460815,
            0.8990262746810913,
            -0.8729971647262573
        ]
    },
    "6": {
        "top5_index": [
            587,
            23,
            202,
            764,
            454
        ],
        "scores": [
            -1.0,
            0.8741173148155212,
            -0.8551583290100098,
            -0.8492359519004822,
            -0.8214489221572876
        ]
    },
    "7": {
        "top5_index": [
            23,
            218,
            587,
            351,
            69
        ],
        "scores": [
            1.0,
            0.9434064626693726,
            -0.9355153441429138,
            0.8696966767311096,
            0.848649799823761
        ]
    },
    "8": {
        "top5_index": [
            587,
            701,
            635,
            605,
            287
        ],
        "scores": [
            -1.0,
            -0.9495826959609985,
            0.916640043258667,
            0.9115284085273743,
            0.8888826966285706
        ]
    },
    "9": {
        "top5_index": [
            313,
            88,
            287,
            663,
            241
        ],
        "scores": [
            -1.0,
            0.9789504408836365,
            0.9660882949829102,
            0.9385096430778503,
            0.8543676733970642
        ]
    },
    "10": {
        "top5_index": [
            88,
            605,
            313,
            119,
            311
        ],
        "scores": [
            1.0,
            0.9981192946434021,
            -0.9463452696800232,
            0.9389097094535828,
            0.9000531435012817
        ]
    },
    "11": {
        "top5_index": [
            554,
            443,
            605,
            47,
            707
        ],
        "scores": [
            -1.0,
            -0.930433452129364,
            0.914832353591919,
            0.9135873317718506,
            -0.9021062254905701
        ]
    }
}