{
    "0": {
        "top5_index": [
            2581,
            1914,
            1462,
            395,
            1720
        ],
        "scores": [
            -1.0,
            -0.9300125241279602,
            -0.7551136016845703,
            -0.7408017516136169,
            -0.7110497355461121
        ]
    },
    "1": {
        "top5_index": [
            2596,
            1909,
            1956,
            1435,
            1061
        ],
        "scores": [
            -1.0,
            -0.9852696061134338,
            -0.9586297273635864,
            0.9497466683387756,
            -0.9494897127151489
        ]
    },
    "2": {
        "top5_index": [
            227,
            2037,
            2761,
            1310,
            1144
        ],
        "scores": [
            -1.0,
            0.9259154796600342,
            -0.827171802520752,
            0.8036807179450989,
            0.7853057980537415
        ]
    },
    "3": {
        "top5_index": [
            1531,
            68,
            824,
            2660,
            1470
        ],
        "scores": [
            -1.0,
            -0.9901643991470337,
            -0.904349684715271,
            -0.8316096067428589,
            -0.7824192643165588
        ]
    },
    "4": {
        "top5_index": [
            1089,
            2916,
            2870,
            2140,
            1417
        ],
        "scores": [
            1.0,
            -0.8708930015563965,
            0.8314308524131775,
            0.7568567991256714,
            0.74985671043396
        ]
    },
    "5": {
        "top5_index": [
            951,
            2077,
            2166,
            803,
            985
        ],
        "scores": [
            1.0,
            0.9154530763626099,
            0.7537620067596436,
            -0.635029137134552,
            0.6260689496994019
        ]
    },
    "6": {
        "top5_index": [
            1443,
            1615,
            278,
            862,
            260
        ],
        "scores": [
            1.0,
            -0.9972974061965942,
            0.9896461963653564,
            0.9863645434379578,
            -0.9778739213943481
        ]
    },
    "7": {
        "top5_index": [
            1562,
            2547,
            1339,
            687,
            1825
        ],
        "scores": [
            1.0,
            0.9828144311904907,
            0.9262774586677551,
            0.791829526424408,
            0.6208531856536865
        ]
    },
    "8": {
        "top5_index": [
            1794,
            1509,
            1272,
            1015,
            1031
        ],
        "scores": [
            1.0,
            -0.93205726146698,
            -0.8191306591033936,
            0.7324092388153076,
            0.6755093932151794
        ]
    },
    "9": {
        "top5_index": [
            1043,
            1197,
            2250,
            2762,
            1418
        ],
        "scores": [
            -1.0,
            -0.9419679045677185,
            -0.8952200412750244,
            -0.8056848645210266,
            -0.7997455596923828
        ]
    },
    "10": {
        "top5_index": [
            2761,
            2678,
            2422,
            1148,
            303
        ],
        "scores": [
            -1.0,
            -0.9028079509735107,
            0.8183971047401428,
            -0.8155640959739685,
            -0.7975590229034424
        ]
    },
    "11": {
        "top5_index": [
            2493,
            853,
            2807,
            1092,
            2123
        ],
        "scores": [
            -1.0,
            -0.6387243866920471,
            0.637084424495697,
            -0.6218987107276917,
            0.6117158532142639
        ]
    }
}