{
    "0": {
        "top5_index": [
            2581,
            612,
            2912,
            1704,
            1463
        ],
        "scores": [
            -1.0,
            0.9630393981933594,
            0.9514382481575012,
            0.8019242882728577,
            0.7686426639556885
        ]
    },
    "1": {
        "top5_index": [
            2442,
            2054,
            968,
            2220,
            1196
        ],
        "scores": [
            1.0,
            0.9428184032440186,
            -0.8945388197898865,
            0.8736082911491394,
            -0.8625285625457764
        ]
    },
    "2": {
        "top5_index": [
            1777,
            666,
            2218,
            636,
            471
        ],
        "scores": [
            1.0,
            -0.9178145527839661,
            0.8895500302314758,
            -0.88193279504776,
            -0.8439661860466003
        ]
    },
    "3": {
        "top5_index": [
            830,
            2279,
            294,
            2290,
            2138
        ],
        "scores": [
            1.0,
            -0.8613778352737427,
            0.8540224432945251,
            0.8462824821472168,
            0.8369650840759277
        ]
    },
    "4": {
        "top5_index": [
            2033,
            2241,
            391,
            2570,
            1368
        ],
        "scores": [
            1.0,
            0.8527376651763916,
            0.816455066204071,
            0.7803075313568115,
            0.7712396383285522
        ]
    },
    "5": {
        "top5_index": [
            79,
            496,
            929,
            1229,
            2386
        ],
        "scores": [
            -1.0,
            0.9596152901649475,
            -0.9326990246772766,
            0.8847241401672363,
            -0.8605368137359619
        ]
    },
    "6": {
        "top5_index": [
            684,
            1930,
            2503,
            1235,
            3009
        ],
        "scores": [
            1.0,
            0.7090618014335632,
            0.6523293852806091,
            -0.6210780739784241,
            -0.5025293231010437
        ]
    },
    "7": {
        "top5_index": [
            2390,
            2547,
            164,
            2765,
            1142
        ],
        "scores": [
            -1.0,
            -0.8986955881118774,
            0.7630002498626709,
            0.7520706653594971,
            -0.7259576320648193
        ]
    },
    "8": {
        "top5_index": [
            1794,
            670,
            1394,
            1493,
            1015
        ],
        "scores": [
            -1.0,
            -0.9675776362419128,
            -0.7468295097351074,
            -0.6902827620506287,
            -0.6301451325416565
        ]
    },
    "9": {
        "top5_index": [
            1043,
            2173,
            107,
            774,
            1436
        ],
        "scores": [
            1.0,
            0.8795016407966614,
            -0.7734012007713318,
            -0.7163211107254028,
            0.7057712078094482
        ]
    },
    "10": {
        "top5_index": [
            2761,
            2678,
            1148,
            749,
            1041
        ],
        "scores": [
            1.0,
            0.8131567239761353,
            0.8030982613563538,
            0.799030601978302,
            0.7804254293441772
        ]
    },
    "11": {
        "top5_index": [
            2493,
            1225,
            1056,
            2123,
            3062
        ],
        "scores": [
            1.0,
            0.592920184135437,
            0.5812898874282837,
            -0.554571807384491,
            0.5473113656044006
        ]
    }
}