{
    "0": {
        "top5_index": [
            281,
            561,
            618,
            508,
            290
        ],
        "scores": [
            1.0,
            -0.8859096169471741,
            -0.8501603603363037,
            -0.803209662437439,
            -0.7985589504241943
        ]
    },
    "1": {
        "top5_index": [
            561,
            678,
            28,
            186,
            507
        ],
        "scores": [
            -1.0,
            0.9922487139701843,
            0.9360120892524719,
            0.8727527856826782,
            0.8508321046829224
        ]
    },
    "2": {
        "top5_index": [
            561,
            210,
            97,
            488,
            412
        ],
        "scores": [
            -1.0,
            0.9687103629112244,
            0.822242259979248,
            -0.810633659362793,
            -0.8094685673713684
        ]
    },
    "3": {
        "top5_index": [
            561,
            97,
            598,
            100,
            628
        ],
        "scores": [
            -1.0,
            0.9552521705627441,
            0.8981034159660339,
            0.8867775797843933,
            0.8757097721099854
        ]
    },
    "4": {
        "top5_index": [
            561,
            487,
            100,
            134,
            282
        ],
        "scores": [
            -1.0,
            0.8804234266281128,
            0.8552865386009216,
            -0.8496658205986023,
            -0.7931497097015381
        ]
    },
    "5": {
        "top5_index": [
            53,
            134,
            458,
            69,
            487
        ],
        "scores": [
            -1.0,
            -0.8481305837631226,
            -0.8391970992088318,
            -0.8372672200202942,
            0.8264675736427307
        ]
    },
    "6": {
        "top5_index": [
            134,
            314,
            53,
            681,
            24
        ],
        "scores": [
            -1.0,
            0.9934664964675903,
            -0.9320652484893799,
            0.9285996556282043,
            0.9022334218025208
        ]
    },
    "7": {
        "top5_index": [
            134,
            393,
            469,
            674,
            656
        ],
        "scores": [
            -1.0,
            0.9334573149681091,
            0.7737215161323547,
            0.7491856813430786,
            0.7330530881881714
        ]
    },
    "8": {
        "top5_index": [
            134,
            469,
            548,
            393,
            24
        ],
        "scores": [
            -1.0,
            0.7788424491882324,
            0.7468178272247314,
            0.7404515147209167,
            0.7079741358757019
        ]
    },
    "9": {
        "top5_index": [
            663,
            134,
            433,
            393,
            334
        ],
        "scores": [
            -1.0,
            -0.994405210018158,
            0.9554557800292969,
            0.9211690425872803,
            -0.9050869941711426
        ]
    },
    "10": {
        "top5_index": [
            605,
            663,
            88,
            72,
            319
        ],
        "scores": [
            -1.0,
            -0.99002605676651,
            -0.9059908986091614,
            0.8970714807510376,
            0.8860036134719849
        ]
    },
    "11": {
        "top5_index": [
            605,
            702,
            577,
            169,
            319
        ],
        "scores": [
            -1.0,
            0.9249411225318909,
            -0.8609997034072876,
            0.8334483504295349,
            0.8219586610794067
        ]
    }
}