{
    "0": {
        "top5_index": [
            512,
            82,
            554,
            281,
            259
        ],
        "scores": [
            -1.0,
            0.9240683913230896,
            -0.9146884083747864,
            0.9104034304618835,
            0.7874553203582764
        ]
    },
    "1": {
        "top5_index": [
            51,
            97,
            121,
            404,
            700
        ],
        "scores": [
            1.0,
            -0.835395872592926,
            0.752586841583252,
            0.7496453523635864,
            -0.6772363781929016
        ]
    },
    "2": {
        "top5_index": [
            512,
            508,
            554,
            51,
            88
        ],
        "scores": [
            -1.0,
            0.7308065295219421,
            -0.7220712304115295,
            0.7214797139167786,
            0.7028802037239075
        ]
    },
    "3": {
        "top5_index": [
            512,
            466,
            51,
            311,
            765
        ],
        "scores": [
            -1.0,
            0.9040847420692444,
            0.8318033814430237,
            0.7941451072692871,
            -0.7628923654556274
        ]
    },
    "4": {
        "top5_index": [
            512,
            396,
            287,
            311,
            379
        ],
        "scores": [
            -1.0,
            -0.8061443567276001,
            0.7987502813339233,
            0.768693208694458,
            0.7234677672386169
        ]
    },
    "5": {
        "top5_index": [
            311,
            379,
            158,
            512,
            532
        ],
        "scores": [
            1.0,
            0.8605976104736328,
            0.8244798183441162,
            -0.8060071468353271,
            -0.7802022695541382
        ]
    },
    "6": {
        "top5_index": [
            71,
            311,
            19,
            419,
            532
        ],
        "scores": [
            1.0,
            0.9341773986816406,
            0.9159505367279053,
            -0.8647453188896179,
            -0.8591188192367554
        ]
    },
    "7": {
        "top5_index": [
            633,
            311,
            12,
            119,
            51
        ],
        "scores": [
            1.0,
            0.999159574508667,
            -0.9916394352912903,
            0.9767383933067322,
            0.9754905104637146
        ]
    },
    "8": {
        "top5_index": [
            547,
            24,
            119,
            121,
            667
        ],
        "scores": [
            -1.0,
            -0.9306542873382568,
            0.9083755612373352,
            0.8903613686561584,
            -0.8266947269439697
        ]
    },
    "9": {
        "top5_index": [
            663,
            47,
            287,
            667,
            247
        ],
        "scores": [
            1.0,
            0.9201554656028748,
            0.901797890663147,
            -0.882094144821167,
            0.8546828627586365
        ]
    },
    "10": {
        "top5_index": [
            88,
            119,
            313,
            554,
            605
        ],
        "scores": [
            1.0,
            0.9073008894920349,
            -0.8863457441329956,
            -0.8777984380722046,
            0.8742237687110901
        ]
    },
    "11": {
        "top5_index": [
            554,
            443,
            605,
            47,
            707
        ],
        "scores": [
            -1.0,
            -0.9304335117340088,
            0.914832353591919,
            0.9135872721672058,
            -0.9021062254905701
        ]
    }
}