{
    "0": {
        "top5_index": [
            612,
            2912,
            2031,
            2115,
            469
        ],
        "scores": [
            1.0,
            0.9317991137504578,
            -0.9175145626068115,
            -0.862123966217041,
            -0.7721807360649109
        ]
    },
    "1": {
        "top5_index": [
            252,
            2596,
            1982,
            907,
            1158
        ],
        "scores": [
            1.0,
            -0.9126051664352417,
            -0.9035475254058838,
            -0.8998019099235535,
            -0.8941745162010193
        ]
    },
    "2": {
        "top5_index": [
            2703,
            1777,
            2557,
            2382,
            2281
        ],
        "scores": [
            -1.0,
            0.9742558598518372,
            0.9234615564346313,
            0.8727083802223206,
            0.85602867603302
        ]
    },
    "3": {
        "top5_index": [
            68,
            1531,
            824,
            2660,
            1470
        ],
        "scores": [
            -1.0,
            -0.9925876259803772,
            -0.929490864276886,
            -0.8023943305015564,
            -0.7317286729812622
        ]
    },
    "4": {
        "top5_index": [
            3054,
            2033,
            1660,
            1014,
            1574
        ],
        "scores": [
            1.0,
            -0.8275285363197327,
            -0.7732445001602173,
            0.7161554098129272,
            0.7023505568504333
        ]
    },
    "5": {
        "top5_index": [
            2392,
            1376,
            803,
            2517,
            419
        ],
        "scores": [
            1.0,
            0.9564032554626465,
            -0.9241566061973572,
            0.8426178097724915,
            -0.8319514989852905
        ]
    },
    "6": {
        "top5_index": [
            684,
            664,
            1130,
            1235,
            2503
        ],
        "scores": [
            -1.0,
            -0.826239824295044,
            -0.7589375972747803,
            0.7047229409217834,
            -0.6794134378433228
        ]
    },
    "7": {
        "top5_index": [
            3071,
            1562,
            2390,
            1339,
            58
        ],
        "scores": [
            1.0,
            0.99100261926651,
            0.9617485404014587,
            0.6688435077667236,
            0.6354333758354187
        ]
    },
    "8": {
        "top5_index": [
            1509,
            1794,
            1015,
            936,
            670
        ],
        "scores": [
            -1.0,
            0.9693065881729126,
            0.8136160969734192,
            0.8069724440574646,
            0.7761433720588684
        ]
    },
    "9": {
        "top5_index": [
            1043,
            107,
            1470,
            1197,
            852
        ],
        "scores": [
            -1.0,
            0.8670294284820557,
            -0.7163477540016174,
            -0.7107951641082764,
            -0.6939339637756348
        ]
    },
    "10": {
        "top5_index": [
            2761,
            1148,
            2678,
            1197,
            2018
        ],
        "scores": [
            -1.0,
            -0.8584698438644409,
            -0.8150147795677185,
            -0.7639836072921753,
            -0.7358142733573914
        ]
    },
    "11": {
        "top5_index": [
            2493,
            853,
            2807,
            1092,
            2123
        ],
        "scores": [
            -1.0,
            -0.6387248039245605,
            0.6370846033096313,
            -0.621898889541626,
            0.6117162704467773
        ]
    }
}