{
    "0": {
        "top5_index": [
            1,
            366,
            674,
            581,
            566
        ],
        "scores": [
            1.0,
            0.9317796230316162,
            -0.871323823928833,
            -0.8686287999153137,
            0.8260762691497803
        ]
    },
    "1": {
        "top5_index": [
            514,
            37,
            609,
            428,
            581
        ],
        "scores": [
            1.0,
            0.8725061416625977,
            0.8550727963447571,
            0.8468679785728455,
            -0.8355108499526978
        ]
    },
    "2": {
        "top5_index": [
            370,
            581,
            570,
            488,
            172
        ],
        "scores": [
            1.0,
            -0.9225998520851135,
            0.8536216020584106,
            0.8420537114143372,
            -0.8356584906578064
        ]
    },
    "3": {
        "top5_index": [
            326,
            388,
            299,
            393,
            88
        ],
        "scores": [
            -1.0,
            -0.9776017665863037,
            -0.9032810926437378,
            -0.8953278064727783,
            0.8492604494094849
        ]
    },
    "4": {
        "top5_index": [
            23,
            202,
            88,
            470,
            587
        ],
        "scores": [
            1.0,
            -0.8753874897956848,
            0.8701797723770142,
            0.821765124797821,
            -0.8119054436683655
        ]
    },
    "5": {
        "top5_index": [
            703,
            527,
            181,
            54,
            212
        ],
        "scores": [
            -1.0,
            -0.8734956383705139,
            -0.8593186736106873,
            -0.8372732400894165,
            0.8086931705474854
        ]
    },
    "6": {
        "top5_index": [
            23,
            202,
            54,
            476,
            764
        ],
        "scores": [
            1.0,
            -0.80833899974823,
            -0.7989266514778137,
            -0.788520872592926,
            -0.7373340725898743
        ]
    },
    "7": {
        "top5_index": [
            23,
            175,
            134,
            311,
            88
        ],
        "scores": [
            1.0,
            0.9887821078300476,
            0.9876556396484375,
            0.9329695701599121,
            0.9322746396064758
        ]
    },
    "8": {
        "top5_index": [
            605,
            88,
            287,
            651,
            393
        ],
        "scores": [
            1.0,
            0.7947938442230225,
            0.7931904196739197,
            0.7713453769683838,
            -0.7603439688682556
        ]
    },
    "9": {
        "top5_index": [
            88,
            175,
            287,
            443,
            539
        ],
        "scores": [
            1.0,
            0.8695758581161499,
            0.8537739515304565,
            -0.8026087880134583,
            0.7928657531738281
        ]
    },
    "10": {
        "top5_index": [
            88,
            605,
            313,
            47,
            247
        ],
        "scores": [
            1.0,
            0.9438344240188599,
            -0.90541672706604,
            0.8849834203720093,
            0.866065263748169
        ]
    },
    "11": {
        "top5_index": [
            554,
            443,
            605,
            47,
            707
        ],
        "scores": [
            -1.0,
            -0.9304335117340088,
            0.9148324728012085,
            0.9135874509811401,
            -0.9021062254905701
        ]
    }
}