{
    "0": {
        "top5_index": [
            630,
            2627,
            2073,
            1268,
            561
        ],
        "scores": [
            1.0,
            0.9611190557479858,
            0.9508131742477417,
            0.9294022917747498,
            0.8865847587585449
        ]
    },
    "1": {
        "top5_index": [
            1978,
            489,
            2563,
            1510,
            851
        ],
        "scores": [
            1.0,
            0.8531187176704407,
            0.8022240400314331,
            0.7260210514068604,
            0.5823533535003662
        ]
    },
    "2": {
        "top5_index": [
            1143,
            2296,
            1916,
            1280,
            3043
        ],
        "scores": [
            1.0,
            0.918521523475647,
            0.8873014450073242,
            -0.8099350333213806,
            0.784629225730896
        ]
    },
    "3": {
        "top5_index": [
            1456,
            1699,
            1989,
            2706,
            2565
        ],
        "scores": [
            1.0,
            -0.8567390441894531,
            -0.806056559085846,
            -0.7526088356971741,
            0.7462336421012878
        ]
    },
    "4": {
        "top5_index": [
            207,
            240,
            1401,
            507,
            1030
        ],
        "scores": [
            1.0,
            0.9440956711769104,
            -0.6257054805755615,
            -0.6088650822639465,
            -0.5965924263000488
        ]
    },
    "5": {
        "top5_index": [
            1837,
            1440,
            3065,
            1854,
            2634
        ],
        "scores": [
            1.0,
            0.9900076389312744,
            0.9571282267570496,
            0.9076402187347412,
            -0.8951904773712158
        ]
    },
    "6": {
        "top5_index": [
            1321,
            684,
            1580,
            165,
            260
        ],
        "scores": [
            1.0,
            -0.9968438744544983,
            0.9532394409179688,
            -0.8713592886924744,
            -0.8177130818367004
        ]
    },
    "7": {
        "top5_index": [
            2547,
            1562,
            1226,
            2390,
            1435
        ],
        "scores": [
            1.0,
            0.8546432256698608,
            -0.7854612469673157,
            0.7711914777755737,
            0.6779939532279968
        ]
    },
    "8": {
        "top5_index": [
            1509,
            1794,
            1394,
            1880,
            1015
        ],
        "scores": [
            -1.0,
            0.8838143944740295,
            0.7964833974838257,
            -0.7765824794769287,
            0.6727094054222107
        ]
    },
    "9": {
        "top5_index": [
            2628,
            1043,
            255,
            107,
            2805
        ],
        "scores": [
            1.0,
            -0.9509375095367432,
            0.8768789172172546,
            0.78660649061203,
            0.7689391374588013
        ]
    },
    "10": {
        "top5_index": [
            2761,
            1148,
            749,
            2422,
            2678
        ],
        "scores": [
            -1.0,
            -0.9323155283927917,
            -0.890499472618103,
            0.8599075675010681,
            -0.8560208082199097
        ]
    },
    "11": {
        "top5_index": [
            2493,
            853,
            2807,
            1092,
            2123
        ],
        "scores": [
            -1.0,
            -0.638724684715271,
            0.6370846033096313,
            -0.621898889541626,
            0.611716091632843
        ]
    }
}