{
    "0": {
        "top5_index": [
            423,
            517,
            364,
            223,
            547
        ],
        "scores": [
            -1.0,
            -0.9314978718757629,
            -0.8924786448478699,
            -0.879267692565918,
            -0.8434225916862488
        ]
    },
    "1": {
        "top5_index": [
            508,
            97,
            138,
            566,
            134
        ],
        "scores": [
            1.0,
            -0.9977348446846008,
            -0.9392799139022827,
            0.8666359782218933,
            0.8461062908172607
        ]
    },
    "2": {
        "top5_index": [
            508,
            211,
            64,
            97,
            566
        ],
        "scores": [
            1.0,
            -0.8437740802764893,
            -0.7879403829574585,
            -0.7521969676017761,
            0.7365232110023499
        ]
    },
    "3": {
        "top5_index": [
            211,
            508,
            120,
            64,
            97
        ],
        "scores": [
            -1.0,
            0.948172390460968,
            0.801798939704895,
            -0.7947399616241455,
            -0.7813364267349243
        ]
    },
    "4": {
        "top5_index": [
            508,
            198,
            497,
            495,
            23
        ],
        "scores": [
            1.0,
            0.9393355846405029,
            -0.9106717705726624,
            0.8998168110847473,
            0.8992689251899719
        ]
    },
    "5": {
        "top5_index": [
            173,
            395,
            212,
            587,
            158
        ],
        "scores": [
            -1.0,
            -0.8223139643669128,
            0.815646767616272,
            -0.8044546842575073,
            0.8037979006767273
        ]
    },
    "6": {
        "top5_index": [
            764,
            173,
            202,
            587,
            115
        ],
        "scores": [
            -1.0,
            -0.9665637612342834,
            -0.9283663034439087,
            -0.883036732673645,
            -0.8548625707626343
        ]
    },
    "7": {
        "top5_index": [
            23,
            313,
            587,
            92,
            247
        ],
        "scores": [
            1.0,
            -0.9421704411506653,
            -0.886448323726654,
            -0.8792194128036499,
            0.8773800730705261
        ]
    },
    "8": {
        "top5_index": [
            587,
            115,
            247,
            766,
            238
        ],
        "scores": [
            -1.0,
            -0.9324355721473694,
            0.9129711985588074,
            0.8646312355995178,
            -0.8582953214645386
        ]
    },
    "9": {
        "top5_index": [
            47,
            663,
            298,
            313,
            88
        ],
        "scores": [
            1.0,
            0.9904288053512573,
            0.9711487889289856,
            -0.9580010175704956,
            0.9517560601234436
        ]
    },
    "10": {
        "top5_index": [
            311,
            605,
            88,
            313,
            554
        ],
        "scores": [
            1.0,
            0.9980552196502686,
            0.9795947074890137,
            -0.9537632465362549,
            -0.948337197303772
        ]
    },
    "11": {
        "top5_index": [
            554,
            443,
            605,
            47,
            707
        ],
        "scores": [
            -1.0,
            -0.930433452129364,
            0.9148324131965637,
            0.9135873317718506,
            -0.9021062254905701
        ]
    }
}