{
    "0": {
        "top5_index": [
            2912,
            612,
            2401,
            1462,
            2724
        ],
        "scores": [
            1.0,
            0.9771736264228821,
            0.9655084013938904,
            -0.9166040420532227,
            -0.8957764506340027
        ]
    },
    "1": {
        "top5_index": [
            1435,
            3049,
            1510,
            2992,
            910
        ],
        "scores": [
            1.0,
            -0.717555582523346,
            -0.6893444657325745,
            0.6776015162467957,
            0.6724331974983215
        ]
    },
    "2": {
        "top5_index": [
            1143,
            1972,
            285,
            1916,
            1927
        ],
        "scores": [
            1.0,
            -0.8063404560089111,
            -0.7869314551353455,
            0.7778946757316589,
            -0.7432536482810974
        ]
    },
    "3": {
        "top5_index": [
            1531,
            68,
            1451,
            2242,
            2565
        ],
        "scores": [
            -1.0,
            -0.9274835586547852,
            0.8640101552009583,
            0.8507448434829712,
            0.8125950694084167
        ]
    },
    "4": {
        "top5_index": [
            1030,
            2606,
            991,
            2422,
            1266
        ],
        "scores": [
            -1.0,
            -0.8930556774139404,
            -0.8786431550979614,
            0.8104398846626282,
            0.7974123954772949
        ]
    },
    "5": {
        "top5_index": [
            803,
            2386,
            269,
            1318,
            2432
        ],
        "scores": [
            -1.0,
            0.9499090313911438,
            -0.9082254767417908,
            -0.8448815941810608,
            0.8443092703819275
        ]
    },
    "6": {
        "top5_index": [
            684,
            2503,
            3009,
            1013,
            278
        ],
        "scores": [
            -1.0,
            -0.9448519945144653,
            0.9019321203231812,
            0.866105854511261,
            0.8284497261047363
        ]
    },
    "7": {
        "top5_index": [
            1339,
            1562,
            2547,
            238,
            2390
        ],
        "scores": [
            1.0,
            0.9086736440658569,
            0.8775444626808167,
            0.8766759634017944,
            0.8509716391563416
        ]
    },
    "8": {
        "top5_index": [
            1794,
            1015,
            1509,
            1493,
            1394
        ],
        "scores": [
            1.0,
            0.7762781381607056,
            -0.7351129651069641,
            0.6325773596763611,
            0.5852479934692383
        ]
    },
    "9": {
        "top5_index": [
            1043,
            2250,
            1197,
            1436,
            1857
        ],
        "scores": [
            -1.0,
            -0.8962512016296387,
            -0.856148362159729,
            -0.8256879448890686,
            -0.7766298651695251
        ]
    },
    "10": {
        "top5_index": [
            2761,
            2678,
            1148,
            2422,
            749
        ],
        "scores": [
            -1.0,
            -0.9317029714584351,
            -0.9013553261756897,
            0.8662824630737305,
            -0.8616609573364258
        ]
    },
    "11": {
        "top5_index": [
            2493,
            853,
            2807,
            1092,
            2123
        ],
        "scores": [
            -1.0,
            -0.6387248039245605,
            0.6370846629142761,
            -0.621898889541626,
            0.6117161512374878
        ]
    }
}