{
    "0": {
        "top5_index": [
            282,
            281,
            1,
            507,
            259
        ],
        "scores": [
            -1.0,
            0.9397661685943604,
            -0.8533849120140076,
            0.803135871887207,
            0.7790406942367554
        ]
    },
    "1": {
        "top5_index": [
            507,
            605,
            313,
            128,
            672
        ],
        "scores": [
            1.0,
            -0.8606146574020386,
            0.85686856508255,
            0.8536811470985413,
            0.8467042446136475
        ]
    },
    "2": {
        "top5_index": [
            507,
            356,
            51,
            563,
            100
        ],
        "scores": [
            1.0,
            -0.8590801954269409,
            -0.8411640524864197,
            0.7700746655464172,
            0.7566444277763367
        ]
    },
    "3": {
        "top5_index": [
            414,
            507,
            681,
            392,
            398
        ],
        "scores": [
            -1.0,
            0.988286554813385,
            0.9465755224227905,
            -0.8127755522727966,
            -0.7940693497657776
        ]
    },
    "4": {
        "top5_index": [
            51,
            507,
            605,
            449,
            248
        ],
        "scores": [
            -1.0,
            0.9431396126747131,
            -0.9182386994361877,
            0.9171923995018005,
            0.9075588583946228
        ]
    },
    "5": {
        "top5_index": [
            142,
            173,
            69,
            404,
            507
        ],
        "scores": [
            1.0,
            0.9982588291168213,
            -0.9201940894126892,
            0.8693050146102905,
            0.8656629323959351
        ]
    },
    "6": {
        "top5_index": [
            605,
            241,
            173,
            674,
            69
        ],
        "scores": [
            -1.0,
            -0.992127001285553,
            0.9741173386573792,
            0.9679861664772034,
            -0.9371936321258545
        ]
    },
    "7": {
        "top5_index": [
            605,
            69,
            674,
            294,
            173
        ],
        "scores": [
            -1.0,
            -0.856328010559082,
            0.816571056842804,
            0.7679863572120667,
            0.7555575966835022
        ]
    },
    "8": {
        "top5_index": [
            605,
            308,
            69,
            674,
            662
        ],
        "scores": [
            -1.0,
            -0.9768845438957214,
            -0.923381507396698,
            0.8428347110748291,
            0.8315435647964478
        ]
    },
    "9": {
        "top5_index": [
            319,
            605,
            663,
            124,
            241
        ],
        "scores": [
            1.0,
            -0.9617265462875366,
            -0.8724994659423828,
            0.8193642497062683,
            -0.819076418876648
        ]
    },
    "10": {
        "top5_index": [
            605,
            748,
            319,
            88,
            663
        ],
        "scores": [
            -1.0,
            0.8848692774772644,
            0.8813775181770325,
            -0.8792923092842102,
            -0.8294680118560791
        ]
    },
    "11": {
        "top5_index": [
            605,
            702,
            577,
            169,
            319
        ],
        "scores": [
            -1.0,
            0.9249410033226013,
            -0.8609997034072876,
            0.8334483504295349,
            0.821958601474762
        ]
    }
}