{
    "0": {
        "top5_index": [
            2115,
            2031,
            915,
            2581,
            2255
        ],
        "scores": [
            -1.0,
            -0.9969184994697571,
            -0.9665936231613159,
            -0.9382684826850891,
            -0.9227923154830933
        ]
    },
    "1": {
        "top5_index": [
            1793,
            1978,
            1196,
            1510,
            1466
        ],
        "scores": [
            -1.0,
            -0.9621275663375854,
            -0.9091807007789612,
            -0.8727224469184875,
            -0.8505125641822815
        ]
    },
    "2": {
        "top5_index": [
            891,
            159,
            2060,
            881,
            2776
        ],
        "scores": [
            -1.0,
            -0.7973649501800537,
            0.787547767162323,
            0.7818942070007324,
            0.7727365493774414
        ]
    },
    "3": {
        "top5_index": [
            2324,
            582,
            1699,
            3032,
            1817
        ],
        "scores": [
            -1.0,
            -0.998163640499115,
            0.9203391075134277,
            -0.805799663066864,
            -0.7693431973457336
        ]
    },
    "4": {
        "top5_index": [
            117,
            1877,
            2988,
            3054,
            785
        ],
        "scores": [
            -1.0,
            0.8540946841239929,
            -0.8088393211364746,
            -0.7406752109527588,
            -0.7364853024482727
        ]
    },
    "5": {
        "top5_index": [
            79,
            1350,
            1041,
            1909,
            2622
        ],
        "scores": [
            -1.0,
            -0.883786678314209,
            0.8753734230995178,
            0.8422849774360657,
            -0.8166548609733582
        ]
    },
    "6": {
        "top5_index": [
            684,
            1550,
            870,
            853,
            2044
        ],
        "scores": [
            1.0,
            0.631127655506134,
            0.5695832371711731,
            0.5421206951141357,
            0.5334408283233643
        ]
    },
    "7": {
        "top5_index": [
            164,
            687,
            2531,
            1952,
            1398
        ],
        "scores": [
            1.0,
            -0.8828474283218384,
            -0.8494991064071655,
            0.7937445044517517,
            -0.7811800241470337
        ]
    },
    "8": {
        "top5_index": [
            2833,
            1794,
            2122,
            670,
            93
        ],
        "scores": [
            -1.0,
            -0.8042981624603271,
            0.7584171295166016,
            -0.7212974429130554,
            -0.6546711921691895
        ]
    },
    "9": {
        "top5_index": [
            2805,
            1538,
            1808,
            82,
            1840
        ],
        "scores": [
            -1.0,
            -0.989288330078125,
            -0.8499038219451904,
            -0.7892367839813232,
            0.7734555006027222
        ]
    },
    "10": {
        "top5_index": [
            2761,
            2872,
            1148,
            2678,
            1041
        ],
        "scores": [
            1.0,
            0.882137656211853,
            0.8195359706878662,
            0.8107593655586243,
            0.7730454802513123
        ]
    },
    "11": {
        "top5_index": [
            2493,
            1225,
            1056,
            2123,
            3062
        ],
        "scores": [
            1.0,
            0.5929198265075684,
            0.5812897682189941,
            -0.5545716881752014,
            0.547311544418335
        ]
    }
}