{
    "0": {
        "top5_index": [
            2921,
            1893,
            395,
            168,
            394
        ],
        "scores": [
            1.0,
            -0.9985359907150269,
            0.9662635326385498,
            0.9409939646720886,
            0.9090121388435364
        ]
    },
    "1": {
        "top5_index": [
            1978,
            2992,
            705,
            7,
            489
        ],
        "scores": [
            1.0,
            0.8211513161659241,
            0.7809207439422607,
            0.6903361082077026,
            0.6509772539138794
        ]
    },
    "2": {
        "top5_index": [
            1168,
            1554,
            1144,
            1968,
            1972
        ],
        "scores": [
            1.0,
            -0.994503378868103,
            0.9025036096572876,
            0.8874308466911316,
            -0.8762732148170471
        ]
    },
    "3": {
        "top5_index": [
            2678,
            2057,
            2578,
            1442,
            2181
        ],
        "scores": [
            1.0,
            -0.984619677066803,
            -0.9486451148986816,
            0.94216388463974,
            0.9396612644195557
        ]
    },
    "4": {
        "top5_index": [
            207,
            240,
            1030,
            2606,
            2187
        ],
        "scores": [
            1.0,
            0.9927726984024048,
            -0.5723249912261963,
            -0.5535879731178284,
            -0.534443199634552
        ]
    },
    "5": {
        "top5_index": [
            2386,
            435,
            1318,
            1854,
            3065
        ],
        "scores": [
            1.0,
            0.9679664969444275,
            -0.9671294093132019,
            0.8975366353988647,
            0.8806182742118835
        ]
    },
    "6": {
        "top5_index": [
            684,
            1321,
            2503,
            1930,
            664
        ],
        "scores": [
            -1.0,
            0.8569542765617371,
            -0.7903273701667786,
            -0.6683504581451416,
            -0.6585668921470642
        ]
    },
    "7": {
        "top5_index": [
            2547,
            2390,
            1562,
            238,
            1142
        ],
        "scores": [
            1.0,
            0.8218414783477783,
            0.7839531898498535,
            0.6736669540405273,
            0.6406563520431519
        ]
    },
    "8": {
        "top5_index": [
            1794,
            1015,
            1509,
            1394,
            670
        ],
        "scores": [
            1.0,
            0.7860893607139587,
            -0.7496950626373291,
            0.717963457107544,
            0.6358441710472107
        ]
    },
    "9": {
        "top5_index": [
            1043,
            2628,
            107,
            2250,
            1436
        ],
        "scores": [
            -1.0,
            0.9294514060020447,
            0.796807050704956,
            -0.7957600355148315,
            -0.7616491913795471
        ]
    },
    "10": {
        "top5_index": [
            2761,
            1148,
            2422,
            749,
            2678
        ],
        "scores": [
            -1.0,
            -0.8845022916793823,
            0.851809024810791,
            -0.8474034667015076,
            -0.8451815843582153
        ]
    },
    "11": {
        "top5_index": [
            2493,
            853,
            2807,
            1092,
            2123
        ],
        "scores": [
            -1.0,
            -0.6387247443199158,
            0.6370847225189209,
            -0.6218988299369812,
            0.6117162108421326
        ]
    }
}