{
    "0": {
        "top5_index": [
            370,
            512,
            575,
            134,
            366
        ],
        "scores": [
            1.0,
            -0.9867219924926758,
            0.8328409790992737,
            0.8052477240562439,
            0.7971360683441162
        ]
    },
    "1": {
        "top5_index": [
            700,
            512,
            402,
            639,
            458
        ],
        "scores": [
            -1.0,
            -0.9168647527694702,
            -0.8149613738059998,
            -0.8121207356452942,
            0.7878016829490662
        ]
    },
    "2": {
        "top5_index": [
            370,
            452,
            8,
            512,
            64
        ],
        "scores": [
            1.0,
            0.9164556860923767,
            0.9125116467475891,
            -0.8950135111808777,
            -0.8735544681549072
        ]
    },
    "3": {
        "top5_index": [
            212,
            31,
            88,
            370,
            69
        ],
        "scores": [
            1.0,
            -0.9138442873954773,
            0.8313215970993042,
            0.8169286847114563,
            0.8077709674835205
        ]
    },
    "4": {
        "top5_index": [
            23,
            538,
            160,
            114,
            636
        ],
        "scores": [
            1.0,
            -0.9084277153015137,
            -0.9002624154090881,
            -0.8207247257232666,
            0.7996302843093872
        ]
    },
    "5": {
        "top5_index": [
            703,
            299,
            212,
            272,
            134
        ],
        "scores": [
            -1.0,
            -0.9591275453567505,
            0.9538041949272156,
            0.9482519030570984,
            0.9329519867897034
        ]
    },
    "6": {
        "top5_index": [
            23,
            764,
            691,
            88,
            272
        ],
        "scores": [
            1.0,
            -0.8898311257362366,
            -0.8531582951545715,
            0.8118137717247009,
            0.7371971011161804
        ]
    },
    "7": {
        "top5_index": [
            605,
            393,
            134,
            119,
            88
        ],
        "scores": [
            1.0,
            -0.9710049033164978,
            0.9674782156944275,
            0.8818696737289429,
            0.8707116842269897
        ]
    },
    "8": {
        "top5_index": [
            605,
            228,
            694,
            287,
            348
        ],
        "scores": [
            1.0,
            -0.9157513976097107,
            -0.8038221001625061,
            0.7849047183990479,
            0.7774189710617065
        ]
    },
    "9": {
        "top5_index": [
            287,
            88,
            605,
            663,
            393
        ],
        "scores": [
            1.0,
            0.8907734155654907,
            0.8234015107154846,
            0.7653838396072388,
            -0.7338232398033142
        ]
    },
    "10": {
        "top5_index": [
            605,
            88,
            247,
            313,
            554
        ],
        "scores": [
            1.0,
            0.9642524719238281,
            0.9098036885261536,
            -0.9029003381729126,
            -0.8967968821525574
        ]
    },
    "11": {
        "top5_index": [
            554,
            443,
            605,
            47,
            707
        ],
        "scores": [
            -1.0,
            -0.930433452129364,
            0.9148324131965637,
            0.9135872721672058,
            -0.9021061658859253
        ]
    }
}