{
    "0": {
        "top5_index": [
            1,
            366,
            210,
            130,
            236
        ],
        "scores": [
            -1.0,
            -0.8390184044837952,
            0.8116589784622192,
            -0.7607815265655518,
            -0.7338555455207825
        ]
    },
    "1": {
        "top5_index": [
            403,
            682,
            508,
            299,
            138
        ],
        "scores": [
            -1.0,
            0.9987125992774963,
            0.8195435404777527,
            -0.7964886426925659,
            -0.7895655035972595
        ]
    },
    "2": {
        "top5_index": [
            508,
            211,
            64,
            319,
            14
        ],
        "scores": [
            1.0,
            -0.737770676612854,
            -0.7275934815406799,
            -0.6619713306427002,
            -0.64725661277771
        ]
    },
    "3": {
        "top5_index": [
            508,
            211,
            97,
            64,
            242
        ],
        "scores": [
            1.0,
            -0.9324566125869751,
            -0.8995409607887268,
            -0.8777991533279419,
            0.8676455020904541
        ]
    },
    "4": {
        "top5_index": [
            508,
            97,
            119,
            534,
            158
        ],
        "scores": [
            1.0,
            -0.914199948310852,
            0.90000319480896,
            -0.8623120784759521,
            0.7929537296295166
        ]
    },
    "5": {
        "top5_index": [
            173,
            524,
            587,
            181,
            158
        ],
        "scores": [
            -1.0,
            0.9249796867370605,
            -0.8617700934410095,
            -0.8130428194999695,
            0.7994364500045776
        ]
    },
    "6": {
        "top5_index": [
            587,
            764,
            181,
            173,
            23
        ],
        "scores": [
            -1.0,
            -0.977052628993988,
            -0.9091079831123352,
            -0.8992597460746765,
            0.8779290318489075
        ]
    },
    "7": {
        "top5_index": [
            23,
            587,
            298,
            218,
            605
        ],
        "scores": [
            1.0,
            -0.9899004101753235,
            0.9446070194244385,
            0.9437346458435059,
            0.9351286292076111
        ]
    },
    "8": {
        "top5_index": [
            587,
            119,
            398,
            23,
            631
        ],
        "scores": [
            -1.0,
            0.9826900959014893,
            0.9411191344261169,
            0.9375106692314148,
            -0.9211134314537048
        ]
    },
    "9": {
        "top5_index": [
            663,
            298,
            313,
            88,
            232
        ],
        "scores": [
            1.0,
            0.9165115356445312,
            -0.9143354296684265,
            0.8613081574440002,
            0.8534697890281677
        ]
    },
    "10": {
        "top5_index": [
            88,
            119,
            313,
            605,
            247
        ],
        "scores": [
            1.0,
            0.9579080939292908,
            -0.9336948394775391,
            0.9303354024887085,
            0.9122362732887268
        ]
    },
    "11": {
        "top5_index": [
            554,
            443,
            605,
            47,
            707
        ],
        "scores": [
            -1.0,
            -0.9304335117340088,
            0.9148324131965637,
            0.9135873913764954,
            -0.9021062254905701
        ]
    }
}