{
    "0": {
        "top5_index": [
            1914,
            2976,
            395,
            1947,
            2581
        ],
        "scores": [
            -1.0,
            0.9650818705558777,
            -0.9307858347892761,
            -0.9269862771034241,
            -0.9246450662612915
        ]
    },
    "1": {
        "top5_index": [
            2596,
            1510,
            1967,
            1435,
            1909
        ],
        "scores": [
            -1.0,
            -0.953386127948761,
            0.9383446574211121,
            0.9118286371231079,
            -0.8893328905105591
        ]
    },
    "2": {
        "top5_index": [
            1927,
            1685,
            2037,
            1570,
            1144
        ],
        "scores": [
            -1.0,
            0.9641152024269104,
            0.9544928073883057,
            0.9502872228622437,
            0.9369556903839111
        ]
    },
    "3": {
        "top5_index": [
            68,
            1531,
            824,
            2660,
            1470
        ],
        "scores": [
            -1.0,
            -0.9755218029022217,
            -0.8466335535049438,
            -0.7598739266395569,
            -0.7334827184677124
        ]
    },
    "4": {
        "top5_index": [
            1574,
            2511,
            1417,
            645,
            991
        ],
        "scores": [
            1.0,
            0.8266440629959106,
            0.7790336012840271,
            0.7713645696640015,
            -0.7276728749275208
        ]
    },
    "5": {
        "top5_index": [
            803,
            951,
            2077,
            2166,
            2432
        ],
        "scores": [
            -1.0,
            0.9742560982704163,
            0.9339975118637085,
            0.833447277545929,
            0.778589129447937
        ]
    },
    "6": {
        "top5_index": [
            684,
            1321,
            278,
            2503,
            2418
        ],
        "scores": [
            -1.0,
            0.9734102487564087,
            0.9631489515304565,
            -0.9049980640411377,
            -0.8515281081199646
        ]
    },
    "7": {
        "top5_index": [
            2547,
            1562,
            1339,
            238,
            687
        ],
        "scores": [
            1.0,
            0.9550676345825195,
            0.8522291779518127,
            0.7240786552429199,
            0.6565243005752563
        ]
    },
    "8": {
        "top5_index": [
            1794,
            1015,
            1509,
            1272,
            936
        ],
        "scores": [
            1.0,
            0.8281918168067932,
            -0.7978522777557373,
            -0.6482096910476685,
            0.6069679260253906
        ]
    },
    "9": {
        "top5_index": [
            1043,
            1197,
            2250,
            1436,
            225
        ],
        "scores": [
            -1.0,
            -0.8576815724372864,
            -0.8242376446723938,
            -0.7965455055236816,
            -0.7520724534988403
        ]
    },
    "10": {
        "top5_index": [
            2761,
            2678,
            1148,
            303,
            2422
        ],
        "scores": [
            -1.0,
            -0.8495051860809326,
            -0.813345193862915,
            -0.7890932559967041,
            0.7738668918609619
        ]
    },
    "11": {
        "top5_index": [
            2493,
            853,
            2807,
            1092,
            2123
        ],
        "scores": [
            -1.0,
            -0.6387248039245605,
            0.6370846033096313,
            -0.6218987703323364,
            0.611716091632843
        ]
    }
}