{
    "0": {
        "top5_index": [
            2255,
            2912,
            2031,
            1638,
            1606
        ],
        "scores": [
            -1.0,
            0.865432620048523,
            -0.8536317944526672,
            -0.8271830081939697,
            -0.8232424855232239
        ]
    },
    "1": {
        "top5_index": [
            1978,
            489,
            1185,
            783,
            970
        ],
        "scores": [
            -1.0,
            -0.9191765785217285,
            0.7484732866287231,
            0.6430106163024902,
            -0.6187707185745239
        ]
    },
    "2": {
        "top5_index": [
            2273,
            1953,
            1280,
            2060,
            159
        ],
        "scores": [
            1.0,
            -0.9887765049934387,
            0.9761263728141785,
            0.9683115482330322,
            -0.8212494850158691
        ]
    },
    "3": {
        "top5_index": [
            1699,
            1115,
            2576,
            582,
            952
        ],
        "scores": [
            1.0,
            0.9033398628234863,
            0.8287936449050903,
            -0.8030099272727966,
            -0.7853062152862549
        ]
    },
    "4": {
        "top5_index": [
            207,
            240,
            1442,
            2508,
            1266
        ],
        "scores": [
            -1.0,
            -0.8200351595878601,
            0.6440052390098572,
            0.605576753616333,
            0.5950204730033875
        ]
    },
    "5": {
        "top5_index": [
            699,
            1440,
            2910,
            1292,
            2899
        ],
        "scores": [
            -1.0,
            -0.9966700673103333,
            -0.9280260801315308,
            0.9011383056640625,
            0.888003408908844
        ]
    },
    "6": {
        "top5_index": [
            684,
            1235,
            2503,
            853,
            1013
        ],
        "scores": [
            1.0,
            -0.6604874134063721,
            0.6589620113372803,
            0.6237894296646118,
            -0.6062946915626526
        ]
    },
    "7": {
        "top5_index": [
            2390,
            164,
            687,
            1069,
            2531
        ],
        "scores": [
            -1.0,
            0.9820838570594788,
            -0.8449975252151489,
            -0.8340631127357483,
            -0.8323488235473633
        ]
    },
    "8": {
        "top5_index": [
            2833,
            1794,
            936,
            670,
            822
        ],
        "scores": [
            -1.0,
            -0.9149547219276428,
            -0.8374802470207214,
            -0.7982340455055237,
            -0.7501609921455383
        ]
    },
    "9": {
        "top5_index": [
            2805,
            1808,
            2173,
            1043,
            737
        ],
        "scores": [
            -1.0,
            -0.9677777290344238,
            0.9202965497970581,
            0.8975088596343994,
            -0.8246955871582031
        ]
    },
    "10": {
        "top5_index": [
            2761,
            1148,
            2872,
            1041,
            749
        ],
        "scores": [
            1.0,
            0.8325403332710266,
            0.8087539076805115,
            0.7659628987312317,
            0.7417435050010681
        ]
    },
    "11": {
        "top5_index": [
            2493,
            1225,
            1056,
            2123,
            3062
        ],
        "scores": [
            1.0,
            0.5929201245307922,
            0.5812897086143494,
            -0.5545719265937805,
            0.5473113656044006
        ]
    }
}