{
    "0": {
        "top5_index": [
            281,
            51,
            508,
            205,
            364
        ],
        "scores": [
            1.0,
            -0.8930652737617493,
            -0.8082641363143921,
            0.7929607033729553,
            0.7653202414512634
        ]
    },
    "1": {
        "top5_index": [
            281,
            672,
            1,
            685,
            416
        ],
        "scores": [
            1.0,
            0.8999819159507751,
            -0.8897575736045837,
            0.8843504190444946,
            0.8298442363739014
        ]
    },
    "2": {
        "top5_index": [
            281,
            51,
            507,
            364,
            1
        ],
        "scores": [
            1.0,
            -0.8782956600189209,
            0.7912375330924988,
            0.7201313376426697,
            -0.6681899428367615
        ]
    },
    "3": {
        "top5_index": [
            681,
            281,
            51,
            19,
            188
        ],
        "scores": [
            1.0,
            0.926212728023529,
            -0.8256607055664062,
            -0.7865492105484009,
            0.7213491797447205
        ]
    },
    "4": {
        "top5_index": [
            281,
            643,
            681,
            157,
            51
        ],
        "scores": [
            1.0,
            -0.7737383246421814,
            0.7688385248184204,
            0.7622136473655701,
            -0.7305617928504944
        ]
    },
    "5": {
        "top5_index": [
            234,
            142,
            281,
            404,
            52
        ],
        "scores": [
            1.0,
            0.9146254062652588,
            0.8823434114456177,
            0.8217030167579651,
            0.7983747124671936
        ]
    },
    "6": {
        "top5_index": [
            142,
            234,
            605,
            643,
            663
        ],
        "scores": [
            1.0,
            0.9318804144859314,
            -0.8492390513420105,
            -0.8097972273826599,
            -0.7749091982841492
        ]
    },
    "7": {
        "top5_index": [
            605,
            142,
            393,
            97,
            308
        ],
        "scores": [
            -1.0,
            0.909311830997467,
            0.8547162413597107,
            0.8304128646850586,
            -0.796747088432312
        ]
    },
    "8": {
        "top5_index": [
            605,
            308,
            753,
            97,
            663
        ],
        "scores": [
            -1.0,
            -0.9797434210777283,
            -0.9430080056190491,
            0.9104045629501343,
            -0.9083300828933716
        ]
    },
    "9": {
        "top5_index": [
            663,
            605,
            124,
            134,
            238
        ],
        "scores": [
            -1.0,
            -0.9321726560592651,
            0.8549866080284119,
            -0.8437627553939819,
            0.8116219639778137
        ]
    },
    "10": {
        "top5_index": [
            605,
            663,
            748,
            319,
            88
        ],
        "scores": [
            -1.0,
            -0.8872601389884949,
            0.8705875873565674,
            0.83267742395401,
            -0.8296067714691162
        ]
    },
    "11": {
        "top5_index": [
            605,
            702,
            577,
            169,
            319
        ],
        "scores": [
            -1.0,
            0.9249410033226013,
            -0.8609997034072876,
            0.8334484100341797,
            0.821958601474762
        ]
    }
}