{
    "0": {
        "top5_index": [
            306,
            180,
            422,
            508,
            97
        ],
        "scores": [
            1.0,
            0.895684540271759,
            -0.8924731016159058,
            0.8807679414749146,
            -0.8682193160057068
        ]
    },
    "1": {
        "top5_index": [
            508,
            97,
            117,
            581,
            678
        ],
        "scores": [
            1.0,
            -0.9520005583763123,
            -0.9420846104621887,
            -0.8918910622596741,
            -0.8836503028869629
        ]
    },
    "2": {
        "top5_index": [
            513,
            508,
            13,
            97,
            448
        ],
        "scores": [
            1.0,
            0.9896165728569031,
            0.9340972304344177,
            -0.917327344417572,
            0.8720155358314514
        ]
    },
    "3": {
        "top5_index": [
            97,
            134,
            448,
            183,
            229
        ],
        "scores": [
            -1.0,
            0.9944294691085815,
            0.9310146570205688,
            -0.9091842174530029,
            -0.8912045955657959
        ]
    },
    "4": {
        "top5_index": [
            198,
            461,
            320,
            106,
            158
        ],
        "scores": [
            1.0,
            -0.9226517081260681,
            -0.9165720343589783,
            -0.8646564483642578,
            0.8390352129936218
        ]
    },
    "5": {
        "top5_index": [
            508,
            198,
            320,
            524,
            380
        ],
        "scores": [
            1.0,
            0.8711935877799988,
            -0.8417962193489075,
            0.8209182024002075,
            -0.8155426383018494
        ]
    },
    "6": {
        "top5_index": [
            508,
            764,
            283,
            90,
            461
        ],
        "scores": [
            1.0,
            -0.893032431602478,
            -0.8760574460029602,
            0.8233986496925354,
            -0.779375433921814
        ]
    },
    "7": {
        "top5_index": [
            283,
            292,
            539,
            134,
            135
        ],
        "scores": [
            -1.0,
            -0.9346559643745422,
            0.9161834120750427,
            0.9005032777786255,
            0.8970692157745361
        ]
    },
    "8": {
        "top5_index": [
            283,
            141,
            398,
            762,
            605
        ],
        "scores": [
            -1.0,
            -0.9576281905174255,
            0.9278455376625061,
            0.9210683703422546,
            0.910937488079071
        ]
    },
    "9": {
        "top5_index": [
            313,
            88,
            311,
            663,
            539
        ],
        "scores": [
            -1.0,
            0.9177902936935425,
            0.8821117281913757,
            0.8613736033439636,
            0.8564302921295166
        ]
    },
    "10": {
        "top5_index": [
            88,
            605,
            311,
            707,
            313
        ],
        "scores": [
            1.0,
            0.9470598101615906,
            0.9173092246055603,
            -0.8903870582580566,
            -0.8835838437080383
        ]
    },
    "11": {
        "top5_index": [
            554,
            443,
            605,
            47,
            707
        ],
        "scores": [
            -1.0,
            -0.9304335117340088,
            0.9148324728012085,
            0.9135873317718506,
            -0.9021062254905701
        ]
    }
}