{
    "0": {
        "top5_index": [
            630,
            2255,
            2577,
            2073,
            1606
        ],
        "scores": [
            1.0,
            0.8987577557563782,
            0.8751193881034851,
            0.8528886437416077,
            0.8432836532592773
        ]
    },
    "1": {
        "top5_index": [
            489,
            705,
            1978,
            1778,
            1041
        ],
        "scores": [
            1.0,
            0.9151918292045593,
            0.9093855619430542,
            -0.7618137001991272,
            0.7421811819076538
        ]
    },
    "2": {
        "top5_index": [
            2382,
            1674,
            921,
            1607,
            1783
        ],
        "scores": [
            -1.0,
            0.9935786724090576,
            0.9934000372886658,
            -0.9686278104782104,
            0.9684846997261047
        ]
    },
    "3": {
        "top5_index": [
            2181,
            2853,
            1762,
            3032,
            1115
        ],
        "scores": [
            1.0,
            -0.9729670882225037,
            0.9564868211746216,
            0.9496609568595886,
            -0.7524468898773193
        ]
    },
    "4": {
        "top5_index": [
            1967,
            240,
            207,
            2033,
            2361
        ],
        "scores": [
            1.0,
            0.9769682884216309,
            0.9168514013290405,
            -0.8827345967292786,
            -0.8057382702827454
        ]
    },
    "5": {
        "top5_index": [
            1487,
            1420,
            1257,
            496,
            2194
        ],
        "scores": [
            1.0,
            0.9686203002929688,
            0.9462489485740662,
            -0.9430353045463562,
            -0.9424352049827576
        ]
    },
    "6": {
        "top5_index": [
            684,
            1930,
            2896,
            73,
            2503
        ],
        "scores": [
            -1.0,
            -0.6093699932098389,
            -0.6032396554946899,
            -0.5278003811836243,
            -0.5232104659080505
        ]
    },
    "7": {
        "top5_index": [
            2390,
            2547,
            1339,
            2765,
            1562
        ],
        "scores": [
            1.0,
            0.7664198279380798,
            0.7275761365890503,
            -0.7118450403213501,
            0.6845171451568604
        ]
    },
    "8": {
        "top5_index": [
            1794,
            670,
            1493,
            936,
            1015
        ],
        "scores": [
            1.0,
            0.8342336416244507,
            0.6735213994979858,
            0.6414499878883362,
            0.5876564979553223
        ]
    },
    "9": {
        "top5_index": [
            1043,
            1436,
            1197,
            2250,
            2762
        ],
        "scores": [
            -1.0,
            -0.870266318321228,
            -0.8619090914726257,
            -0.7333031892776489,
            -0.7057753801345825
        ]
    },
    "10": {
        "top5_index": [
            1148,
            2761,
            2678,
            2422,
            303
        ],
        "scores": [
            -1.0,
            -0.9792519211769104,
            -0.8720976114273071,
            0.8310328125953674,
            -0.8152839541435242
        ]
    },
    "11": {
        "top5_index": [
            2493,
            853,
            2807,
            1092,
            2123
        ],
        "scores": [
            -1.0,
            -0.6387245059013367,
            0.6370844841003418,
            -0.6218988299369812,
            0.6117157340049744
        ]
    }
}