{
    "0": {
        "top5_index": [
            51,
            364,
            512,
            581,
            714
        ],
        "scores": [
            -1.0,
            0.9591487050056458,
            0.7378866076469421,
            0.6912679672241211,
            -0.643709123134613
        ]
    },
    "1": {
        "top5_index": [
            512,
            364,
            51,
            281,
            507
        ],
        "scores": [
            1.0,
            0.9283440709114075,
            -0.9208753108978271,
            0.9174988865852356,
            0.9125792980194092
        ]
    },
    "2": {
        "top5_index": [
            88,
            454,
            100,
            512,
            51
        ],
        "scores": [
            -1.0,
            0.9430882930755615,
            0.9244329929351807,
            0.8119156360626221,
            -0.8017552495002747
        ]
    },
    "3": {
        "top5_index": [
            100,
            311,
            128,
            581,
            716
        ],
        "scores": [
            1.0,
            -0.821984589099884,
            0.809500515460968,
            0.738348126411438,
            0.721524715423584
        ]
    },
    "4": {
        "top5_index": [
            100,
            88,
            663,
            581,
            701
        ],
        "scores": [
            1.0,
            -0.9587530493736267,
            -0.8303112983703613,
            0.8068282604217529,
            -0.8016461730003357
        ]
    },
    "5": {
        "top5_index": [
            311,
            228,
            693,
            100,
            435
        ],
        "scores": [
            -1.0,
            0.8370991349220276,
            0.7478405237197876,
            0.7461539506912231,
            0.740111768245697
        ]
    },
    "6": {
        "top5_index": [
            311,
            722,
            228,
            663,
            605
        ],
        "scores": [
            -1.0,
            -0.8957384824752808,
            0.8788817524909973,
            -0.8638595342636108,
            -0.8346594572067261
        ]
    },
    "7": {
        "top5_index": [
            605,
            134,
            663,
            311,
            228
        ],
        "scores": [
            -1.0,
            -0.910773515701294,
            -0.8948981761932373,
            -0.8738973140716553,
            0.8306845426559448
        ]
    },
    "8": {
        "top5_index": [
            605,
            298,
            663,
            4,
            404
        ],
        "scores": [
            -1.0,
            -0.9653285145759583,
            -0.9603177309036255,
            0.7984311580657959,
            0.7936698198318481
        ]
    },
    "9": {
        "top5_index": [
            663,
            88,
            287,
            225,
            4
        ],
        "scores": [
            -1.0,
            -0.9084222912788391,
            -0.7445935010910034,
            -0.7280274033546448,
            0.7103675603866577
        ]
    },
    "10": {
        "top5_index": [
            605,
            663,
            88,
            393,
            319
        ],
        "scores": [
            -1.0,
            -0.8827124238014221,
            -0.8481984734535217,
            0.8481881022453308,
            0.8242956399917603
        ]
    },
    "11": {
        "top5_index": [
            605,
            702,
            577,
            169,
            319
        ],
        "scores": [
            -1.0,
            0.9249411225318909,
            -0.8609997034072876,
            0.8334484696388245,
            0.8219587802886963
        ]
    }
}