{
    "0": {
        "top5_index": [
            1463,
            2073,
            630,
            1704,
            1520
        ],
        "scores": [
            -1.0,
            -0.8633578419685364,
            -0.8376109600067139,
            -0.8263152837753296,
            -0.7947345972061157
        ]
    },
    "1": {
        "top5_index": [
            2815,
            429,
            1930,
            2049,
            825
        ],
        "scores": [
            1.0,
            0.9262624979019165,
            -0.8395078778266907,
            0.836158275604248,
            -0.8107401728630066
        ]
    },
    "2": {
        "top5_index": [
            1777,
            1014,
            891,
            2772,
            2166
        ],
        "scores": [
            -1.0,
            -0.7231416702270508,
            -0.7103825807571411,
            -0.5555883049964905,
            -0.5478000044822693
        ]
    },
    "3": {
        "top5_index": [
            1784,
            1997,
            2433,
            2119,
            3032
        ],
        "scores": [
            1.0,
            0.9700623750686646,
            0.911094605922699,
            -0.9107698202133179,
            -0.851394772529602
        ]
    },
    "4": {
        "top5_index": [
            2033,
            533,
            2254,
            1452,
            1014
        ],
        "scores": [
            1.0,
            -0.8861454725265503,
            -0.7406149506568909,
            -0.7069169282913208,
            -0.6982858180999756
        ]
    },
    "5": {
        "top5_index": [
            533,
            1974,
            1041,
            225,
            528
        ],
        "scores": [
            1.0,
            -0.9364019632339478,
            0.9265193939208984,
            0.9231358170509338,
            -0.897305965423584
        ]
    },
    "6": {
        "top5_index": [
            684,
            2503,
            1235,
            764,
            1733
        ],
        "scores": [
            1.0,
            0.7745580673217773,
            -0.705666184425354,
            0.68883216381073,
            -0.6651697754859924
        ]
    },
    "7": {
        "top5_index": [
            115,
            1142,
            859,
            1427,
            687
        ],
        "scores": [
            1.0,
            -0.7753363847732544,
            -0.6266852617263794,
            -0.6175703406333923,
            -0.5839139223098755
        ]
    },
    "8": {
        "top5_index": [
            2833,
            1794,
            2973,
            1966,
            1885
        ],
        "scores": [
            -1.0,
            -0.96443110704422,
            0.7856736779212952,
            -0.7560045719146729,
            -0.7315059304237366
        ]
    },
    "9": {
        "top5_index": [
            904,
            2194,
            1267,
            47,
            2705
        ],
        "scores": [
            -1.0,
            -0.8619326949119568,
            -0.850909411907196,
            0.8345621824264526,
            0.8279671669006348
        ]
    },
    "10": {
        "top5_index": [
            2761,
            1148,
            2872,
            1041,
            100
        ],
        "scores": [
            1.0,
            0.9775638580322266,
            0.8011530041694641,
            0.7875640392303467,
            0.7510109543800354
        ]
    },
    "11": {
        "top5_index": [
            2493,
            1225,
            1056,
            2123,
            3062
        ],
        "scores": [
            1.0,
            0.5929200053215027,
            0.5812897682189941,
            -0.5545715689659119,
            0.5473112463951111
        ]
    }
}