{
    "0": {
        "top5_index": [
            554,
            281,
            51,
            531,
            512
        ],
        "scores": [
            -1.0,
            0.9703892469406128,
            0.9531885981559753,
            -0.8224835991859436,
            -0.7885753512382507
        ]
    },
    "1": {
        "top5_index": [
            51,
            211,
            554,
            476,
            581
        ],
        "scores": [
            1.0,
            -0.7383060455322266,
            -0.7115512490272522,
            0.6234713792800903,
            -0.6217883229255676
        ]
    },
    "2": {
        "top5_index": [
            554,
            51,
            508,
            211,
            138
        ],
        "scores": [
            -1.0,
            0.9150539040565491,
            0.8347007036209106,
            -0.776181161403656,
            -0.7545193433761597
        ]
    },
    "3": {
        "top5_index": [
            466,
            51,
            554,
            237,
            138
        ],
        "scores": [
            1.0,
            0.9208714365959167,
            -0.893146812915802,
            -0.8675538301467896,
            -0.8659915328025818
        ]
    },
    "4": {
        "top5_index": [
            173,
            88,
            111,
            51,
            495
        ],
        "scores": [
            -1.0,
            0.9359983205795288,
            -0.8927488923072815,
            0.8912020325660706,
            0.8757505416870117
        ]
    },
    "5": {
        "top5_index": [
            181,
            51,
            311,
            682,
            19
        ],
        "scores": [
            -1.0,
            0.901175856590271,
            0.8921138644218445,
            0.8810423016548157,
            0.7922032475471497
        ]
    },
    "6": {
        "top5_index": [
            51,
            256,
            181,
            508,
            19
        ],
        "scores": [
            1.0,
            -0.8967464566230774,
            -0.8893335461616516,
            0.8570284843444824,
            0.7880739569664001
        ]
    },
    "7": {
        "top5_index": [
            218,
            587,
            23,
            92,
            414
        ],
        "scores": [
            1.0,
            -0.9859959483146667,
            0.9855647087097168,
            -0.9846422076225281,
            0.975095272064209
        ]
    },
    "8": {
        "top5_index": [
            587,
            287,
            232,
            547,
            210
        ],
        "scores": [
            -1.0,
            0.93096923828125,
            0.9057349562644958,
            -0.8945885896682739,
            -0.8747625946998596
        ]
    },
    "9": {
        "top5_index": [
            287,
            663,
            298,
            605,
            88
        ],
        "scores": [
            1.0,
            0.9413449168205261,
            0.8967794179916382,
            0.8094138503074646,
            0.7606614232063293
        ]
    },
    "10": {
        "top5_index": [
            88,
            605,
            663,
            287,
            119
        ],
        "scores": [
            1.0,
            0.9560737609863281,
            0.9054630994796753,
            0.9019811749458313,
            0.8812578916549683
        ]
    },
    "11": {
        "top5_index": [
            554,
            443,
            605,
            47,
            707
        ],
        "scores": [
            -1.0,
            -0.9304335713386536,
            0.9148324131965637,
            0.9135873317718506,
            -0.9021062850952148
        ]
    }
}