{
    "0": {
        "top5_index": [
            291,
            1914,
            1463,
            1070,
            1167
        ],
        "scores": [
            1.0,
            -0.9875357151031494,
            0.9684751629829407,
            0.9377386569976807,
            0.9031930565834045
        ]
    },
    "1": {
        "top5_index": [
            1435,
            252,
            1475,
            2355,
            2151
        ],
        "scores": [
            1.0,
            0.8893073797225952,
            -0.7780433297157288,
            0.7614644169807434,
            -0.7216179966926575
        ]
    },
    "2": {
        "top5_index": [
            1144,
            2703,
            1927,
            1777,
            121
        ],
        "scores": [
            1.0,
            -0.9326586723327637,
            -0.9230675101280212,
            0.8857550024986267,
            -0.8277365565299988
        ]
    },
    "3": {
        "top5_index": [
            68,
            824,
            2899,
            1531,
            1773
        ],
        "scores": [
            -1.0,
            -0.9752680659294128,
            0.9361814856529236,
            -0.9173910021781921,
            0.8607122898101807
        ]
    },
    "4": {
        "top5_index": [
            2422,
            399,
            1014,
            820,
            1254
        ],
        "scores": [
            1.0,
            0.9681688547134399,
            0.9159577488899231,
            0.9106323719024658,
            0.8769346475601196
        ]
    },
    "5": {
        "top5_index": [
            803,
            269,
            1669,
            83,
            2194
        ],
        "scores": [
            -1.0,
            -0.7404254674911499,
            -0.7133505940437317,
            -0.6988606452941895,
            -0.6928884983062744
        ]
    },
    "6": {
        "top5_index": [
            684,
            664,
            1130,
            2503,
            1930
        ],
        "scores": [
            -1.0,
            -0.8396737575531006,
            -0.6880620718002319,
            -0.6364445686340332,
            -0.6281139850616455
        ]
    },
    "7": {
        "top5_index": [
            2547,
            1339,
            1562,
            2390,
            687
        ],
        "scores": [
            1.0,
            0.9704907536506653,
            0.9391417503356934,
            0.8435798287391663,
            0.6905120015144348
        ]
    },
    "8": {
        "top5_index": [
            1509,
            1794,
            936,
            1493,
            239
        ],
        "scores": [
            -1.0,
            0.9804821014404297,
            0.9050259590148926,
            0.7210955023765564,
            -0.7129532098770142
        ]
    },
    "9": {
        "top5_index": [
            1043,
            1144,
            2233,
            324,
            1938
        ],
        "scores": [
            -1.0,
            -0.8283969759941101,
            -0.7856387495994568,
            -0.7620398998260498,
            -0.7571684122085571
        ]
    },
    "10": {
        "top5_index": [
            2761,
            2678,
            2422,
            749,
            303
        ],
        "scores": [
            -1.0,
            -0.8570269346237183,
            0.7942447066307068,
            -0.790363609790802,
            -0.7824844121932983
        ]
    },
    "11": {
        "top5_index": [
            2493,
            853,
            2807,
            1092,
            2123
        ],
        "scores": [
            -1.0,
            -0.638724684715271,
            0.6370843648910522,
            -0.621898889541626,
            0.6117159128189087
        ]
    }
}