{
    "female10": 0.9998055100440979,
    "female1": 0.9974613189697266,
    "female2": 0.9996127486228943,
    "female3": 0.9829355478286743,
    "female4": 0.9873533248901367,
    "female5": 0.9985756874084473,
    "female6": 0.9935914874076843,
    "female7": 0.9954630732536316,
    "female8": 0.996484637260437,
    "female9": 0.996647298336029,
    "girl10": 0.9631119966506958,
    "girl1": 0.9500678777694702,
    "girl2": 0.9985184073448181,
    "girl3": 0.9912653565406799,
    "girl4": 0.9763962626457214,
    "girl5": 0.9764894843101501,
    "girl6": 0.9878296852111816,
    "girl7": 0.9541098475456238,
    "girl8": 0.9993878602981567,
    "girl9": 0.9681990146636963,
    "grandma10": 0.7513941526412964,
    "grandma1": 0.9994195699691772,
    "grandma2": 0.9680982232093811,
    "grandma3": 0.9967828989028931,
    "grandma4": 0.9929026961326599,
    "grandma5": 0.9902798533439636,
    "grandma6": 0.9586876630783081,
    "grandma7": 0.8665832281112671,
    "grandma8": 0.9978957176208496,
    "grandma9": 0.9989535808563232,
    "woman10": 0.9995434880256653,
    "woman1": 0.9714850187301636,
    "woman2": 0.9944058656692505,
    "woman3": 0.9971004128456116,
    "woman4": 0.9983166456222534,
    "woman5": 0.9999489784240723,
    "woman6": 0.9996507167816162,
    "woman7": 0.41870078444480896,
    "woman8": 0.9993927478790283,
    "woman9": 0.9992129802703857
}