{
    "0": {
        "top5_index": [
            299,
            700,
            1,
            719,
            449
        ],
        "scores": [
            -1.0,
            -0.9180665612220764,
            -0.9020944237709045,
            -0.8734880089759827,
            -0.8281406760215759
        ]
    },
    "1": {
        "top5_index": [
            532,
            282,
            700,
            682,
            643
        ],
        "scores": [
            -1.0,
            0.9550533294677734,
            -0.8765538930892944,
            0.8448218107223511,
            -0.8251214623451233
        ]
    },
    "2": {
        "top5_index": [
            282,
            508,
            532,
            525,
            211
        ],
        "scores": [
            1.0,
            0.939085066318512,
            -0.9309940338134766,
            0.8494831323623657,
            -0.8283838033676147
        ]
    },
    "3": {
        "top5_index": [
            181,
            532,
            508,
            211,
            282
        ],
        "scores": [
            -1.0,
            -0.9147129058837891,
            0.8694209456443787,
            -0.8194708824157715,
            0.8066800236701965
        ]
    },
    "4": {
        "top5_index": [
            532,
            265,
            326,
            508,
            181
        ],
        "scores": [
            -1.0,
            0.8762779235839844,
            -0.8094103336334229,
            0.8028775453567505,
            -0.7938854694366455
        ]
    },
    "5": {
        "top5_index": [
            181,
            173,
            532,
            527,
            212
        ],
        "scores": [
            -1.0,
            -0.9623842239379883,
            -0.87483811378479,
            -0.8700336217880249,
            0.8591299057006836
        ]
    },
    "6": {
        "top5_index": [
            181,
            173,
            764,
            587,
            23
        ],
        "scores": [
            -1.0,
            -0.9609943628311157,
            -0.9383803606033325,
            -0.9356382489204407,
            0.8757107257843018
        ]
    },
    "7": {
        "top5_index": [
            173,
            605,
            587,
            286,
            23
        ],
        "scores": [
            -1.0,
            0.9608916640281677,
            -0.9486050009727478,
            -0.9371460676193237,
            0.8778799772262573
        ]
    },
    "8": {
        "top5_index": [
            701,
            605,
            232,
            181,
            587
        ],
        "scores": [
            -1.0,
            0.9625301957130432,
            0.9136735796928406,
            -0.9071255326271057,
            -0.9016903638839722
        ]
    },
    "9": {
        "top5_index": [
            663,
            232,
            313,
            298,
            47
        ],
        "scores": [
            1.0,
            0.9514870643615723,
            -0.9317185878753662,
            0.9240698218345642,
            0.9025417566299438
        ]
    },
    "10": {
        "top5_index": [
            88,
            605,
            313,
            119,
            47
        ],
        "scores": [
            1.0,
            0.9536221027374268,
            -0.8986554741859436,
            0.8956664800643921,
            0.8942843079566956
        ]
    },
    "11": {
        "top5_index": [
            554,
            443,
            605,
            47,
            707
        ],
        "scores": [
            -1.0,
            -0.9304335117340088,
            0.914832353591919,
            0.9135872721672058,
            -0.9021062254905701
        ]
    }
}