{
    "0": {
        "top5_index": [
            1720,
            109,
            3023,
            318,
            95
        ],
        "scores": [
            -1.0,
            -0.963006317615509,
            -0.8726877570152283,
            -0.8669217228889465,
            0.856326699256897
        ]
    },
    "1": {
        "top5_index": [
            1978,
            1435,
            3049,
            1956,
            910
        ],
        "scores": [
            1.0,
            0.8806080222129822,
            -0.8031464219093323,
            -0.7118008136749268,
            0.7003201842308044
        ]
    },
    "2": {
        "top5_index": [
            1084,
            1685,
            1143,
            1916,
            2768
        ],
        "scores": [
            1.0,
            0.9141189455986023,
            0.9128906726837158,
            0.8877871036529541,
            0.8826987147331238
        ]
    },
    "3": {
        "top5_index": [
            1699,
            2181,
            68,
            1758,
            766
        ],
        "scores": [
            -1.0,
            0.728557825088501,
            -0.694530725479126,
            0.6488997936248779,
            0.636647641658783
        ]
    },
    "4": {
        "top5_index": [
            1030,
            2606,
            538,
            1578,
            399
        ],
        "scores": [
            -1.0,
            -0.9589765071868896,
            0.9241085648536682,
            0.9073147177696228,
            0.8628285527229309
        ]
    },
    "5": {
        "top5_index": [
            803,
            2194,
            1932,
            1854,
            1687
        ],
        "scores": [
            -1.0,
            -0.7938361167907715,
            0.7543987035751343,
            0.7474411129951477,
            0.7451408505439758
        ]
    },
    "6": {
        "top5_index": [
            684,
            260,
            278,
            1069,
            664
        ],
        "scores": [
            -1.0,
            -0.7714338898658752,
            0.749289333820343,
            -0.6993657350540161,
            -0.6863754987716675
        ]
    },
    "7": {
        "top5_index": [
            2547,
            1339,
            1562,
            3071,
            238
        ],
        "scores": [
            1.0,
            0.9500365257263184,
            0.9238739013671875,
            0.7285208702087402,
            0.6834410429000854
        ]
    },
    "8": {
        "top5_index": [
            1794,
            1509,
            1015,
            1272,
            1429
        ],
        "scores": [
            1.0,
            -0.9311913847923279,
            0.8684174418449402,
            -0.7193365693092346,
            0.6636508107185364
        ]
    },
    "9": {
        "top5_index": [
            1043,
            2250,
            1197,
            2805,
            1529
        ],
        "scores": [
            -1.0,
            -0.8598436713218689,
            -0.8406314849853516,
            0.8076835870742798,
            -0.8043166995048523
        ]
    },
    "10": {
        "top5_index": [
            2761,
            2678,
            1148,
            2422,
            749
        ],
        "scores": [
            -1.0,
            -0.9606236815452576,
            -0.9530680775642395,
            0.8730319142341614,
            -0.8135388493537903
        ]
    },
    "11": {
        "top5_index": [
            2493,
            853,
            2807,
            1092,
            2123
        ],
        "scores": [
            -1.0,
            -0.6387248635292053,
            0.6370846629142761,
            -0.6218989491462708,
            0.6117160320281982
        ]
    }
}