{
    "0": {
        "top5_index": [
            1463,
            1704,
            915,
            612,
            516
        ],
        "scores": [
            1.0,
            0.9886021018028259,
            -0.7656685709953308,
            0.7580443620681763,
            0.7066391706466675
        ]
    },
    "1": {
        "top5_index": [
            2054,
            1435,
            2596,
            364,
            2594
        ],
        "scores": [
            1.0,
            0.9838237762451172,
            -0.8924396634101868,
            -0.8858924508094788,
            0.8657148480415344
        ]
    },
    "2": {
        "top5_index": [
            285,
            1144,
            2200,
            1116,
            2316
        ],
        "scores": [
            -1.0,
            0.9905865788459778,
            -0.9848257899284363,
            0.9384123682975769,
            -0.894538164138794
        ]
    },
    "3": {
        "top5_index": [
            1758,
            2713,
            824,
            2522,
            1091
        ],
        "scores": [
            1.0,
            0.9936257600784302,
            -0.9303433895111084,
            0.8309619426727295,
            0.8273935317993164
        ]
    },
    "4": {
        "top5_index": [
            2916,
            2422,
            1014,
            2511,
            769
        ],
        "scores": [
            -1.0,
            0.9890246391296387,
            0.9599898457527161,
            0.9202039837837219,
            0.9117327928543091
        ]
    },
    "5": {
        "top5_index": [
            803,
            1774,
            2884,
            435,
            2948
        ],
        "scores": [
            -1.0,
            -0.7884933352470398,
            -0.7697135806083679,
            0.7313092350959778,
            0.7262320518493652
        ]
    },
    "6": {
        "top5_index": [
            684,
            1930,
            2719,
            2445,
            1615
        ],
        "scores": [
            -1.0,
            -0.791425347328186,
            0.7781341671943665,
            0.7765933275222778,
            -0.7751609086990356
        ]
    },
    "7": {
        "top5_index": [
            3071,
            1339,
            1562,
            2390,
            1175
        ],
        "scores": [
            1.0,
            0.9645169973373413,
            0.8007931709289551,
            0.7311205267906189,
            0.5691258311271667
        ]
    },
    "8": {
        "top5_index": [
            1015,
            1509,
            1794,
            654,
            886
        ],
        "scores": [
            1.0,
            -0.9320405125617981,
            0.8224132061004639,
            -0.8011447191238403,
            -0.7279497385025024
        ]
    },
    "9": {
        "top5_index": [
            2233,
            3004,
            1529,
            2250,
            2173
        ],
        "scores": [
            -1.0,
            -0.9015629887580872,
            -0.8414037227630615,
            -0.8212058544158936,
            -0.806977391242981
        ]
    },
    "10": {
        "top5_index": [
            749,
            2422,
            126,
            2678,
            303
        ],
        "scores": [
            -1.0,
            0.9975658655166626,
            0.988718569278717,
            -0.9813604950904846,
            -0.9294675588607788
        ]
    },
    "11": {
        "top5_index": [
            2493,
            853,
            2807,
            1092,
            2123
        ],
        "scores": [
            -1.0,
            -0.6387249231338501,
            0.6370846629142761,
            -0.6218990087509155,
            0.611716091632843
        ]
    }
}