{
    "0": {
        "top5_index": [
            364,
            51,
            554,
            225,
            512
        ],
        "scores": [
            -1.0,
            0.8144015669822693,
            -0.7871174812316895,
            0.763807475566864,
            -0.7231696844100952
        ]
    },
    "1": {
        "top5_index": [
            51,
            326,
            581,
            94,
            364
        ],
        "scores": [
            1.0,
            0.9137479662895203,
            -0.898479163646698,
            -0.8857961893081665,
            -0.8360105752944946
        ]
    },
    "2": {
        "top5_index": [
            42,
            364,
            705,
            508,
            223
        ],
        "scores": [
            -1.0,
            -0.8827922344207764,
            -0.8804096579551697,
            0.8760618567466736,
            -0.8224685192108154
        ]
    },
    "3": {
        "top5_index": [
            681,
            265,
            42,
            311,
            598
        ],
        "scores": [
            -1.0,
            0.9693332314491272,
            -0.9666414260864258,
            0.9494438171386719,
            -0.9107176065444946
        ]
    },
    "4": {
        "top5_index": [
            158,
            311,
            598,
            102,
            707
        ],
        "scores": [
            1.0,
            0.8655862808227539,
            -0.8221355080604553,
            0.7773532867431641,
            -0.7555187344551086
        ]
    },
    "5": {
        "top5_index": [
            158,
            311,
            587,
            488,
            196
        ],
        "scores": [
            1.0,
            0.8727133274078369,
            -0.8716400861740112,
            0.8061355352401733,
            0.7998688817024231
        ]
    },
    "6": {
        "top5_index": [
            69,
            314,
            287,
            311,
            51
        ],
        "scores": [
            1.0,
            -0.8737956881523132,
            0.8671958446502686,
            0.8162673711776733,
            0.7516882419586182
        ]
    },
    "7": {
        "top5_index": [
            287,
            707,
            196,
            69,
            311
        ],
        "scores": [
            1.0,
            -0.9509398341178894,
            0.8964751362800598,
            0.8780243992805481,
            0.8643519282341003
        ]
    },
    "8": {
        "top5_index": [
            287,
            115,
            398,
            311,
            45
        ],
        "scores": [
            1.0,
            -0.8350340723991394,
            0.8133285641670227,
            0.8040012121200562,
            -0.7988542318344116
        ]
    },
    "9": {
        "top5_index": [
            287,
            88,
            196,
            554,
            753
        ],
        "scores": [
            1.0,
            0.9064762592315674,
            0.8738855719566345,
            -0.8671892881393433,
            0.8426572680473328
        ]
    },
    "10": {
        "top5_index": [
            88,
            119,
            605,
            707,
            311
        ],
        "scores": [
            1.0,
            0.948126494884491,
            0.9143516421318054,
            -0.8619394898414612,
            0.8334632515907288
        ]
    },
    "11": {
        "top5_index": [
            554,
            443,
            605,
            47,
            707
        ],
        "scores": [
            -1.0,
            -0.9304335117340088,
            0.9148325324058533,
            0.9135873913764954,
            -0.9021062254905701
        ]
    }
}