{
    "0": {
        "top5_index": [
            51,
            512,
            554,
            547,
            259
        ],
        "scores": [
            1.0,
            -0.8013438582420349,
            -0.7661157250404358,
            -0.7424257397651672,
            0.6548195481300354
        ]
    },
    "1": {
        "top5_index": [
            51,
            512,
            554,
            38,
            517
        ],
        "scores": [
            1.0,
            -0.7256132960319519,
            -0.7187331914901733,
            -0.67814701795578,
            -0.6756513714790344
        ]
    },
    "2": {
        "top5_index": [
            512,
            280,
            554,
            88,
            51
        ],
        "scores": [
            -1.0,
            0.9841282963752747,
            -0.975016176700592,
            0.9395374059677124,
            0.9203017950057983
        ]
    },
    "3": {
        "top5_index": [
            19,
            242,
            111,
            466,
            97
        ],
        "scores": [
            1.0,
            0.9471909403800964,
            -0.9350544810295105,
            0.9108565449714661,
            -0.8953778147697449
        ]
    },
    "4": {
        "top5_index": [
            198,
            111,
            88,
            410,
            608
        ],
        "scores": [
            1.0,
            -0.8972177505493164,
            0.8852477669715881,
            -0.8824912905693054,
            -0.8606851696968079
        ]
    },
    "5": {
        "top5_index": [
            181,
            68,
            158,
            196,
            311
        ],
        "scores": [
            -1.0,
            0.9759702086448669,
            0.9748864769935608,
            0.9261384010314941,
            0.9234529733657837
        ]
    },
    "6": {
        "top5_index": [
            508,
            147,
            51,
            667,
            181
        ],
        "scores": [
            1.0,
            -0.8857168555259705,
            0.8842247128486633,
            -0.8785303235054016,
            -0.82815021276474
        ]
    },
    "7": {
        "top5_index": [
            587,
            92,
            667,
            311,
            508
        ],
        "scores": [
            -1.0,
            -0.9674933552742004,
            -0.9474775791168213,
            0.9413967132568359,
            0.9351643323898315
        ]
    },
    "8": {
        "top5_index": [
            663,
            287,
            635,
            587,
            547
        ],
        "scores": [
            1.0,
            0.9878573417663574,
            0.9820652604103088,
            -0.9773710370063782,
            -0.9221484065055847
        ]
    },
    "9": {
        "top5_index": [
            663,
            287,
            88,
            554,
            313
        ],
        "scores": [
            1.0,
            0.8544119000434875,
            0.7555570006370544,
            -0.7282792329788208,
            -0.6950455904006958
        ]
    },
    "10": {
        "top5_index": [
            663,
            88,
            605,
            287,
            119
        ],
        "scores": [
            1.0,
            0.9560267329216003,
            0.941123366355896,
            0.8865861892700195,
            0.842842698097229
        ]
    },
    "11": {
        "top5_index": [
            554,
            443,
            605,
            47,
            707
        ],
        "scores": [
            -1.0,
            -0.9304335117340088,
            0.9148324131965637,
            0.9135873317718506,
            -0.9021062254905701
        ]
    }
}