{
    "0": {
        "top5_index": [
            915,
            2401,
            1914,
            1463,
            2097
        ],
        "scores": [
            -1.0,
            0.9247064590454102,
            -0.8624452352523804,
            0.8514074683189392,
            0.8098878860473633
        ]
    },
    "1": {
        "top5_index": [
            1090,
            3049,
            2200,
            379,
            378
        ],
        "scores": [
            -1.0,
            -0.9183467626571655,
            0.8418205976486206,
            -0.8303626179695129,
            -0.7371795177459717
        ]
    },
    "2": {
        "top5_index": [
            2703,
            1777,
            2281,
            469,
            1262
        ],
        "scores": [
            -1.0,
            0.8508663773536682,
            0.8230763077735901,
            0.7804573774337769,
            0.7666571140289307
        ]
    },
    "3": {
        "top5_index": [
            68,
            1531,
            824,
            2660,
            1470
        ],
        "scores": [
            -1.0,
            -0.9124262928962708,
            -0.890357255935669,
            -0.7008740901947021,
            -0.6939120292663574
        ]
    },
    "4": {
        "top5_index": [
            1030,
            2606,
            2422,
            820,
            1698
        ],
        "scores": [
            -1.0,
            -0.8283870816230774,
            0.7979366183280945,
            0.7171937823295593,
            -0.6994948387145996
        ]
    },
    "5": {
        "top5_index": [
            803,
            435,
            2548,
            74,
            2117
        ],
        "scores": [
            -1.0,
            0.7619286179542542,
            -0.7338764667510986,
            -0.7084208130836487,
            0.7047907114028931
        ]
    },
    "6": {
        "top5_index": [
            684,
            1615,
            664,
            1930,
            1443
        ],
        "scores": [
            -1.0,
            -0.8313572406768799,
            -0.6694777607917786,
            -0.638525664806366,
            0.6341302990913391
        ]
    },
    "7": {
        "top5_index": [
            1562,
            1339,
            2547,
            2390,
            687
        ],
        "scores": [
            1.0,
            0.9409531950950623,
            0.9261963367462158,
            0.801851212978363,
            0.6846590042114258
        ]
    },
    "8": {
        "top5_index": [
            1509,
            1794,
            936,
            1493,
            670
        ],
        "scores": [
            -1.0,
            0.9804659485816956,
            0.8262891173362732,
            0.652421772480011,
            0.6517923474311829
        ]
    },
    "9": {
        "top5_index": [
            1043,
            1197,
            2250,
            1436,
            2762
        ],
        "scores": [
            -1.0,
            -0.782821536064148,
            -0.7552623748779297,
            -0.746309757232666,
            -0.7042124271392822
        ]
    },
    "10": {
        "top5_index": [
            2761,
            2678,
            1148,
            303,
            749
        ],
        "scores": [
            -1.0,
            -0.9610435962677002,
            -0.9602583646774292,
            -0.8936052918434143,
            -0.8525255918502808
        ]
    },
    "11": {
        "top5_index": [
            2493,
            853,
            2807,
            1092,
            2123
        ],
        "scores": [
            -1.0,
            -0.638724684715271,
            0.6370843648910522,
            -0.6218987703323364,
            0.6117159128189087
        ]
    }
}