{
    "0": {
        "top5_index": [
            2976,
            172,
            248,
            2167,
            2822
        ],
        "scores": [
            1.0,
            0.9187583923339844,
            0.9167646765708923,
            0.8746321201324463,
            0.6658102869987488
        ]
    },
    "1": {
        "top5_index": [
            1510,
            2563,
            1090,
            1967,
            588
        ],
        "scores": [
            -1.0,
            -0.8850940465927124,
            -0.8057647943496704,
            0.7878056764602661,
            -0.7539850473403931
        ]
    },
    "2": {
        "top5_index": [
            1281,
            125,
            1144,
            2619,
            1710
        ],
        "scores": [
            1.0,
            0.6431372761726379,
            0.5877307653427124,
            0.5592691898345947,
            0.5570559501647949
        ]
    },
    "3": {
        "top5_index": [
            1531,
            68,
            824,
            1470,
            2660
        ],
        "scores": [
            -1.0,
            -0.9788554906845093,
            -0.9142004251480103,
            -0.8351766467094421,
            -0.8126087188720703
        ]
    },
    "4": {
        "top5_index": [
            2511,
            533,
            2220,
            2491,
            2410
        ],
        "scores": [
            1.0,
            0.8993876576423645,
            0.7944760918617249,
            0.7537296414375305,
            0.7180119156837463
        ]
    },
    "5": {
        "top5_index": [
            803,
            1594,
            2640,
            376,
            2548
        ],
        "scores": [
            -1.0,
            -0.8111631274223328,
            0.7917773723602295,
            -0.7858162522315979,
            -0.7716057896614075
        ]
    },
    "6": {
        "top5_index": [
            1321,
            2462,
            2503,
            3017,
            449
        ],
        "scores": [
            1.0,
            -0.8652929067611694,
            -0.8452377915382385,
            -0.7899478077888489,
            0.7062310576438904
        ]
    },
    "7": {
        "top5_index": [
            1562,
            238,
            2547,
            2093,
            1339
        ],
        "scores": [
            1.0,
            0.9592232704162598,
            0.8870252370834351,
            0.7310752272605896,
            0.7256157994270325
        ]
    },
    "8": {
        "top5_index": [
            1509,
            1843,
            1794,
            1015,
            1033
        ],
        "scores": [
            -1.0,
            -0.9369232654571533,
            0.9126923680305481,
            0.8781573176383972,
            0.8303778767585754
        ]
    },
    "9": {
        "top5_index": [
            1857,
            1043,
            2762,
            1197,
            2250
        ],
        "scores": [
            -1.0,
            -0.9829192757606506,
            -0.9301717877388,
            -0.8758178353309631,
            -0.8625857830047607
        ]
    },
    "10": {
        "top5_index": [
            2761,
            1148,
            957,
            2678,
            2422
        ],
        "scores": [
            -1.0,
            -0.8873778581619263,
            0.8497704863548279,
            -0.8191063404083252,
            0.8106219172477722
        ]
    },
    "11": {
        "top5_index": [
            2493,
            853,
            2807,
            1092,
            2123
        ],
        "scores": [
            -1.0,
            -0.6387246251106262,
            0.6370847821235657,
            -0.621898889541626,
            0.6117159724235535
        ]
    }
}