{
    "0": {
        "top5_index": [
            1,
            366,
            360,
            80,
            547
        ],
        "scores": [
            -1.0,
            -0.9167753458023071,
            -0.8286151885986328,
            -0.7772154211997986,
            -0.7669117450714111
        ]
    },
    "1": {
        "top5_index": [
            336,
            616,
            310,
            682,
            403
        ],
        "scores": [
            -1.0,
            0.8237033486366272,
            -0.8154187202453613,
            0.7638504505157471,
            -0.7248315215110779
        ]
    },
    "2": {
        "top5_index": [
            64,
            508,
            14,
            678,
            676
        ],
        "scores": [
            -1.0,
            0.8642239570617676,
            -0.7383174896240234,
            0.720100998878479,
            0.693789005279541
        ]
    },
    "3": {
        "top5_index": [
            311,
            64,
            391,
            508,
            681
        ],
        "scores": [
            1.0,
            -0.9045300483703613,
            0.7969164252281189,
            0.7802396416664124,
            -0.7737417817115784
        ]
    },
    "4": {
        "top5_index": [
            311,
            610,
            483,
            764,
            669
        ],
        "scores": [
            1.0,
            0.8458725810050964,
            -0.8296917080879211,
            -0.8208492398262024,
            0.8030236959457397
        ]
    },
    "5": {
        "top5_index": [
            173,
            181,
            19,
            610,
            419
        ],
        "scores": [
            -1.0,
            -0.9129255414009094,
            0.8881378173828125,
            0.8334816694259644,
            -0.8281787037849426
        ]
    },
    "6": {
        "top5_index": [
            19,
            181,
            173,
            764,
            547
        ],
        "scores": [
            1.0,
            -0.9424927234649658,
            -0.9191281795501709,
            -0.8586683869361877,
            -0.8108153939247131
        ]
    },
    "7": {
        "top5_index": [
            19,
            605,
            69,
            580,
            419
        ],
        "scores": [
            1.0,
            0.8687880039215088,
            0.8430280089378357,
            -0.8401285409927368,
            -0.8311495184898376
        ]
    },
    "8": {
        "top5_index": [
            287,
            311,
            605,
            228,
            435
        ],
        "scores": [
            1.0,
            0.9834112524986267,
            0.9686866402626038,
            -0.9230684041976929,
            -0.9195365309715271
        ]
    },
    "9": {
        "top5_index": [
            287,
            88,
            663,
            605,
            393
        ],
        "scores": [
            1.0,
            0.9243068695068359,
            0.8376164436340332,
            0.8332293033599854,
            -0.8230106830596924
        ]
    },
    "10": {
        "top5_index": [
            88,
            605,
            119,
            311,
            287
        ],
        "scores": [
            1.0,
            0.9958504438400269,
            0.9222912788391113,
            0.8731736540794373,
            0.8505708575248718
        ]
    },
    "11": {
        "top5_index": [
            554,
            443,
            605,
            47,
            707
        ],
        "scores": [
            -1.0,
            -0.9304335117340088,
            0.9148322939872742,
            0.9135873317718506,
            -0.9021062254905701
        ]
    }
}