{
    "0": {
        "top5_index": [
            236,
            653,
            151,
            366,
            533
        ],
        "scores": [
            -1.0,
            0.8728371262550354,
            -0.817152202129364,
            -0.6626729965209961,
            -0.6504783630371094
        ]
    },
    "1": {
        "top5_index": [
            605,
            366,
            447,
            682,
            72
        ],
        "scores": [
            -1.0,
            -0.9873715043067932,
            -0.9046712517738342,
            0.8419387936592102,
            0.7311066389083862
        ]
    },
    "2": {
        "top5_index": [
            489,
            507,
            101,
            97,
            128
        ],
        "scores": [
            1.0,
            0.9959084987640381,
            0.9652470946311951,
            0.9341533184051514,
            0.917920708656311
        ]
    },
    "3": {
        "top5_index": [
            414,
            183,
            393,
            236,
            507
        ],
        "scores": [
            -1.0,
            0.9477224946022034,
            0.8986110687255859,
            -0.8977713584899902,
            0.8531885743141174
        ]
    },
    "4": {
        "top5_index": [
            100,
            190,
            357,
            507,
            663
        ],
        "scores": [
            1.0,
            0.7850979566574097,
            0.7771504521369934,
            0.7298373579978943,
            -0.7246599197387695
        ]
    },
    "5": {
        "top5_index": [
            190,
            100,
            414,
            605,
            537
        ],
        "scores": [
            1.0,
            0.9495986104011536,
            -0.8607335090637207,
            -0.8589755296707153,
            -0.8546874523162842
        ]
    },
    "6": {
        "top5_index": [
            314,
            605,
            134,
            663,
            737
        ],
        "scores": [
            1.0,
            -0.9128648042678833,
            -0.8239714503288269,
            -0.7431882619857788,
            0.7307587265968323
        ]
    },
    "7": {
        "top5_index": [
            605,
            134,
            393,
            663,
            45
        ],
        "scores": [
            -1.0,
            -0.882836103439331,
            0.8324460983276367,
            -0.7265280485153198,
            0.6662022471427917
        ]
    },
    "8": {
        "top5_index": [
            605,
            287,
            663,
            134,
            484
        ],
        "scores": [
            -1.0,
            -0.8469647169113159,
            -0.7970251441001892,
            -0.7592165470123291,
            -0.7372299432754517
        ]
    },
    "9": {
        "top5_index": [
            663,
            414,
            356,
            88,
            690
        ],
        "scores": [
            -1.0,
            -0.9360224008560181,
            -0.865615725517273,
            -0.8537312150001526,
            0.8345471024513245
        ]
    },
    "10": {
        "top5_index": [
            605,
            393,
            748,
            663,
            247
        ],
        "scores": [
            -1.0,
            0.9172032475471497,
            0.8712555170059204,
            -0.8245452642440796,
            -0.8203343749046326
        ]
    },
    "11": {
        "top5_index": [
            605,
            702,
            577,
            169,
            319
        ],
        "scores": [
            -1.0,
            0.9249410629272461,
            -0.8609996438026428,
            0.8334484100341797,
            0.821958601474762
        ]
    }
}