{
    "0": {
        "top5_index": [
            2581,
            1914,
            2031,
            2115,
            630
        ],
        "scores": [
            -1.0,
            -0.7381464242935181,
            -0.637569010257721,
            -0.5996791124343872,
            -0.599345326423645
        ]
    },
    "1": {
        "top5_index": [
            2563,
            1978,
            1516,
            1061,
            2721
        ],
        "scores": [
            -1.0,
            -0.9832534790039062,
            -0.945438027381897,
            -0.8855114579200745,
            -0.7916886806488037
        ]
    },
    "2": {
        "top5_index": [
            891,
            2038,
            2951,
            351,
            1405
        ],
        "scores": [
            -1.0,
            0.9013559818267822,
            0.8711536526679993,
            0.7784076929092407,
            -0.7761785984039307
        ]
    },
    "3": {
        "top5_index": [
            1531,
            68,
            824,
            2660,
            1470
        ],
        "scores": [
            -1.0,
            -0.933523952960968,
            -0.9135835766792297,
            -0.8677753210067749,
            -0.8129675388336182
        ]
    },
    "4": {
        "top5_index": [
            2655,
            2033,
            3054,
            3035,
            117
        ],
        "scores": [
            1.0,
            0.8517202734947205,
            -0.8378803133964539,
            -0.8186671137809753,
            -0.814529538154602
        ]
    },
    "5": {
        "top5_index": [
            79,
            1595,
            2364,
            1909,
            1104
        ],
        "scores": [
            -1.0,
            -0.7797639966011047,
            0.7724426984786987,
            0.7367778420448303,
            0.729697585105896
        ]
    },
    "6": {
        "top5_index": [
            684,
            764,
            60,
            1733,
            1160
        ],
        "scores": [
            1.0,
            0.8427783250808716,
            -0.6014885306358337,
            -0.5532501339912415,
            -0.5458337664604187
        ]
    },
    "7": {
        "top5_index": [
            115,
            164,
            2547,
            1184,
            1689
        ],
        "scores": [
            1.0,
            0.8532419800758362,
            -0.7105372548103333,
            -0.6983320116996765,
            -0.6890787482261658
        ]
    },
    "8": {
        "top5_index": [
            2833,
            654,
            1794,
            1509,
            673
        ],
        "scores": [
            -1.0,
            0.9115073084831238,
            -0.884433388710022,
            0.8150781989097595,
            0.7625802755355835
        ]
    },
    "9": {
        "top5_index": [
            2194,
            904,
            2382,
            2173,
            2561
        ],
        "scores": [
            -1.0,
            -0.972930908203125,
            -0.9024289846420288,
            0.8463248014450073,
            -0.794761598110199
        ]
    },
    "10": {
        "top5_index": [
            2761,
            1041,
            1148,
            2872,
            100
        ],
        "scores": [
            1.0,
            0.9038814306259155,
            0.8346189856529236,
            0.7521053552627563,
            0.7375705242156982
        ]
    },
    "11": {
        "top5_index": [
            2493,
            1225,
            1056,
            2123,
            3062
        ],
        "scores": [
            1.0,
            0.5929201245307922,
            0.5812897086143494,
            -0.5545716881752014,
            0.5473113059997559
        ]
    }
}