{
    "0": {
        "top5_index": [
            291,
            1070,
            437,
            95,
            332
        ],
        "scores": [
            1.0,
            0.9820365309715271,
            0.8256192207336426,
            -0.8015650510787964,
            0.7670091986656189
        ]
    },
    "1": {
        "top5_index": [
            1510,
            1778,
            1726,
            588,
            2992
        ],
        "scores": [
            -1.0,
            -0.963145911693573,
            -0.8817749619483948,
            -0.8165391683578491,
            0.7823895215988159
        ]
    },
    "2": {
        "top5_index": [
            159,
            2382,
            575,
            69,
            1607
        ],
        "scores": [
            1.0,
            0.8716105818748474,
            0.8241497874259949,
            -0.6468648314476013,
            -0.6308205127716064
        ]
    },
    "3": {
        "top5_index": [
            2181,
            2838,
            991,
            1698,
            2192
        ],
        "scores": [
            1.0,
            -0.9056422114372253,
            -0.8454289436340332,
            0.8379971981048584,
            0.789821982383728
        ]
    },
    "4": {
        "top5_index": [
            533,
            2033,
            643,
            2655,
            2949
        ],
        "scores": [
            1.0,
            -0.834502637386322,
            0.7644748687744141,
            -0.7304266691207886,
            0.7290874123573303
        ]
    },
    "5": {
        "top5_index": [
            415,
            659,
            2068,
            1831,
            1420
        ],
        "scores": [
            1.0,
            -0.970000684261322,
            0.8577059507369995,
            0.8478363752365112,
            0.8434279561042786
        ]
    },
    "6": {
        "top5_index": [
            684,
            2503,
            1930,
            2896,
            1399
        ],
        "scores": [
            -1.0,
            -0.770280659198761,
            -0.7113412618637085,
            -0.6383379101753235,
            0.5532470941543579
        ]
    },
    "7": {
        "top5_index": [
            2390,
            2547,
            2765,
            1339,
            1562
        ],
        "scores": [
            1.0,
            0.9836096167564392,
            -0.889057457447052,
            0.8297520875930786,
            0.7246336936950684
        ]
    },
    "8": {
        "top5_index": [
            1794,
            670,
            936,
            557,
            374
        ],
        "scores": [
            1.0,
            0.7197820544242859,
            0.698126494884491,
            0.6535846590995789,
            -0.594639241695404
        ]
    },
    "9": {
        "top5_index": [
            2250,
            1043,
            1418,
            1436,
            1197
        ],
        "scores": [
            -1.0,
            -0.9076553583145142,
            -0.8569971919059753,
            -0.8351207375526428,
            -0.8320885300636292
        ]
    },
    "10": {
        "top5_index": [
            2761,
            1148,
            957,
            2678,
            2422
        ],
        "scores": [
            -1.0,
            -0.8752655386924744,
            0.8589544296264648,
            -0.8561879396438599,
            0.772033154964447
        ]
    },
    "11": {
        "top5_index": [
            2493,
            853,
            2807,
            1092,
            2123
        ],
        "scores": [
            -1.0,
            -0.638724684715271,
            0.6370845437049866,
            -0.6218987703323364,
            0.6117160320281982
        ]
    }
}