{
    "0": {
        "top5_index": [
            281,
            747,
            282,
            353,
            377
        ],
        "scores": [
            -1.0,
            0.8308672904968262,
            0.8107432126998901,
            0.8082129955291748,
            0.795212984085083
        ]
    },
    "1": {
        "top5_index": [
            508,
            581,
            678,
            732,
            134
        ],
        "scores": [
            1.0,
            -0.9554592370986938,
            -0.9301018118858337,
            0.8863641023635864,
            0.8355821371078491
        ]
    },
    "2": {
        "top5_index": [
            508,
            581,
            134,
            524,
            353
        ],
        "scores": [
            1.0,
            -0.9101331830024719,
            0.8741803765296936,
            0.8141829967498779,
            0.7964199781417847
        ]
    },
    "3": {
        "top5_index": [
            313,
            97,
            390,
            666,
            524
        ],
        "scores": [
            -1.0,
            -0.9520629048347473,
            0.9258977770805359,
            -0.9258015751838684,
            0.9167560935020447
        ]
    },
    "4": {
        "top5_index": [
            68,
            524,
            487,
            435,
            508
        ],
        "scores": [
            1.0,
            0.9646062254905701,
            -0.9156599044799805,
            -0.9026184678077698,
            0.8321248292922974
        ]
    },
    "5": {
        "top5_index": [
            524,
            68,
            198,
            435,
            99
        ],
        "scores": [
            1.0,
            0.7826056480407715,
            0.6964893937110901,
            -0.6751598119735718,
            -0.6671509742736816
        ]
    },
    "6": {
        "top5_index": [
            508,
            524,
            532,
            435,
            605
        ],
        "scores": [
            1.0,
            0.9889584183692932,
            -0.9845654368400574,
            -0.9500383734703064,
            0.8886071443557739
        ]
    },
    "7": {
        "top5_index": [
            605,
            393,
            730,
            260,
            134
        ],
        "scores": [
            1.0,
            -0.8123090267181396,
            0.7175735831260681,
            -0.7080825567245483,
            0.6980211734771729
        ]
    },
    "8": {
        "top5_index": [
            605,
            393,
            392,
            587,
            406
        ],
        "scores": [
            1.0,
            -0.7451262474060059,
            -0.6840235590934753,
            -0.6713252663612366,
            -0.6645194888114929
        ]
    },
    "9": {
        "top5_index": [
            663,
            313,
            605,
            88,
            287
        ],
        "scores": [
            1.0,
            -0.806681752204895,
            0.7298424243927002,
            0.7285698056221008,
            0.6516435742378235
        ]
    },
    "10": {
        "top5_index": [
            605,
            313,
            88,
            308,
            119
        ],
        "scores": [
            1.0,
            -0.9422436356544495,
            0.9156699180603027,
            0.8803094625473022,
            0.8784765005111694
        ]
    },
    "11": {
        "top5_index": [
            554,
            443,
            605,
            47,
            707
        ],
        "scores": [
            -1.0,
            -0.930433452129364,
            0.9148324131965637,
            0.9135873317718506,
            -0.9021062254905701
        ]
    }
}