{
    "0": {
        "top5_index": [
            51,
            629,
            595,
            554,
            512
        ],
        "scores": [
            1.0,
            0.943595290184021,
            0.8936363458633423,
            -0.7893300652503967,
            -0.7409525513648987
        ]
    },
    "1": {
        "top5_index": [
            51,
            595,
            512,
            629,
            449
        ],
        "scores": [
            1.0,
            0.7414216995239258,
            -0.7086195945739746,
            0.6935022473335266,
            -0.6161605715751648
        ]
    },
    "2": {
        "top5_index": [
            51,
            508,
            554,
            366,
            449
        ],
        "scores": [
            1.0,
            0.8850296139717102,
            -0.7991724014282227,
            0.7977009415626526,
            -0.7728382349014282
        ]
    },
    "3": {
        "top5_index": [
            508,
            111,
            51,
            674,
            554
        ],
        "scores": [
            1.0,
            -0.9089531898498535,
            0.8855352997779846,
            -0.8478739261627197,
            -0.8285195827484131
        ]
    },
    "4": {
        "top5_index": [
            111,
            508,
            88,
            490,
            198
        ],
        "scores": [
            -1.0,
            0.7149620056152344,
            0.6979832649230957,
            0.6925114393234253,
            0.6915327906608582
        ]
    },
    "5": {
        "top5_index": [
            508,
            33,
            111,
            181,
            565
        ],
        "scores": [
            1.0,
            0.8260354995727539,
            -0.824138879776001,
            -0.7845978736877441,
            0.7833513617515564
        ]
    },
    "6": {
        "top5_index": [
            508,
            51,
            490,
            175,
            707
        ],
        "scores": [
            1.0,
            0.7843736410140991,
            0.7313603162765503,
            0.7078086137771606,
            -0.6663444638252258
        ]
    },
    "7": {
        "top5_index": [
            311,
            175,
            23,
            508,
            69
        ],
        "scores": [
            1.0,
            0.8021530508995056,
            0.7990804314613342,
            0.797508716583252,
            0.7938952445983887
        ]
    },
    "8": {
        "top5_index": [
            311,
            490,
            612,
            566,
            175
        ],
        "scores": [
            1.0,
            0.9920092821121216,
            0.9199985265731812,
            0.9113682508468628,
            0.910667359828949
        ]
    },
    "9": {
        "top5_index": [
            663,
            175,
            311,
            490,
            88
        ],
        "scores": [
            1.0,
            0.9208095073699951,
            0.914692759513855,
            0.8601090312004089,
            0.8565719127655029
        ]
    },
    "10": {
        "top5_index": [
            663,
            311,
            88,
            707,
            287
        ],
        "scores": [
            1.0,
            0.9358471035957336,
            0.921869158744812,
            -0.897685706615448,
            0.8809534311294556
        ]
    },
    "11": {
        "top5_index": [
            554,
            443,
            605,
            47,
            707
        ],
        "scores": [
            -1.0,
            -0.9304335117340088,
            0.9148324131965637,
            0.9135872721672058,
            -0.9021062254905701
        ]
    }
}