{
    "0": {
        "top5_index": [
            95,
            2237,
            590,
            622,
            2641
        ],
        "scores": [
            1.0,
            0.6674259901046753,
            -0.5926169753074646,
            -0.5917891263961792,
            -0.589905321598053
        ]
    },
    "1": {
        "top5_index": [
            1427,
            354,
            1058,
            3049,
            93
        ],
        "scores": [
            -1.0,
            0.8087984323501587,
            0.8079291582107544,
            -0.7435700297355652,
            -0.727385401725769
        ]
    },
    "2": {
        "top5_index": [
            2296,
            121,
            3012,
            2557,
            2772
        ],
        "scores": [
            -1.0,
            -0.6843087673187256,
            0.6505818963050842,
            0.5832302570343018,
            0.5771098732948303
        ]
    },
    "3": {
        "top5_index": [
            790,
            3064,
            1148,
            812,
            2530
        ],
        "scores": [
            -1.0,
            -0.9790135622024536,
            0.8657495975494385,
            -0.836895227432251,
            0.8109309673309326
        ]
    },
    "4": {
        "top5_index": [
            2422,
            1030,
            1014,
            1595,
            1254
        ],
        "scores": [
            1.0,
            -0.8999505043029785,
            0.8832609057426453,
            -0.8761652708053589,
            0.8257195949554443
        ]
    },
    "5": {
        "top5_index": [
            803,
            2194,
            2454,
            2332,
            438
        ],
        "scores": [
            -1.0,
            -0.8316309452056885,
            -0.8185757994651794,
            0.7803895473480225,
            0.7731702327728271
        ]
    },
    "6": {
        "top5_index": [
            862,
            1615,
            1443,
            1772,
            2719
        ],
        "scores": [
            1.0,
            -0.9984006285667419,
            0.9225819706916809,
            -0.8670164346694946,
            0.8589178919792175
        ]
    },
    "7": {
        "top5_index": [
            1562,
            1339,
            2816,
            2547,
            58
        ],
        "scores": [
            1.0,
            0.8491977453231812,
            -0.7724181413650513,
            0.7270594835281372,
            0.716710090637207
        ]
    },
    "8": {
        "top5_index": [
            1794,
            1509,
            1272,
            1830,
            1015
        ],
        "scores": [
            1.0,
            -0.9733022451400757,
            -0.9226150512695312,
            -0.8800564408302307,
            0.8500609993934631
        ]
    },
    "9": {
        "top5_index": [
            1043,
            2207,
            2250,
            2785,
            1436
        ],
        "scores": [
            -1.0,
            0.9729316830635071,
            -0.9514873623847961,
            -0.8885437846183777,
            -0.8697292804718018
        ]
    },
    "10": {
        "top5_index": [
            2761,
            1197,
            2678,
            2422,
            303
        ],
        "scores": [
            -1.0,
            -0.953313946723938,
            -0.94847571849823,
            0.9389902353286743,
            -0.9136667847633362
        ]
    },
    "11": {
        "top5_index": [
            2493,
            853,
            2807,
            1092,
            2123
        ],
        "scores": [
            -1.0,
            -0.6387246251106262,
            0.6370846629142761,
            -0.6218988299369812,
            0.6117161512374878
        ]
    }
}