{
    "0": {
        "top5_index": [
            281,
            237,
            120,
            97,
            508
        ],
        "scores": [
            1.0,
            0.850322961807251,
            -0.7797766327857971,
            0.7346851825714111,
            -0.6976764798164368
        ]
    },
    "1": {
        "top5_index": [
            507,
            678,
            382,
            110,
            522
        ],
        "scores": [
            1.0,
            0.9490737318992615,
            0.8786460757255554,
            0.8466842174530029,
            0.7413524389266968
        ]
    },
    "2": {
        "top5_index": [
            507,
            448,
            87,
            563,
            236
        ],
        "scores": [
            1.0,
            -0.9570013284683228,
            0.7556822299957275,
            0.7192395925521851,
            -0.7095575332641602
        ]
    },
    "3": {
        "top5_index": [
            128,
            236,
            507,
            448,
            522
        ],
        "scores": [
            1.0,
            -0.9421607851982117,
            0.8443734049797058,
            -0.766289472579956,
            0.7549598217010498
        ]
    },
    "4": {
        "top5_index": [
            100,
            507,
            69,
            546,
            355
        ],
        "scores": [
            1.0,
            0.9594287872314453,
            -0.9489563703536987,
            -0.9141629934310913,
            -0.851474940776825
        ]
    },
    "5": {
        "top5_index": [
            69,
            505,
            100,
            10,
            53
        ],
        "scores": [
            -1.0,
            0.7793976664543152,
            0.7687764167785645,
            -0.7541821599006653,
            -0.7298582792282104
        ]
    },
    "6": {
        "top5_index": [
            69,
            674,
            100,
            314,
            134
        ],
        "scores": [
            -1.0,
            0.7971548438072205,
            0.7703092098236084,
            0.7573187351226807,
            -0.7378968000411987
        ]
    },
    "7": {
        "top5_index": [
            134,
            674,
            730,
            38,
            663
        ],
        "scores": [
            -1.0,
            0.8968969583511353,
            -0.8089184761047363,
            0.7997924089431763,
            -0.793094277381897
        ]
    },
    "8": {
        "top5_index": [
            134,
            238,
            38,
            69,
            414
        ],
        "scores": [
            -1.0,
            0.8493399620056152,
            0.7876573801040649,
            -0.7497485876083374,
            -0.7240222096443176
        ]
    },
    "9": {
        "top5_index": [
            238,
            663,
            134,
            45,
            748
        ],
        "scores": [
            1.0,
            -0.968267023563385,
            -0.874553918838501,
            0.8635122776031494,
            0.8467841744422913
        ]
    },
    "10": {
        "top5_index": [
            605,
            393,
            663,
            748,
            319
        ],
        "scores": [
            -1.0,
            0.9731178283691406,
            -0.9143998026847839,
            0.8999311327934265,
            0.8195334076881409
        ]
    },
    "11": {
        "top5_index": [
            605,
            702,
            577,
            169,
            319
        ],
        "scores": [
            -1.0,
            0.9249410629272461,
            -0.8609997034072876,
            0.8334484696388245,
            0.8219587206840515
        ]
    }
}