{
    "0": {
        "top5_index": [
            2581,
            1914,
            516,
            2031,
            2771
        ],
        "scores": [
            -1.0,
            -0.7707769870758057,
            0.7112972140312195,
            -0.6439961194992065,
            -0.6039924025535583
        ]
    },
    "1": {
        "top5_index": [
            379,
            2382,
            1726,
            1090,
            457
        ],
        "scores": [
            1.0,
            0.7794092893600464,
            0.7753807902336121,
            0.7357310652732849,
            -0.7270128726959229
        ]
    },
    "2": {
        "top5_index": [
            540,
            1977,
            2021,
            1281,
            1573
        ],
        "scores": [
            1.0,
            -0.9517329931259155,
            0.9237019419670105,
            -0.9128763675689697,
            0.8938725590705872
        ]
    },
    "3": {
        "top5_index": [
            68,
            1531,
            2660,
            824,
            2664
        ],
        "scores": [
            -1.0,
            -0.9907619953155518,
            -0.8587364554405212,
            -0.8245845437049866,
            -0.7709821462631226
        ]
    },
    "4": {
        "top5_index": [
            2033,
            1014,
            2570,
            1087,
            2254
        ],
        "scores": [
            1.0,
            -0.9811629056930542,
            0.9267957210540771,
            0.8372873067855835,
            -0.7990671992301941
        ]
    },
    "5": {
        "top5_index": [
            79,
            951,
            2077,
            1183,
            1104
        ],
        "scores": [
            -1.0,
            0.9782778024673462,
            0.768318235874176,
            0.7354865074157715,
            0.7133591175079346
        ]
    },
    "6": {
        "top5_index": [
            1580,
            3009,
            684,
            1534,
            1235
        ],
        "scores": [
            1.0,
            -0.8588603138923645,
            0.7926108837127686,
            0.7757722735404968,
            -0.7027641534805298
        ]
    },
    "7": {
        "top5_index": [
            2547,
            164,
            798,
            1069,
            112
        ],
        "scores": [
            -1.0,
            0.7389238476753235,
            -0.608957052230835,
            -0.6063255071640015,
            0.6032639145851135
        ]
    },
    "8": {
        "top5_index": [
            1794,
            2833,
            175,
            670,
            1015
        ],
        "scores": [
            -1.0,
            -0.8889802694320679,
            -0.7547975182533264,
            -0.7424538135528564,
            -0.7110454440116882
        ]
    },
    "9": {
        "top5_index": [
            2173,
            507,
            1679,
            2382,
            2008
        ],
        "scores": [
            1.0,
            -0.7990412712097168,
            0.7925328016281128,
            -0.7851361036300659,
            -0.7629027962684631
        ]
    },
    "10": {
        "top5_index": [
            2761,
            1148,
            2872,
            1041,
            2071
        ],
        "scores": [
            1.0,
            0.8670807480812073,
            0.8413604497909546,
            0.829194188117981,
            0.7797564268112183
        ]
    },
    "11": {
        "top5_index": [
            2493,
            1225,
            1056,
            2123,
            3062
        ],
        "scores": [
            1.0,
            0.5929200649261475,
            0.5812895894050598,
            -0.5545715093612671,
            0.5473112463951111
        ]
    }
}