{
    "0": {
        "top5_index": [
            516,
            2976,
            630,
            2115,
            2643
        ],
        "scores": [
            1.0,
            0.6151601672172546,
            -0.5966404676437378,
            -0.5859130620956421,
            -0.5542718768119812
        ]
    },
    "1": {
        "top5_index": [
            1090,
            1909,
            2563,
            379,
            1235
        ],
        "scores": [
            -1.0,
            -0.8564882874488831,
            -0.8527681231498718,
            -0.8474555015563965,
            0.8401758074760437
        ]
    },
    "2": {
        "top5_index": [
            2037,
            1916,
            2703,
            1310,
            1359
        ],
        "scores": [
            1.0,
            0.8798370361328125,
            -0.8760644793510437,
            0.8520218133926392,
            -0.8348224759101868
        ]
    },
    "3": {
        "top5_index": [
            68,
            1531,
            824,
            2660,
            1470
        ],
        "scores": [
            -1.0,
            -0.990531325340271,
            -0.8744075894355774,
            -0.8447855710983276,
            -0.7879369258880615
        ]
    },
    "4": {
        "top5_index": [
            2422,
            2606,
            991,
            1030,
            2743
        ],
        "scores": [
            1.0,
            -0.8980255126953125,
            -0.7817177772521973,
            -0.7752813100814819,
            -0.6691961288452148
        ]
    },
    "5": {
        "top5_index": [
            803,
            1318,
            985,
            435,
            2877
        ],
        "scores": [
            -1.0,
            -0.956482470035553,
            0.8572090864181519,
            0.802254319190979,
            -0.7637075185775757
        ]
    },
    "6": {
        "top5_index": [
            278,
            260,
            1615,
            862,
            1013
        ],
        "scores": [
            1.0,
            -0.8722065687179565,
            -0.8114484548568726,
            0.7825267910957336,
            0.7560395002365112
        ]
    },
    "7": {
        "top5_index": [
            1562,
            2547,
            1339,
            2390,
            687
        ],
        "scores": [
            1.0,
            0.9686509966850281,
            0.9434034824371338,
            0.7035232782363892,
            0.5932359099388123
        ]
    },
    "8": {
        "top5_index": [
            1794,
            1509,
            1031,
            1015,
            936
        ],
        "scores": [
            1.0,
            -0.664513885974884,
            0.6436854004859924,
            0.6104309558868408,
            0.6034788489341736
        ]
    },
    "9": {
        "top5_index": [
            2250,
            1197,
            1043,
            1529,
            1390
        ],
        "scores": [
            -1.0,
            -0.9258744716644287,
            -0.8538400530815125,
            -0.8395871520042419,
            -0.7476277351379395
        ]
    },
    "10": {
        "top5_index": [
            2761,
            2678,
            1148,
            2422,
            303
        ],
        "scores": [
            -1.0,
            -0.932790219783783,
            -0.9184752106666565,
            0.9053082466125488,
            -0.8568567037582397
        ]
    },
    "11": {
        "top5_index": [
            2493,
            853,
            2807,
            1092,
            2123
        ],
        "scores": [
            -1.0,
            -0.6387246251106262,
            0.6370845437049866,
            -0.6218985915184021,
            0.6117160320281982
        ]
    }
}