{
    "0": {
        "top5_index": [
            1,
            547,
            78,
            366,
            255
        ],
        "scores": [
            -1.0,
            -0.8688661456108093,
            0.8331683874130249,
            -0.8292616009712219,
            -0.792106568813324
        ]
    },
    "1": {
        "top5_index": [
            682,
            616,
            358,
            403,
            596
        ],
        "scores": [
            1.0,
            0.7987285852432251,
            -0.7355685234069824,
            -0.7270798683166504,
            -0.7044699192047119
        ]
    },
    "2": {
        "top5_index": [
            223,
            211,
            525,
            138,
            508
        ],
        "scores": [
            -1.0,
            -0.863277792930603,
            0.8580156564712524,
            -0.8416780829429626,
            0.7717843055725098
        ]
    },
    "3": {
        "top5_index": [
            181,
            466,
            211,
            747,
            223
        ],
        "scores": [
            -1.0,
            0.8627374172210693,
            -0.8604662418365479,
            0.8510733842849731,
            -0.8319329023361206
        ]
    },
    "4": {
        "top5_index": [
            97,
            746,
            223,
            747,
            145
        ],
        "scores": [
            -1.0,
            -0.9931383728981018,
            -0.9921677708625793,
            0.9860846400260925,
            0.952142059803009
        ]
    },
    "5": {
        "top5_index": [
            23,
            173,
            587,
            181,
            764
        ],
        "scores": [
            1.0,
            -0.9655304551124573,
            -0.925578236579895,
            -0.8880281448364258,
            -0.8267350792884827
        ]
    },
    "6": {
        "top5_index": [
            23,
            764,
            587,
            265,
            145
        ],
        "scores": [
            1.0,
            -0.884631335735321,
            -0.8189087510108948,
            0.6882480978965759,
            0.677985429763794
        ]
    },
    "7": {
        "top5_index": [
            23,
            597,
            92,
            587,
            298
        ],
        "scores": [
            1.0,
            0.8128553032875061,
            -0.7827801704406738,
            -0.7581043243408203,
            0.7561213970184326
        ]
    },
    "8": {
        "top5_index": [
            663,
            605,
            587,
            232,
            635
        ],
        "scores": [
            1.0,
            0.9966534972190857,
            -0.99413001537323,
            0.8623204231262207,
            0.847869873046875
        ]
    },
    "9": {
        "top5_index": [
            663,
            313,
            308,
            88,
            232
        ],
        "scores": [
            1.0,
            -0.7982632517814636,
            0.795377790927887,
            0.7887756824493408,
            0.7873576283454895
        ]
    },
    "10": {
        "top5_index": [
            605,
            88,
            119,
            247,
            313
        ],
        "scores": [
            1.0,
            0.9866973757743835,
            0.9002044796943665,
            0.8872007727622986,
            -0.8849875926971436
        ]
    },
    "11": {
        "top5_index": [
            554,
            443,
            605,
            47,
            707
        ],
        "scores": [
            -1.0,
            -0.9304335117340088,
            0.9148324131965637,
            0.9135872721672058,
            -0.9021062254905701
        ]
    }
}