{
    "0": {
        "top5_index": [
            1463,
            291,
            1914,
            2097,
            1070
        ],
        "scores": [
            1.0,
            0.6383084058761597,
            -0.5747409462928772,
            0.5538133978843689,
            0.5419088006019592
        ]
    },
    "1": {
        "top5_index": [
            856,
            3049,
            252,
            2594,
            1119
        ],
        "scores": [
            -1.0,
            -0.9414029121398926,
            0.8690199851989746,
            0.8306383490562439,
            -0.8277283906936646
        ]
    },
    "2": {
        "top5_index": [
            2296,
            1916,
            1143,
            2145,
            1865
        ],
        "scores": [
            1.0,
            0.9944829344749451,
            0.897812008857727,
            -0.8123058080673218,
            0.8077784180641174
        ]
    },
    "3": {
        "top5_index": [
            1442,
            2444,
            563,
            1693,
            1784
        ],
        "scores": [
            1.0,
            0.9605047106742859,
            -0.9530743956565857,
            -0.88666170835495,
            -0.8670042157173157
        ]
    },
    "4": {
        "top5_index": [
            2033,
            192,
            1721,
            3054,
            1014
        ],
        "scores": [
            -1.0,
            0.8205150961875916,
            0.7735963463783264,
            0.7661098837852478,
            0.7524637579917908
        ]
    },
    "5": {
        "top5_index": [
            803,
            2068,
            2194,
            1367,
            79
        ],
        "scores": [
            -1.0,
            0.9504700899124146,
            -0.7940847873687744,
            0.735537588596344,
            0.6816070079803467
        ]
    },
    "6": {
        "top5_index": [
            684,
            1615,
            664,
            1930,
            73
        ],
        "scores": [
            -1.0,
            -0.5685073733329773,
            -0.5431076884269714,
            -0.5231723189353943,
            -0.5103784203529358
        ]
    },
    "7": {
        "top5_index": [
            2547,
            2390,
            1339,
            1562,
            58
        ],
        "scores": [
            1.0,
            0.8653359413146973,
            0.8175056576728821,
            0.763775646686554,
            0.6401591897010803
        ]
    },
    "8": {
        "top5_index": [
            1794,
            2973,
            936,
            670,
            2628
        ],
        "scores": [
            1.0,
            -0.9131001234054565,
            0.8627018332481384,
            0.7669875621795654,
            -0.6513266563415527
        ]
    },
    "9": {
        "top5_index": [
            1043,
            1197,
            1436,
            641,
            1856
        ],
        "scores": [
            -1.0,
            -0.8577236533164978,
            -0.8346598744392395,
            0.7574304938316345,
            0.7250848412513733
        ]
    },
    "10": {
        "top5_index": [
            2761,
            2678,
            303,
            2422,
            388
        ],
        "scores": [
            -1.0,
            -0.9362813830375671,
            -0.9115339517593384,
            0.9060323238372803,
            0.8517724275588989
        ]
    },
    "11": {
        "top5_index": [
            2493,
            853,
            2807,
            1092,
            2123
        ],
        "scores": [
            -1.0,
            -0.6387247443199158,
            0.6370847821235657,
            -0.6218989491462708,
            0.6117161512374878
        ]
    }
}