{
    "0": {
        "top5_index": [
            554,
            97,
            595,
            517,
            287
        ],
        "scores": [
            -1.0,
            -0.9335390329360962,
            0.9283424019813538,
            -0.8666329383850098,
            0.8591633439064026
        ]
    },
    "1": {
        "top5_index": [
            97,
            581,
            134,
            732,
            123
        ],
        "scores": [
            -1.0,
            -0.8348597288131714,
            0.7218347191810608,
            0.6827164888381958,
            -0.6765032410621643
        ]
    },
    "2": {
        "top5_index": [
            97,
            581,
            88,
            237,
            123
        ],
        "scores": [
            -1.0,
            -0.9023371338844299,
            0.8791897296905518,
            -0.8710817694664001,
            -0.8376449942588806
        ]
    },
    "3": {
        "top5_index": [
            237,
            97,
            88,
            674,
            635
        ],
        "scores": [
            -1.0,
            -0.9380529522895813,
            0.9171324968338013,
            -0.8866978883743286,
            0.8013840913772583
        ]
    },
    "4": {
        "top5_index": [
            88,
            97,
            111,
            198,
            320
        ],
        "scores": [
            1.0,
            -0.9714609384536743,
            -0.8025394678115845,
            0.7736781239509583,
            -0.7637078166007996
        ]
    },
    "5": {
        "top5_index": [
            196,
            667,
            653,
            68,
            88
        ],
        "scores": [
            1.0,
            -0.9592362642288208,
            -0.9560977220535278,
            0.9267584085464478,
            0.8886356353759766
        ]
    },
    "6": {
        "top5_index": [
            667,
            134,
            653,
            69,
            311
        ],
        "scores": [
            -1.0,
            0.9637347459793091,
            -0.8701769113540649,
            0.8028428554534912,
            0.7616434097290039
        ]
    },
    "7": {
        "top5_index": [
            134,
            653,
            311,
            92,
            667
        ],
        "scores": [
            1.0,
            -0.9917954802513123,
            0.9523508548736572,
            -0.9354188442230225,
            -0.9112063646316528
        ]
    },
    "8": {
        "top5_index": [
            605,
            635,
            287,
            264,
            311
        ],
        "scores": [
            1.0,
            0.9229315519332886,
            0.9218190312385559,
            -0.8267143368721008,
            0.826517641544342
        ]
    },
    "9": {
        "top5_index": [
            663,
            311,
            264,
            287,
            88
        ],
        "scores": [
            1.0,
            0.921700119972229,
            -0.9087703227996826,
            0.8883653879165649,
            0.8835048675537109
        ]
    },
    "10": {
        "top5_index": [
            311,
            605,
            88,
            47,
            663
        ],
        "scores": [
            1.0,
            0.937042772769928,
            0.9103106260299683,
            0.9003196954727173,
            0.8670929074287415
        ]
    },
    "11": {
        "top5_index": [
            554,
            443,
            605,
            47,
            707
        ],
        "scores": [
            -1.0,
            -0.9304335117340088,
            0.9148324131965637,
            0.9135873913764954,
            -0.9021062850952148
        ]
    }
}