{
    "0": {
        "top5_index": [
            1,
            366,
            210,
            255,
            547
        ],
        "scores": [
            -1.0,
            -0.6664042472839355,
            0.5850104689598083,
            -0.5079314112663269,
            -0.5015938878059387
        ]
    },
    "1": {
        "top5_index": [
            682,
            596,
            616,
            358,
            544
        ],
        "scores": [
            1.0,
            -0.8968436121940613,
            0.8815702795982361,
            -0.8386961817741394,
            -0.7768934965133667
        ]
    },
    "2": {
        "top5_index": [
            223,
            211,
            138,
            508,
            282
        ],
        "scores": [
            -1.0,
            -0.9517428874969482,
            -0.9507145285606384,
            0.9342930912971497,
            0.8652623891830444
        ]
    },
    "3": {
        "top5_index": [
            139,
            211,
            181,
            64,
            747
        ],
        "scores": [
            1.0,
            -0.9632452726364136,
            -0.8251997232437134,
            -0.8198802471160889,
            0.7982069253921509
        ]
    },
    "4": {
        "top5_index": [
            198,
            23,
            211,
            202,
            60
        ],
        "scores": [
            1.0,
            0.8237621784210205,
            -0.7948694229125977,
            -0.7910668849945068,
            -0.7310449481010437
        ]
    },
    "5": {
        "top5_index": [
            587,
            454,
            202,
            198,
            287
        ],
        "scores": [
            -1.0,
            -0.9573825597763062,
            -0.9521898627281189,
            0.9385016560554504,
            0.8563050627708435
        ]
    },
    "6": {
        "top5_index": [
            145,
            587,
            202,
            23,
            667
        ],
        "scores": [
            1.0,
            -0.9849650859832764,
            -0.9821352958679199,
            0.9736716747283936,
            -0.8937332630157471
        ]
    },
    "7": {
        "top5_index": [
            69,
            587,
            50,
            23,
            175
        ],
        "scores": [
            1.0,
            -0.9642480611801147,
            0.9430080652236938,
            0.9084500670433044,
            0.9073379039764404
        ]
    },
    "8": {
        "top5_index": [
            605,
            730,
            701,
            363,
            202
        ],
        "scores": [
            1.0,
            0.9678393602371216,
            -0.9442921876907349,
            -0.9308958053588867,
            -0.9212718605995178
        ]
    },
    "9": {
        "top5_index": [
            663,
            313,
            605,
            88,
            287
        ],
        "scores": [
            1.0,
            -0.9679112434387207,
            0.8805516362190247,
            0.8758801817893982,
            0.8678330779075623
        ]
    },
    "10": {
        "top5_index": [
            88,
            605,
            119,
            707,
            313
        ],
        "scores": [
            1.0,
            0.996203601360321,
            0.908233642578125,
            -0.8772475719451904,
            -0.8761442303657532
        ]
    },
    "11": {
        "top5_index": [
            554,
            443,
            605,
            47,
            707
        ],
        "scores": [
            -1.0,
            -0.9304335117340088,
            0.914832353591919,
            0.9135873317718506,
            -0.9021062254905701
        ]
    }
}