{
    "0": {
        "top5_index": [
            2976,
            172,
            3023,
            2509,
            2032
        ],
        "scores": [
            1.0,
            0.8373468518257141,
            -0.8007730841636658,
            -0.7979651093482971,
            -0.7913607954978943
        ]
    },
    "1": {
        "top5_index": [
            1090,
            1235,
            2200,
            379,
            1061
        ],
        "scores": [
            -1.0,
            0.9666088819503784,
            0.8763167262077332,
            -0.8569609522819519,
            -0.8163741230964661
        ]
    },
    "2": {
        "top5_index": [
            1916,
            2703,
            1144,
            1927,
            1359
        ],
        "scores": [
            1.0,
            -0.910703718662262,
            0.8978577256202698,
            -0.8890065550804138,
            -0.8467804193496704
        ]
    },
    "3": {
        "top5_index": [
            68,
            1531,
            824,
            1470,
            2660
        ],
        "scores": [
            -1.0,
            -0.9585204720497131,
            -0.9160411357879639,
            -0.8282954692840576,
            -0.7807420492172241
        ]
    },
    "4": {
        "top5_index": [
            1417,
            240,
            1030,
            2187,
            1089
        ],
        "scores": [
            1.0,
            0.7737091779708862,
            -0.6729018688201904,
            -0.672821044921875,
            0.653921365737915
        ]
    },
    "5": {
        "top5_index": [
            951,
            2077,
            1837,
            2166,
            803
        ],
        "scores": [
            1.0,
            0.8708292245864868,
            0.742647111415863,
            0.638516366481781,
            -0.6353309750556946
        ]
    },
    "6": {
        "top5_index": [
            1321,
            1580,
            1534,
            278,
            119
        ],
        "scores": [
            1.0,
            0.9812489748001099,
            0.8930453062057495,
            0.8880992531776428,
            -0.8579751253128052
        ]
    },
    "7": {
        "top5_index": [
            2547,
            1562,
            1339,
            1142,
            2390
        ],
        "scores": [
            1.0,
            0.80243980884552,
            0.6370534300804138,
            0.5558677911758423,
            0.5532136559486389
        ]
    },
    "8": {
        "top5_index": [
            1794,
            1509,
            1272,
            1015,
            2271
        ],
        "scores": [
            1.0,
            -0.8276235461235046,
            -0.7240958213806152,
            0.6667301654815674,
            -0.655983030796051
        ]
    },
    "9": {
        "top5_index": [
            1197,
            1043,
            2250,
            1529,
            1418
        ],
        "scores": [
            -1.0,
            -0.9715880155563354,
            -0.8826109766960144,
            -0.8519983291625977,
            -0.8130902647972107
        ]
    },
    "10": {
        "top5_index": [
            2761,
            1148,
            2678,
            749,
            2422
        ],
        "scores": [
            -1.0,
            -0.8869439363479614,
            -0.8582245111465454,
            -0.8380204439163208,
            0.8264073729515076
        ]
    },
    "11": {
        "top5_index": [
            2493,
            853,
            2807,
            1092,
            2123
        ],
        "scores": [
            -1.0,
            -0.6387245059013367,
            0.6370845437049866,
            -0.6218986511230469,
            0.6117158532142639
        ]
    }
}