{
    "0": {
        "top5_index": [
            516,
            2912,
            612,
            1017,
            2255
        ],
        "scores": [
            1.0,
            0.9068615436553955,
            0.8803450465202332,
            -0.8489930629730225,
            -0.8220688700675964
        ]
    },
    "1": {
        "top5_index": [
            2054,
            2102,
            379,
            2442,
            2195
        ],
        "scores": [
            1.0,
            -0.9337748885154724,
            0.898682713508606,
            0.8678621053695679,
            -0.8410933017730713
        ]
    },
    "2": {
        "top5_index": [
            2865,
            666,
            227,
            1543,
            2795
        ],
        "scores": [
            -1.0,
            -0.9926900267601013,
            -0.9926660656929016,
            -0.9778072237968445,
            -0.9446446299552917
        ]
    },
    "3": {
        "top5_index": [
            1531,
            68,
            2660,
            824,
            2664
        ],
        "scores": [
            -1.0,
            -0.9067474603652954,
            -0.884126603603363,
            -0.8345037698745728,
            -0.7846741080284119
        ]
    },
    "4": {
        "top5_index": [
            2033,
            863,
            391,
            1452,
            2241
        ],
        "scores": [
            1.0,
            -0.985713541507721,
            0.9135919809341431,
            -0.8501163125038147,
            0.8013212084770203
        ]
    },
    "5": {
        "top5_index": [
            79,
            1909,
            1932,
            1953,
            1367
        ],
        "scores": [
            -1.0,
            0.6922686100006104,
            -0.672505259513855,
            0.6272533535957336,
            -0.6134105920791626
        ]
    },
    "6": {
        "top5_index": [
            684,
            764,
            96,
            1321,
            2503
        ],
        "scores": [
            1.0,
            0.7799330949783325,
            0.5249891877174377,
            0.5164393186569214,
            0.4933494031429291
        ]
    },
    "7": {
        "top5_index": [
            164,
            2765,
            1188,
            112,
            115
        ],
        "scores": [
            1.0,
            0.6740131974220276,
            0.6685130596160889,
            0.6621708869934082,
            0.5764003992080688
        ]
    },
    "8": {
        "top5_index": [
            93,
            1794,
            670,
            936,
            1493
        ],
        "scores": [
            -1.0,
            -0.9720077514648438,
            -0.8695151209831238,
            -0.851046085357666,
            -0.8443627953529358
        ]
    },
    "9": {
        "top5_index": [
            2194,
            2382,
            904,
            2437,
            507
        ],
        "scores": [
            -1.0,
            -0.9736075401306152,
            -0.7932047843933105,
            -0.7862370610237122,
            -0.7816656231880188
        ]
    },
    "10": {
        "top5_index": [
            2761,
            1148,
            2678,
            1041,
            100
        ],
        "scores": [
            1.0,
            0.9391282796859741,
            0.8718515038490295,
            0.8230799436569214,
            0.7749472260475159
        ]
    },
    "11": {
        "top5_index": [
            2493,
            1225,
            1056,
            2123,
            3062
        ],
        "scores": [
            1.0,
            0.5929199457168579,
            0.5812897086143494,
            -0.5545717477798462,
            0.5473113656044006
        ]
    }
}