{
    "0": {
        "top5_index": [
            1,
            82,
            259,
            403,
            151
        ],
        "scores": [
            -1.0,
            0.8665603995323181,
            0.7287670969963074,
            0.6754862070083618,
            -0.6752021312713623
        ]
    },
    "1": {
        "top5_index": [
            106,
            507,
            448,
            283,
            447
        ],
        "scores": [
            1.0,
            0.8405861854553223,
            -0.8359187245368958,
            -0.8184049129486084,
            -0.77654629945755
        ]
    },
    "2": {
        "top5_index": [
            296,
            448,
            507,
            674,
            299
        ],
        "scores": [
            -1.0,
            -0.8946776390075684,
            0.8682313561439514,
            0.8458535671234131,
            0.7984291315078735
        ]
    },
    "3": {
        "top5_index": [
            653,
            448,
            507,
            69,
            190
        ],
        "scores": [
            1.0,
            -0.9990150928497314,
            0.9804280996322632,
            -0.9211425185203552,
            0.9124026894569397
        ]
    },
    "4": {
        "top5_index": [
            448,
            100,
            507,
            115,
            190
        ],
        "scores": [
            -1.0,
            0.9790582060813904,
            0.8793092370033264,
            0.850812554359436,
            0.8028779625892639
        ]
    },
    "5": {
        "top5_index": [
            448,
            100,
            190,
            69,
            719
        ],
        "scores": [
            -1.0,
            0.868911623954773,
            0.8485254645347595,
            -0.7676251530647278,
            0.7640212178230286
        ]
    },
    "6": {
        "top5_index": [
            448,
            100,
            663,
            674,
            605
        ],
        "scores": [
            -1.0,
            0.792635440826416,
            -0.7715784907341003,
            0.7627737522125244,
            -0.7526472210884094
        ]
    },
    "7": {
        "top5_index": [
            605,
            663,
            134,
            448,
            674
        ],
        "scores": [
            -1.0,
            -0.9821012616157532,
            -0.9642677903175354,
            -0.9235654473304749,
            0.8456125259399414
        ]
    },
    "8": {
        "top5_index": [
            548,
            134,
            569,
            281,
            414
        ],
        "scores": [
            1.0,
            -0.9621714353561401,
            -0.9443485140800476,
            0.8870404958724976,
            -0.885818600654602
        ]
    },
    "9": {
        "top5_index": [
            414,
            238,
            45,
            569,
            6
        ],
        "scores": [
            -1.0,
            0.9287389516830444,
            0.9274019598960876,
            -0.8963726758956909,
            0.8946908116340637
        ]
    },
    "10": {
        "top5_index": [
            605,
            393,
            414,
            748,
            663
        ],
        "scores": [
            -1.0,
            0.8314425945281982,
            -0.8131524324417114,
            0.7972159385681152,
            -0.7964215278625488
        ]
    },
    "11": {
        "top5_index": [
            605,
            702,
            577,
            169,
            319
        ],
        "scores": [
            -1.0,
            0.9249410033226013,
            -0.8609996438026428,
            0.8334484100341797,
            0.821958601474762
        ]
    }
}