{
    "0": {
        "top5_index": [
            630,
            1204,
            2031,
            248,
            2976
        ],
        "scores": [
            -1.0,
            -0.9837891459465027,
            -0.9608215093612671,
            0.9526006579399109,
            0.9443016052246094
        ]
    },
    "1": {
        "top5_index": [
            1516,
            1978,
            1061,
            781,
            705
        ],
        "scores": [
            -1.0,
            -0.7108196020126343,
            -0.6815736889839172,
            0.6507172584533691,
            -0.6021856069564819
        ]
    },
    "2": {
        "top5_index": [
            2995,
            3040,
            2038,
            1643,
            159
        ],
        "scores": [
            -1.0,
            0.913688600063324,
            0.8710488677024841,
            -0.8176891803741455,
            -0.8027275204658508
        ]
    },
    "3": {
        "top5_index": [
            1456,
            2730,
            1531,
            2660,
            68
        ],
        "scores": [
            -1.0,
            -0.9055256247520447,
            -0.7786035537719727,
            -0.7716725468635559,
            -0.7464849948883057
        ]
    },
    "4": {
        "top5_index": [
            2154,
            2241,
            1960,
            2033,
            2655
        ],
        "scores": [
            -1.0,
            0.9727975130081177,
            -0.9578309655189514,
            0.9119094014167786,
            0.8589668869972229
        ]
    },
    "5": {
        "top5_index": [
            699,
            79,
            659,
            1350,
            1066
        ],
        "scores": [
            -1.0,
            -0.8481864333152771,
            0.7834877371788025,
            -0.7799698710441589,
            0.7639809250831604
        ]
    },
    "6": {
        "top5_index": [
            684,
            2503,
            1732,
            1930,
            1235
        ],
        "scores": [
            1.0,
            0.7178542017936707,
            0.5716258883476257,
            0.535344123840332,
            -0.5196787118911743
        ]
    },
    "7": {
        "top5_index": [
            2390,
            164,
            2547,
            2765,
            115
        ],
        "scores": [
            -1.0,
            0.9060065746307373,
            -0.8454184532165527,
            0.7626622319221497,
            0.7328730225563049
        ]
    },
    "8": {
        "top5_index": [
            1794,
            936,
            2833,
            670,
            374
        ],
        "scores": [
            -1.0,
            -0.858643651008606,
            -0.7172519564628601,
            -0.6920862197875977,
            0.5075024366378784
        ]
    },
    "9": {
        "top5_index": [
            1043,
            521,
            2805,
            1808,
            2271
        ],
        "scores": [
            1.0,
            -0.7747253179550171,
            -0.7510270476341248,
            -0.71533203125,
            -0.6995832920074463
        ]
    },
    "10": {
        "top5_index": [
            2761,
            1148,
            749,
            2872,
            2071
        ],
        "scores": [
            1.0,
            0.8699220418930054,
            0.8553229570388794,
            0.8146818280220032,
            0.7848585247993469
        ]
    },
    "11": {
        "top5_index": [
            2493,
            1225,
            1056,
            2123,
            3062
        ],
        "scores": [
            1.0,
            0.5929199457168579,
            0.5812897086143494,
            -0.5545715093612671,
            0.5473113059997559
        ]
    }
}