{
    "0": {
        "top5_index": [
            151,
            1,
            638,
            236,
            653
        ],
        "scores": [
            -1.0,
            -0.9734073281288147,
            -0.899638295173645,
            -0.8593266010284424,
            0.8571768403053284
        ]
    },
    "1": {
        "top5_index": [
            366,
            565,
            507,
            674,
            490
        ],
        "scores": [
            -1.0,
            -0.9198167324066162,
            0.9188912510871887,
            0.8907886147499084,
            0.8761966824531555
        ]
    },
    "2": {
        "top5_index": [
            507,
            423,
            190,
            88,
            765
        ],
        "scores": [
            1.0,
            0.9008975028991699,
            0.8315231204032898,
            -0.8304045796394348,
            -0.7790877223014832
        ]
    },
    "3": {
        "top5_index": [
            128,
            487,
            190,
            507,
            653
        ],
        "scores": [
            1.0,
            0.9247550964355469,
            0.9200427532196045,
            0.9023337364196777,
            0.8454856276512146
        ]
    },
    "4": {
        "top5_index": [
            487,
            313,
            507,
            69,
            289
        ],
        "scores": [
            1.0,
            0.9264422059059143,
            0.878751277923584,
            -0.8367010951042175,
            0.7819308638572693
        ]
    },
    "5": {
        "top5_index": [
            524,
            69,
            313,
            487,
            272
        ],
        "scores": [
            -1.0,
            -0.9789816737174988,
            0.9383211135864258,
            0.922801673412323,
            -0.8097686767578125
        ]
    },
    "6": {
        "top5_index": [
            487,
            524,
            496,
            753,
            253
        ],
        "scores": [
            1.0,
            -0.9613316059112549,
            -0.9093450903892517,
            -0.9071860909461975,
            -0.8778992891311646
        ]
    },
    "7": {
        "top5_index": [
            605,
            753,
            196,
            405,
            663
        ],
        "scores": [
            -1.0,
            -0.8017478585243225,
            -0.7947306036949158,
            0.7469397783279419,
            -0.7459235191345215
        ]
    },
    "8": {
        "top5_index": [
            605,
            405,
            748,
            663,
            548
        ],
        "scores": [
            -1.0,
            0.7987735271453857,
            0.7986297011375427,
            -0.7937276363372803,
            0.7686029672622681
        ]
    },
    "9": {
        "top5_index": [
            663,
            4,
            88,
            605,
            6
        ],
        "scores": [
            -1.0,
            0.9570064544677734,
            -0.8670718669891357,
            -0.853160560131073,
            0.7972601652145386
        ]
    },
    "10": {
        "top5_index": [
            605,
            88,
            663,
            748,
            319
        ],
        "scores": [
            -1.0,
            -0.9010822772979736,
            -0.8843894600868225,
            0.8766976594924927,
            0.8461281657218933
        ]
    },
    "11": {
        "top5_index": [
            605,
            702,
            577,
            169,
            319
        ],
        "scores": [
            -1.0,
            0.9249410033226013,
            -0.8609997034072876,
            0.8334483504295349,
            0.8219586610794067
        ]
    }
}