{
    "0": {
        "top5_index": [
            623,
            2277,
            2581,
            1333,
            2641
        ],
        "scores": [
            -1.0,
            -0.9886763095855713,
            0.9869217872619629,
            0.9828826189041138,
            -0.9588952660560608
        ]
    },
    "1": {
        "top5_index": [
            7,
            2506,
            2340,
            970,
            1119
        ],
        "scores": [
            1.0,
            0.9927570819854736,
            0.9047098159790039,
            0.904516339302063,
            -0.8766798973083496
        ]
    },
    "2": {
        "top5_index": [
            285,
            2311,
            1916,
            2772,
            2703
        ],
        "scores": [
            -1.0,
            -0.7247053980827332,
            0.6605056524276733,
            0.6503304839134216,
            -0.6479415893554688
        ]
    },
    "3": {
        "top5_index": [
            1758,
            2713,
            2318,
            183,
            3032
        ],
        "scores": [
            1.0,
            0.9772030711174011,
            0.8607429265975952,
            0.8517521619796753,
            0.8230475187301636
        ]
    },
    "4": {
        "top5_index": [
            2033,
            2311,
            2989,
            643,
            2934
        ],
        "scores": [
            -1.0,
            0.7766169905662537,
            0.765094518661499,
            0.7588547468185425,
            0.7305335402488708
        ]
    },
    "5": {
        "top5_index": [
            79,
            1367,
            803,
            1932,
            399
        ],
        "scores": [
            1.0,
            0.7913306355476379,
            -0.7613847851753235,
            0.7308880686759949,
            0.7222564816474915
        ]
    },
    "6": {
        "top5_index": [
            684,
            664,
            2896,
            1615,
            2503
        ],
        "scores": [
            -1.0,
            -0.6548051834106445,
            -0.5454979538917542,
            -0.542725682258606,
            -0.5236827731132507
        ]
    },
    "7": {
        "top5_index": [
            2390,
            1339,
            2765,
            2547,
            1562
        ],
        "scores": [
            1.0,
            0.8527946472167969,
            -0.8115379214286804,
            0.7509554028511047,
            0.6978709101676941
        ]
    },
    "8": {
        "top5_index": [
            1794,
            2676,
            670,
            1015,
            1493
        ],
        "scores": [
            1.0,
            0.9586184024810791,
            0.878624439239502,
            0.7457798719406128,
            0.7352520823478699
        ]
    },
    "9": {
        "top5_index": [
            1470,
            2394,
            2250,
            44,
            1043
        ],
        "scores": [
            -1.0,
            -0.963395893573761,
            -0.9607652425765991,
            -0.9594120979309082,
            -0.9568684697151184
        ]
    },
    "10": {
        "top5_index": [
            1148,
            303,
            2678,
            1137,
            2761
        ],
        "scores": [
            -1.0,
            -0.9515703916549683,
            -0.9303966760635376,
            -0.8900302648544312,
            -0.8761961460113525
        ]
    },
    "11": {
        "top5_index": [
            2493,
            853,
            2807,
            1092,
            2123
        ],
        "scores": [
            -1.0,
            -0.6387248039245605,
            0.6370844841003418,
            -0.6218990087509155,
            0.6117160320281982
        ]
    }
}