{
    "0": {
        "top5_index": [
            448,
            97,
            508,
            51,
            364
        ],
        "scores": [
            1.0,
            -0.9995666742324829,
            0.9180581569671631,
            0.9061070680618286,
            -0.8769123554229736
        ]
    },
    "1": {
        "top5_index": [
            51,
            508,
            97,
            448,
            364
        ],
        "scores": [
            1.0,
            0.8725360035896301,
            -0.7588083148002625,
            0.7277231812477112,
            -0.6964825391769409
        ]
    },
    "2": {
        "top5_index": [
            508,
            88,
            51,
            97,
            138
        ],
        "scores": [
            1.0,
            0.8991817235946655,
            0.7906190156936646,
            -0.7391964793205261,
            -0.6978215575218201
        ]
    },
    "3": {
        "top5_index": [
            508,
            97,
            88,
            57,
            653
        ],
        "scores": [
            1.0,
            -0.9062390923500061,
            0.8730836510658264,
            -0.8357303738594055,
            -0.8191698789596558
        ]
    },
    "4": {
        "top5_index": [
            508,
            586,
            565,
            605,
            97
        ],
        "scores": [
            1.0,
            -0.9997609257698059,
            0.9188807010650635,
            0.904346764087677,
            -0.9038408398628235
        ]
    },
    "5": {
        "top5_index": [
            565,
            653,
            448,
            395,
            68
        ],
        "scores": [
            1.0,
            -0.8709812760353088,
            0.8566719889640808,
            -0.8065188527107239,
            0.7950367331504822
        ]
    },
    "6": {
        "top5_index": [
            51,
            653,
            448,
            508,
            53
        ],
        "scores": [
            1.0,
            -0.9925481677055359,
            0.901328444480896,
            0.8804225325584412,
            0.8503320813179016
        ]
    },
    "7": {
        "top5_index": [
            653,
            393,
            679,
            395,
            88
        ],
        "scores": [
            -1.0,
            -0.9071711897850037,
            0.8667601346969604,
            -0.822832465171814,
            0.8022682666778564
        ]
    },
    "8": {
        "top5_index": [
            88,
            539,
            45,
            181,
            238
        ],
        "scores": [
            1.0,
            0.9692039489746094,
            -0.9610111713409424,
            -0.9536681175231934,
            -0.9368646144866943
        ]
    },
    "9": {
        "top5_index": [
            663,
            88,
            47,
            298,
            287
        ],
        "scores": [
            1.0,
            0.9339980483055115,
            0.8963661193847656,
            0.8826876282691956,
            0.8303784728050232
        ]
    },
    "10": {
        "top5_index": [
            88,
            313,
            707,
            605,
            119
        ],
        "scores": [
            1.0,
            -0.8828356862068176,
            -0.8788553476333618,
            0.8221137523651123,
            0.8214994668960571
        ]
    },
    "11": {
        "top5_index": [
            554,
            443,
            605,
            47,
            707
        ],
        "scores": [
            -1.0,
            -0.9304335117340088,
            0.9148324728012085,
            0.9135873913764954,
            -0.9021062850952148
        ]
    }
}