{
    "0": {
        "top5_index": [
            1,
            366,
            282,
            236,
            78
        ],
        "scores": [
            -1.0,
            -0.7961964011192322,
            -0.718871533870697,
            -0.6949338316917419,
            0.6736997961997986
        ]
    },
    "1": {
        "top5_index": [
            682,
            514,
            23,
            447,
            375
        ],
        "scores": [
            1.0,
            -0.9576606750488281,
            0.9221512675285339,
            -0.8749743700027466,
            0.8689056634902954
        ]
    },
    "2": {
        "top5_index": [
            448,
            61,
            625,
            514,
            97
        ],
        "scores": [
            -1.0,
            0.9258230328559875,
            0.7996779084205627,
            -0.7932076454162598,
            0.7267206311225891
        ]
    },
    "3": {
        "top5_index": [
            414,
            624,
            448,
            97,
            395
        ],
        "scores": [
            -1.0,
            -0.8927423357963562,
            -0.8308969140052795,
            0.7867206335067749,
            0.7286662459373474
        ]
    },
    "4": {
        "top5_index": [
            69,
            448,
            353,
            88,
            523
        ],
        "scores": [
            -1.0,
            -0.8719686269760132,
            -0.8418020009994507,
            -0.837507963180542,
            -0.8347295522689819
        ]
    },
    "5": {
        "top5_index": [
            674,
            69,
            441,
            319,
            134
        ],
        "scores": [
            1.0,
            -0.8911596536636353,
            -0.8731057047843933,
            0.8572486639022827,
            -0.8328219652175903
        ]
    },
    "6": {
        "top5_index": [
            674,
            319,
            38,
            134,
            645
        ],
        "scores": [
            1.0,
            0.8125699162483215,
            0.7986549735069275,
            -0.7730498909950256,
            -0.7224498987197876
        ]
    },
    "7": {
        "top5_index": [
            134,
            605,
            674,
            395,
            75
        ],
        "scores": [
            -1.0,
            -0.7241936922073364,
            0.716827392578125,
            0.6733422875404358,
            -0.6672640442848206
        ]
    },
    "8": {
        "top5_index": [
            134,
            730,
            38,
            229,
            737
        ],
        "scores": [
            -1.0,
            -0.8211857676506042,
            0.7748688459396362,
            0.7247920632362366,
            0.7124760746955872
        ]
    },
    "9": {
        "top5_index": [
            319,
            514,
            134,
            24,
            414
        ],
        "scores": [
            1.0,
            -0.9195162057876587,
            -0.913463294506073,
            0.9000120759010315,
            -0.8977192044258118
        ]
    },
    "10": {
        "top5_index": [
            605,
            319,
            748,
            663,
            88
        ],
        "scores": [
            -1.0,
            0.9004030823707581,
            0.8771130442619324,
            -0.8621875643730164,
            -0.8613533973693848
        ]
    },
    "11": {
        "top5_index": [
            605,
            702,
            577,
            169,
            319
        ],
        "scores": [
            -1.0,
            0.9249410033226013,
            -0.8609997034072876,
            0.8334484100341797,
            0.821958601474762
        ]
    }
}