{
    "0": {
        "top5_index": [
            630,
            1204,
            2115,
            3023,
            2032
        ],
        "scores": [
            -1.0,
            -0.9466993808746338,
            -0.9357312917709351,
            -0.92605060338974,
            -0.8800600171089172
        ]
    },
    "1": {
        "top5_index": [
            1061,
            2563,
            1435,
            1482,
            1510
        ],
        "scores": [
            -1.0,
            -0.990692675113678,
            0.9271746873855591,
            -0.7146999835968018,
            -0.7123661041259766
        ]
    },
    "2": {
        "top5_index": [
            666,
            159,
            2865,
            1543,
            1079
        ],
        "scores": [
            -1.0,
            -0.9618862867355347,
            -0.9162510633468628,
            -0.8807479739189148,
            0.8504535555839539
        ]
    },
    "3": {
        "top5_index": [
            1531,
            68,
            2660,
            824,
            2287
        ],
        "scores": [
            -1.0,
            -0.878730058670044,
            -0.806807816028595,
            -0.7302828431129456,
            -0.6787284016609192
        ]
    },
    "4": {
        "top5_index": [
            207,
            240,
            1266,
            2254,
            2508
        ],
        "scores": [
            -1.0,
            -0.8461591005325317,
            0.81437748670578,
            -0.759365439414978,
            0.7062684297561646
        ]
    },
    "5": {
        "top5_index": [
            79,
            699,
            1573,
            1440,
            1909
        ],
        "scores": [
            -1.0,
            -0.839375376701355,
            0.8110976219177246,
            -0.8082932233810425,
            0.7264100313186646
        ]
    },
    "6": {
        "top5_index": [
            684,
            1142,
            764,
            165,
            1930
        ],
        "scores": [
            1.0,
            0.48603200912475586,
            0.4823026657104492,
            0.45288223028182983,
            0.4469830393791199
        ]
    },
    "7": {
        "top5_index": [
            2547,
            1142,
            2390,
            164,
            1211
        ],
        "scores": [
            -1.0,
            -0.9119117856025696,
            -0.8127259612083435,
            0.7913285493850708,
            -0.7295992374420166
        ]
    },
    "8": {
        "top5_index": [
            1794,
            670,
            1493,
            936,
            2524
        ],
        "scores": [
            -1.0,
            -0.763660728931427,
            -0.6906258463859558,
            -0.5947588682174683,
            -0.5760390758514404
        ]
    },
    "9": {
        "top5_index": [
            2805,
            1043,
            1808,
            2382,
            2008
        ],
        "scores": [
            -1.0,
            0.8868057131767273,
            -0.8682869672775269,
            -0.8496028184890747,
            -0.8084617853164673
        ]
    },
    "10": {
        "top5_index": [
            2761,
            2872,
            2678,
            749,
            1148
        ],
        "scores": [
            1.0,
            0.7872949242591858,
            0.76703941822052,
            0.7303221821784973,
            0.718606173992157
        ]
    },
    "11": {
        "top5_index": [
            2493,
            1225,
            1056,
            2123,
            3062
        ],
        "scores": [
            1.0,
            0.5929203033447266,
            0.5812896490097046,
            -0.5545716881752014,
            0.5473113656044006
        ]
    }
}