{
    "0": {
        "top5_index": [
            259,
            82,
            595,
            554,
            755
        ],
        "scores": [
            1.0,
            0.994278609752655,
            0.98307865858078,
            -0.8051419854164124,
            -0.7712091207504272
        ]
    },
    "1": {
        "top5_index": [
            366,
            28,
            611,
            273,
            134
        ],
        "scores": [
            -1.0,
            0.9579296112060547,
            0.9367943406105042,
            0.9144522547721863,
            -0.8411963582038879
        ]
    },
    "2": {
        "top5_index": [
            296,
            326,
            674,
            60,
            448
        ],
        "scores": [
            -1.0,
            0.9755532145500183,
            0.9554932117462158,
            0.8741453289985657,
            -0.8321199417114258
        ]
    },
    "3": {
        "top5_index": [
            69,
            624,
            28,
            448,
            414
        ],
        "scores": [
            -1.0,
            -0.9901444315910339,
            0.9566406011581421,
            -0.8902356028556824,
            -0.8706634640693665
        ]
    },
    "4": {
        "top5_index": [
            100,
            69,
            448,
            60,
            289
        ],
        "scores": [
            1.0,
            -0.9391611218452454,
            -0.9279184937477112,
            0.8710955381393433,
            0.836909830570221
        ]
    },
    "5": {
        "top5_index": [
            100,
            448,
            69,
            546,
            190
        ],
        "scores": [
            1.0,
            -0.9693350195884705,
            -0.9157446026802063,
            -0.8377535343170166,
            0.8062559962272644
        ]
    },
    "6": {
        "top5_index": [
            448,
            72,
            69,
            41,
            674
        ],
        "scores": [
            -1.0,
            0.8020799160003662,
            -0.7866855263710022,
            0.772108793258667,
            0.7714109420776367
        ]
    },
    "7": {
        "top5_index": [
            134,
            278,
            605,
            448,
            705
        ],
        "scores": [
            -1.0,
            -0.8144957423210144,
            -0.7714282870292664,
            -0.7686163783073425,
            0.7479042410850525
        ]
    },
    "8": {
        "top5_index": [
            97,
            548,
            298,
            134,
            334
        ],
        "scores": [
            1.0,
            0.9344652891159058,
            -0.899088442325592,
            -0.8563389182090759,
            -0.8223145604133606
        ]
    },
    "9": {
        "top5_index": [
            6,
            414,
            134,
            238,
            45
        ],
        "scores": [
            1.0,
            -0.9147164821624756,
            -0.9102646112442017,
            0.9001452326774597,
            0.8159397840499878
        ]
    },
    "10": {
        "top5_index": [
            605,
            748,
            414,
            319,
            663
        ],
        "scores": [
            -1.0,
            0.8954567313194275,
            -0.8873980641365051,
            0.8827623724937439,
            -0.8595560789108276
        ]
    },
    "11": {
        "top5_index": [
            605,
            702,
            577,
            169,
            319
        ],
        "scores": [
            -1.0,
            0.9249410629272461,
            -0.8609997034072876,
            0.8334484696388245,
            0.8219586610794067
        ]
    }
}