{
    "0": {
        "top5_index": [
            2581,
            612,
            2912,
            2771,
            745
        ],
        "scores": [
            -1.0,
            0.9274641275405884,
            0.9197298288345337,
            -0.8792440891265869,
            0.8093933463096619
        ]
    },
    "1": {
        "top5_index": [
            379,
            2054,
            2442,
            2382,
            2008
        ],
        "scores": [
            1.0,
            0.8201203942298889,
            0.7891857624053955,
            0.7549179792404175,
            -0.7237140536308289
        ]
    },
    "2": {
        "top5_index": [
            227,
            666,
            2943,
            2386,
            2795
        ],
        "scores": [
            -1.0,
            -0.9851309657096863,
            0.9534519910812378,
            0.8746781349182129,
            -0.8708683252334595
        ]
    },
    "3": {
        "top5_index": [
            1531,
            68,
            2660,
            824,
            1470
        ],
        "scores": [
            -1.0,
            -0.9128987789154053,
            -0.9015113115310669,
            -0.8337316513061523,
            -0.7703844904899597
        ]
    },
    "4": {
        "top5_index": [
            2033,
            863,
            1841,
            2655,
            191
        ],
        "scores": [
            1.0,
            -0.9853442907333374,
            0.9728655815124512,
            0.9104169011116028,
            -0.850360631942749
        ]
    },
    "5": {
        "top5_index": [
            79,
            2166,
            951,
            2077,
            1573
        ],
        "scores": [
            -1.0,
            0.7494233250617981,
            0.7022594213485718,
            0.6851232647895813,
            0.6840746402740479
        ]
    },
    "6": {
        "top5_index": [
            684,
            764,
            1335,
            1321,
            2503
        ],
        "scores": [
            1.0,
            0.6471153497695923,
            0.521033525466919,
            0.4760386347770691,
            0.4561713635921478
        ]
    },
    "7": {
        "top5_index": [
            164,
            202,
            2765,
            1150,
            2648
        ],
        "scores": [
            1.0,
            -0.7818210124969482,
            0.7254731059074402,
            -0.7173715829849243,
            0.6845341920852661
        ]
    },
    "8": {
        "top5_index": [
            1794,
            670,
            673,
            2122,
            1449
        ],
        "scores": [
            -1.0,
            -0.8698188662528992,
            0.733220100402832,
            0.703343391418457,
            0.6911941766738892
        ]
    },
    "9": {
        "top5_index": [
            2382,
            2008,
            507,
            1053,
            2173
        ],
        "scores": [
            -1.0,
            -0.9141189455986023,
            -0.8951325416564941,
            -0.8623804450035095,
            0.8508631587028503
        ]
    },
    "10": {
        "top5_index": [
            2761,
            2678,
            2872,
            1148,
            749
        ],
        "scores": [
            1.0,
            0.842413604259491,
            0.7925385236740112,
            0.7785592079162598,
            0.7323217988014221
        ]
    },
    "11": {
        "top5_index": [
            2493,
            1225,
            1056,
            2123,
            3062
        ],
        "scores": [
            1.0,
            0.5929198265075684,
            0.5812896490097046,
            -0.5545717477798462,
            0.5473111271858215
        ]
    }
}