{
    "0": {
        "top5_index": [
            281,
            237,
            259,
            82,
            357
        ],
        "scores": [
            1.0,
            0.9771407246589661,
            0.8364179730415344,
            0.8177308440208435,
            -0.6359415054321289
        ]
    },
    "1": {
        "top5_index": [
            507,
            106,
            681,
            110,
            627
        ],
        "scores": [
            1.0,
            0.9769153594970703,
            0.9303798079490662,
            0.888351321220398,
            -0.8792807459831238
        ]
    },
    "2": {
        "top5_index": [
            507,
            366,
            448,
            296,
            678
        ],
        "scores": [
            1.0,
            -0.8676943182945251,
            -0.8309470415115356,
            -0.7989453077316284,
            0.7892411351203918
        ]
    },
    "3": {
        "top5_index": [
            507,
            236,
            414,
            128,
            448
        ],
        "scores": [
            1.0,
            -0.9843262434005737,
            -0.956314206123352,
            0.9507961273193359,
            -0.8582906126976013
        ]
    },
    "4": {
        "top5_index": [
            100,
            507,
            281,
            448,
            571
        ],
        "scores": [
            1.0,
            0.9153566956520081,
            0.804681658744812,
            -0.7740395665168762,
            -0.7615998983383179
        ]
    },
    "5": {
        "top5_index": [
            719,
            281,
            100,
            69,
            448
        ],
        "scores": [
            1.0,
            0.9962747693061829,
            0.9952579736709595,
            -0.9145807027816772,
            -0.9012629985809326
        ]
    },
    "6": {
        "top5_index": [
            314,
            264,
            69,
            674,
            83
        ],
        "scores": [
            1.0,
            0.7573627233505249,
            -0.7529544830322266,
            0.7410871386528015,
            -0.7238070964813232
        ]
    },
    "7": {
        "top5_index": [
            575,
            294,
            281,
            264,
            33
        ],
        "scores": [
            -1.0,
            0.9984662532806396,
            0.9918850064277649,
            0.9810446500778198,
            -0.9587298631668091
        ]
    },
    "8": {
        "top5_index": [
            134,
            38,
            548,
            264,
            97
        ],
        "scores": [
            -1.0,
            0.9322163462638855,
            0.8294770121574402,
            0.8114727139472961,
            0.8076170682907104
        ]
    },
    "9": {
        "top5_index": [
            134,
            571,
            663,
            6,
            414
        ],
        "scores": [
            -1.0,
            -0.8823755383491516,
            -0.8583565354347229,
            0.8416179418563843,
            -0.8270264863967896
        ]
    },
    "10": {
        "top5_index": [
            605,
            663,
            88,
            748,
            319
        ],
        "scores": [
            -1.0,
            -0.9421958327293396,
            -0.9207465052604675,
            0.8462430238723755,
            0.8385961651802063
        ]
    },
    "11": {
        "top5_index": [
            605,
            702,
            577,
            169,
            319
        ],
        "scores": [
            -1.0,
            0.9249410629272461,
            -0.8609997034072876,
            0.8334484100341797,
            0.821958601474762
        ]
    }
}