{
    "0": {
        "top5_index": [
            2581,
            1914,
            1463,
            1704,
            1167
        ],
        "scores": [
            -1.0,
            -0.8492312431335449,
            0.7841827869415283,
            0.6497611999511719,
            0.6285935640335083
        ]
    },
    "1": {
        "top5_index": [
            1978,
            489,
            2054,
            379,
            946
        ],
        "scores": [
            -1.0,
            -0.8720462918281555,
            0.659544825553894,
            0.6583154201507568,
            -0.6512653231620789
        ]
    },
    "2": {
        "top5_index": [
            2038,
            636,
            666,
            1858,
            2699
        ],
        "scores": [
            1.0,
            -0.9047470092773438,
            -0.842600405216217,
            0.8223006725311279,
            -0.8137270212173462
        ]
    },
    "3": {
        "top5_index": [
            1531,
            2660,
            68,
            824,
            1470
        ],
        "scores": [
            -1.0,
            -0.9056409001350403,
            -0.8860368132591248,
            -0.8524452447891235,
            -0.8047307133674622
        ]
    },
    "4": {
        "top5_index": [
            863,
            1841,
            2655,
            2570,
            117
        ],
        "scores": [
            -1.0,
            0.9070108532905579,
            0.8871129751205444,
            0.8822916746139526,
            -0.8664181232452393
        ]
    },
    "5": {
        "top5_index": [
            79,
            2166,
            1573,
            2882,
            1868
        ],
        "scores": [
            -1.0,
            0.6799526810646057,
            0.644056499004364,
            0.5567849278450012,
            -0.5523303747177124
        ]
    },
    "6": {
        "top5_index": [
            684,
            2503,
            764,
            2896,
            1930
        ],
        "scores": [
            1.0,
            0.5312500596046448,
            0.5083258152008057,
            0.44550636410713196,
            0.4357873797416687
        ]
    },
    "7": {
        "top5_index": [
            2765,
            164,
            2648,
            2547,
            1865
        ],
        "scores": [
            1.0,
            0.9679728746414185,
            0.7022606134414673,
            -0.6359080076217651,
            0.5756153464317322
        ]
    },
    "8": {
        "top5_index": [
            1794,
            2122,
            374,
            670,
            93
        ],
        "scores": [
            -1.0,
            0.9023937582969666,
            0.8904247283935547,
            -0.7292595505714417,
            -0.6907486319541931
        ]
    },
    "9": {
        "top5_index": [
            2382,
            507,
            2194,
            1603,
            335
        ],
        "scores": [
            -1.0,
            -0.920206606388092,
            -0.8489541411399841,
            -0.841594934463501,
            -0.8327361941337585
        ]
    },
    "10": {
        "top5_index": [
            2761,
            1032,
            1148,
            749,
            1662
        ],
        "scores": [
            1.0,
            -0.8691507577896118,
            0.7883902192115784,
            0.7762523293495178,
            -0.7561432123184204
        ]
    },
    "11": {
        "top5_index": [
            2493,
            1225,
            1056,
            2123,
            3062
        ],
        "scores": [
            1.0,
            0.5929198861122131,
            0.5812897086143494,
            -0.5545716881752014,
            0.5473114252090454
        ]
    }
}