{
    "0": {
        "top5_index": [
            281,
            82,
            1,
            508,
            89
        ],
        "scores": [
            1.0,
            0.7026374936103821,
            -0.6661233305931091,
            -0.6061141490936279,
            -0.5772871971130371
        ]
    },
    "1": {
        "top5_index": [
            512,
            51,
            507,
            293,
            678
        ],
        "scores": [
            1.0,
            -0.978479266166687,
            0.9784440398216248,
            -0.8008258938789368,
            0.7876709699630737
        ]
    },
    "2": {
        "top5_index": [
            507,
            512,
            554,
            488,
            51
        ],
        "scores": [
            1.0,
            0.8478219509124756,
            0.8393197059631348,
            -0.7984617948532104,
            -0.7620614171028137
        ]
    },
    "3": {
        "top5_index": [
            554,
            414,
            628,
            97,
            507
        ],
        "scores": [
            1.0,
            -0.9137200713157654,
            0.8510333895683289,
            0.827018141746521,
            0.8255444169044495
        ]
    },
    "4": {
        "top5_index": [
            51,
            554,
            69,
            512,
            100
        ],
        "scores": [
            -1.0,
            0.98899245262146,
            -0.9382947683334351,
            0.9260414242744446,
            0.9253032803535461
        ]
    },
    "5": {
        "top5_index": [
            69,
            53,
            674,
            311,
            433
        ],
        "scores": [
            -1.0,
            -0.8444351553916931,
            0.7868785858154297,
            -0.7762669324874878,
            0.770898163318634
        ]
    },
    "6": {
        "top5_index": [
            69,
            134,
            53,
            314,
            674
        ],
        "scores": [
            -1.0,
            -0.9084877967834473,
            -0.908035159111023,
            0.8959077000617981,
            0.8473191857337952
        ]
    },
    "7": {
        "top5_index": [
            134,
            393,
            605,
            395,
            679
        ],
        "scores": [
            -1.0,
            0.9961880445480347,
            -0.9306032061576843,
            0.8775589466094971,
            -0.864291787147522
        ]
    },
    "8": {
        "top5_index": [
            134,
            393,
            395,
            220,
            605
        ],
        "scores": [
            -1.0,
            0.8577247858047485,
            0.8272027373313904,
            0.8268011212348938,
            -0.796568751335144
        ]
    },
    "9": {
        "top5_index": [
            663,
            393,
            134,
            605,
            72
        ],
        "scores": [
            -1.0,
            0.8870524764060974,
            -0.8335598707199097,
            -0.8288276195526123,
            0.8169845342636108
        ]
    },
    "10": {
        "top5_index": [
            605,
            663,
            748,
            393,
            88
        ],
        "scores": [
            -1.0,
            -0.8947348594665527,
            0.8824264407157898,
            0.8547769784927368,
            -0.8271975517272949
        ]
    },
    "11": {
        "top5_index": [
            605,
            702,
            577,
            169,
            319
        ],
        "scores": [
            -1.0,
            0.9249411225318909,
            -0.8609997034072876,
            0.8334484100341797,
            0.8219586610794067
        ]
    }
}