{
    "0": {
        "top5_index": [
            612,
            2995,
            2255,
            2912,
            1017
        ],
        "scores": [
            1.0,
            0.9769271612167358,
            -0.9760310053825378,
            0.973985493183136,
            -0.9694300293922424
        ]
    },
    "1": {
        "top5_index": [
            946,
            1978,
            379,
            1793,
            1196
        ],
        "scores": [
            -1.0,
            -0.9936856031417847,
            0.986392080783844,
            -0.9104811549186707,
            -0.9058090448379517
        ]
    },
    "2": {
        "top5_index": [
            471,
            637,
            3017,
            636,
            325
        ],
        "scores": [
            -1.0,
            -0.8890783786773682,
            -0.7436362504959106,
            -0.7343220710754395,
            0.7107685804367065
        ]
    },
    "3": {
        "top5_index": [
            2290,
            316,
            1364,
            2565,
            2650
        ],
        "scores": [
            1.0,
            0.9334798455238342,
            0.9326825737953186,
            0.9293705821037292,
            0.8981247544288635
        ]
    },
    "4": {
        "top5_index": [
            2033,
            1014,
            2187,
            1809,
            2422
        ],
        "scores": [
            1.0,
            -0.8067288994789124,
            0.6996432542800903,
            0.6961474418640137,
            0.6907485127449036
        ]
    },
    "5": {
        "top5_index": [
            79,
            2386,
            1688,
            1471,
            1289
        ],
        "scores": [
            -1.0,
            -0.8478455543518066,
            -0.7950588464736938,
            -0.7606475353240967,
            -0.7056054472923279
        ]
    },
    "6": {
        "top5_index": [
            684,
            2503,
            764,
            1235,
            1930
        ],
        "scores": [
            1.0,
            0.5804388523101807,
            0.5693950057029724,
            -0.5443410873413086,
            0.48794591426849365
        ]
    },
    "7": {
        "top5_index": [
            2547,
            2390,
            164,
            1865,
            2765
        ],
        "scores": [
            -1.0,
            -0.8335487246513367,
            0.6301138401031494,
            0.6089821457862854,
            0.5968648195266724
        ]
    },
    "8": {
        "top5_index": [
            1794,
            670,
            936,
            1394,
            1015
        ],
        "scores": [
            -1.0,
            -0.8097075819969177,
            -0.6986243724822998,
            -0.6711775660514832,
            -0.6142652034759521
        ]
    },
    "9": {
        "top5_index": [
            1043,
            107,
            2805,
            2382,
            774
        ],
        "scores": [
            1.0,
            -0.7637863755226135,
            -0.7441850900650024,
            -0.7034848928451538,
            -0.7015724182128906
        ]
    },
    "10": {
        "top5_index": [
            2761,
            1041,
            2872,
            745,
            749
        ],
        "scores": [
            1.0,
            0.8130424618721008,
            0.8107987642288208,
            -0.8093108534812927,
            0.7604881525039673
        ]
    },
    "11": {
        "top5_index": [
            2493,
            1225,
            1056,
            2123,
            3062
        ],
        "scores": [
            1.0,
            0.5929200053215027,
            0.5812898278236389,
            -0.5545717477798462,
            0.5473113656044006
        ]
    }
}