{
    "0": {
        "top5_index": [
            237,
            73,
            395,
            517,
            674
        ],
        "scores": [
            1.0,
            0.987557590007782,
            0.8657435178756714,
            -0.7703925371170044,
            0.7442450523376465
        ]
    },
    "1": {
        "top5_index": [
            134,
            581,
            512,
            678,
            595
        ],
        "scores": [
            -1.0,
            0.8921636939048767,
            0.8487942814826965,
            0.7362246513366699,
            -0.6692776679992676
        ]
    },
    "2": {
        "top5_index": [
            512,
            304,
            581,
            595,
            452
        ],
        "scores": [
            1.0,
            -0.736515998840332,
            0.726250946521759,
            -0.6400456428527832,
            -0.6295387744903564
        ]
    },
    "3": {
        "top5_index": [
            512,
            648,
            707,
            183,
            304
        ],
        "scores": [
            1.0,
            -0.9839286804199219,
            0.9761121273040771,
            0.970414400100708,
            -0.9298496842384338
        ]
    },
    "4": {
        "top5_index": [
            508,
            69,
            88,
            707,
            535
        ],
        "scores": [
            -1.0,
            -0.9828439950942993,
            -0.967927873134613,
            0.9582937955856323,
            -0.9457840323448181
        ]
    },
    "5": {
        "top5_index": [
            508,
            69,
            395,
            512,
            524
        ],
        "scores": [
            -1.0,
            -0.9986009001731873,
            0.888394296169281,
            0.8600935339927673,
            -0.8555541038513184
        ]
    },
    "6": {
        "top5_index": [
            508,
            134,
            314,
            57,
            53
        ],
        "scores": [
            -1.0,
            -0.9261369109153748,
            0.8894524574279785,
            0.8881004452705383,
            -0.8798919916152954
        ]
    },
    "7": {
        "top5_index": [
            134,
            395,
            653,
            419,
            92
        ],
        "scores": [
            -1.0,
            0.9170512557029724,
            0.9105491042137146,
            0.8972518444061279,
            0.8920381665229797
        ]
    },
    "8": {
        "top5_index": [
            134,
            220,
            88,
            286,
            395
        ],
        "scores": [
            -1.0,
            0.7380501627922058,
            -0.7230334281921387,
            0.689411997795105,
            0.6879798173904419
        ]
    },
    "9": {
        "top5_index": [
            134,
            72,
            414,
            287,
            4
        ],
        "scores": [
            -1.0,
            0.8468314409255981,
            -0.815059244632721,
            -0.7946957349777222,
            0.7944066524505615
        ]
    },
    "10": {
        "top5_index": [
            605,
            88,
            748,
            663,
            414
        ],
        "scores": [
            -1.0,
            -0.9103240370750427,
            0.8585358262062073,
            -0.8363538980484009,
            -0.8262035250663757
        ]
    },
    "11": {
        "top5_index": [
            605,
            702,
            577,
            169,
            319
        ],
        "scores": [
            -1.0,
            0.9249410629272461,
            -0.8609997034072876,
            0.8334484100341797,
            0.8219586610794067
        ]
    }
}