{
    "0": {
        "top5_index": [
            2581,
            250,
            1463,
            420,
            623
        ],
        "scores": [
            -1.0,
            -0.8148843050003052,
            0.7699316740036011,
            0.7058943510055542,
            0.6478965878486633
        ]
    },
    "1": {
        "top5_index": [
            379,
            924,
            2382,
            1778,
            700
        ],
        "scores": [
            1.0,
            -0.8296233415603638,
            0.8027984499931335,
            0.7691847681999207,
            -0.7197140455245972
        ]
    },
    "2": {
        "top5_index": [
            2382,
            2772,
            159,
            2368,
            2557
        ],
        "scores": [
            -1.0,
            -0.9544950127601624,
            -0.8088912963867188,
            -0.7851037979125977,
            -0.7797041535377502
        ]
    },
    "3": {
        "top5_index": [
            2664,
            1531,
            2660,
            1197,
            2342
        ],
        "scores": [
            -1.0,
            -0.9927082657814026,
            -0.9436637163162231,
            -0.8762636184692383,
            -0.8554075956344604
        ]
    },
    "4": {
        "top5_index": [
            1452,
            1014,
            2663,
            2493,
            1660
        ],
        "scores": [
            -1.0,
            -0.8422280550003052,
            0.7908382415771484,
            -0.725222110748291,
            0.7236101031303406
        ]
    },
    "5": {
        "top5_index": [
            79,
            354,
            2038,
            422,
            2068
        ],
        "scores": [
            -1.0,
            -0.8397294282913208,
            0.8297430276870728,
            -0.8195064067840576,
            -0.7715162038803101
        ]
    },
    "6": {
        "top5_index": [
            684,
            764,
            2503,
            77,
            2429
        ],
        "scores": [
            1.0,
            0.6920219659805298,
            0.5430006384849548,
            -0.5406550168991089,
            0.4823743999004364
        ]
    },
    "7": {
        "top5_index": [
            2390,
            2547,
            1339,
            1562,
            164
        ],
        "scores": [
            -1.0,
            -0.8174026012420654,
            -0.6878707408905029,
            -0.6769786477088928,
            0.650055468082428
        ]
    },
    "8": {
        "top5_index": [
            1794,
            936,
            670,
            1493,
            2833
        ],
        "scores": [
            -1.0,
            -0.928665816783905,
            -0.7983742952346802,
            -0.6217442154884338,
            -0.6067520380020142
        ]
    },
    "9": {
        "top5_index": [
            1043,
            1679,
            107,
            1436,
            2173
        ],
        "scores": [
            1.0,
            0.7739685773849487,
            -0.7325344681739807,
            0.6925424933433533,
            0.6690068244934082
        ]
    },
    "10": {
        "top5_index": [
            2761,
            749,
            1148,
            2678,
            1032
        ],
        "scores": [
            1.0,
            0.7758164405822754,
            0.7655210494995117,
            0.7494558691978455,
            -0.7016119360923767
        ]
    },
    "11": {
        "top5_index": [
            2493,
            1225,
            1056,
            2123,
            3062
        ],
        "scores": [
            1.0,
            0.5929199457168579,
            0.5812896490097046,
            -0.5545716881752014,
            0.5473114252090454
        ]
    }
}