{
    "0": {
        "top5_index": [
            1,
            259,
            366,
            281,
            82
        ],
        "scores": [
            -1.0,
            0.7747420072555542,
            -0.7037844061851501,
            0.6904228925704956,
            0.6306621432304382
        ]
    },
    "1": {
        "top5_index": [
            678,
            375,
            106,
            448,
            474
        ],
        "scores": [
            1.0,
            0.8771888017654419,
            0.8307082653045654,
            -0.795380711555481,
            -0.7737526297569275
        ]
    },
    "2": {
        "top5_index": [
            349,
            296,
            690,
            448,
            299
        ],
        "scores": [
            -1.0,
            -0.9758599996566772,
            0.9597926735877991,
            -0.9411261081695557,
            0.9393293261528015
        ]
    },
    "3": {
        "top5_index": [
            631,
            448,
            236,
            73,
            489
        ],
        "scores": [
            1.0,
            -0.9987214803695679,
            -0.9831775426864624,
            0.9674571752548218,
            0.9418487548828125
        ]
    },
    "4": {
        "top5_index": [
            457,
            76,
            100,
            520,
            631
        ],
        "scores": [
            -1.0,
            0.9679273962974548,
            0.8699900507926941,
            -0.8353383541107178,
            0.8347856998443604
        ]
    },
    "5": {
        "top5_index": [
            311,
            257,
            229,
            448,
            538
        ],
        "scores": [
            -1.0,
            0.9469363689422607,
            0.9453229904174805,
            -0.9305199384689331,
            0.8736026883125305
        ]
    },
    "6": {
        "top5_index": [
            396,
            92,
            405,
            20,
            448
        ],
        "scores": [
            1.0,
            0.9897661209106445,
            0.9772949814796448,
            0.9758698344230652,
            -0.9495999217033386
        ]
    },
    "7": {
        "top5_index": [
            134,
            405,
            97,
            587,
            730
        ],
        "scores": [
            -1.0,
            0.9791545271873474,
            0.9633792042732239,
            0.9440167546272278,
            -0.9365374445915222
        ]
    },
    "8": {
        "top5_index": [
            737,
            134,
            97,
            730,
            131
        ],
        "scores": [
            1.0,
            -0.9632183909416199,
            0.8476136922836304,
            -0.8320802450180054,
            -0.7880508899688721
        ]
    },
    "9": {
        "top5_index": [
            134,
            45,
            690,
            120,
            663
        ],
        "scores": [
            -1.0,
            0.961521327495575,
            0.8606741428375244,
            -0.857172429561615,
            -0.8535451292991638
        ]
    },
    "10": {
        "top5_index": [
            605,
            663,
            88,
            748,
            690
        ],
        "scores": [
            -1.0,
            -0.9481167197227478,
            -0.9416069388389587,
            0.8901012539863586,
            0.8900721073150635
        ]
    },
    "11": {
        "top5_index": [
            605,
            702,
            577,
            169,
            319
        ],
        "scores": [
            -1.0,
            0.9249410629272461,
            -0.8609997034072876,
            0.8334484100341797,
            0.8219587206840515
        ]
    }
}