{
    "0": {
        "top5_index": [
            2115,
            2255,
            2400,
            2912,
            2031
        ],
        "scores": [
            -1.0,
            -0.9706711173057556,
            -0.9275929927825928,
            0.9003457427024841,
            -0.8969005346298218
        ]
    },
    "1": {
        "top5_index": [
            1778,
            1510,
            2563,
            1058,
            1726
        ],
        "scores": [
            1.0,
            -0.8665414452552795,
            -0.8358110189437866,
            0.8323417901992798,
            0.794066309928894
        ]
    },
    "2": {
        "top5_index": [
            2943,
            2386,
            707,
            2200,
            690
        ],
        "scores": [
            1.0,
            0.8659365177154541,
            0.8319767713546753,
            0.8306229710578918,
            -0.7982579469680786
        ]
    },
    "3": {
        "top5_index": [
            830,
            2242,
            2265,
            2138,
            294
        ],
        "scores": [
            1.0,
            0.9902507066726685,
            -0.8499764800071716,
            0.8164381384849548,
            0.8147945404052734
        ]
    },
    "4": {
        "top5_index": [
            1841,
            207,
            1610,
            1442,
            1014
        ],
        "scores": [
            1.0,
            -0.9806616306304932,
            0.9547028541564941,
            0.8765186667442322,
            -0.8722488284111023
        ]
    },
    "5": {
        "top5_index": [
            79,
            2381,
            1932,
            1837,
            1868
        ],
        "scores": [
            -1.0,
            -0.8187131881713867,
            -0.7973505258560181,
            -0.7785586714744568,
            -0.7553260922431946
        ]
    },
    "6": {
        "top5_index": [
            684,
            764,
            1930,
            1732,
            106
        ],
        "scores": [
            1.0,
            0.6280401349067688,
            0.5962823629379272,
            0.5627577900886536,
            0.5465332865715027
        ]
    },
    "7": {
        "top5_index": [
            2390,
            202,
            2547,
            1471,
            1689
        ],
        "scores": [
            -1.0,
            -0.8628862500190735,
            -0.8575960993766785,
            -0.8223446011543274,
            -0.8164207339286804
        ]
    },
    "8": {
        "top5_index": [
            1794,
            2122,
            1015,
            1394,
            93
        ],
        "scores": [
            -1.0,
            0.9876345992088318,
            -0.8126701712608337,
            -0.8072744011878967,
            -0.7880582213401794
        ]
    },
    "9": {
        "top5_index": [
            2956,
            2194,
            2738,
            1443,
            782
        ],
        "scores": [
            -1.0,
            -0.9762294888496399,
            0.8823233246803284,
            -0.8376806974411011,
            -0.8270210027694702
        ]
    },
    "10": {
        "top5_index": [
            1148,
            2761,
            1032,
            126,
            705
        ],
        "scores": [
            1.0,
            0.9800158739089966,
            -0.9254547357559204,
            -0.8699321150779724,
            0.8479275703430176
        ]
    },
    "11": {
        "top5_index": [
            2493,
            1225,
            1056,
            2123,
            3062
        ],
        "scores": [
            1.0,
            0.5929198265075684,
            0.5812895894050598,
            -0.5545715093612671,
            0.5473113059997559
        ]
    }
}