{
    "0": {
        "top5_index": [
            2581,
            612,
            1914,
            516,
            2401
        ],
        "scores": [
            -1.0,
            0.8676210045814514,
            -0.8438863158226013,
            0.8386564254760742,
            0.7944134473800659
        ]
    },
    "1": {
        "top5_index": [
            1510,
            2563,
            2949,
            2102,
            982
        ],
        "scores": [
            -1.0,
            -0.8527940511703491,
            -0.795723557472229,
            -0.794638454914093,
            -0.7874290943145752
        ]
    },
    "2": {
        "top5_index": [
            227,
            666,
            2795,
            2897,
            351
        ],
        "scores": [
            -1.0,
            -0.9188330173492432,
            -0.8993025422096252,
            -0.8562946915626526,
            0.8500911593437195
        ]
    },
    "3": {
        "top5_index": [
            1531,
            68,
            2660,
            824,
            2664
        ],
        "scores": [
            -1.0,
            -0.9680575728416443,
            -0.8771429061889648,
            -0.823255717754364,
            -0.7578065991401672
        ]
    },
    "4": {
        "top5_index": [
            3054,
            391,
            1960,
            863,
            117
        ],
        "scores": [
            -1.0,
            0.983071506023407,
            -0.9799314141273499,
            -0.9456367492675781,
            -0.9066026210784912
        ]
    },
    "5": {
        "top5_index": [
            79,
            2166,
            951,
            2077,
            2882
        ],
        "scores": [
            -1.0,
            0.8300604820251465,
            0.7788193225860596,
            0.7398544549942017,
            0.658488929271698
        ]
    },
    "6": {
        "top5_index": [
            684,
            1930,
            2503,
            1226,
            1235
        ],
        "scores": [
            1.0,
            0.5040536522865295,
            0.4852820038795471,
            0.43727919459342957,
            -0.42006248235702515
        ]
    },
    "7": {
        "top5_index": [
            2547,
            2390,
            1142,
            164,
            2765
        ],
        "scores": [
            -1.0,
            -0.8892178535461426,
            -0.795703649520874,
            0.7462323904037476,
            0.6502988338470459
        ]
    },
    "8": {
        "top5_index": [
            1794,
            670,
            1493,
            2340,
            1394
        ],
        "scores": [
            -1.0,
            -0.8771544694900513,
            -0.710623562335968,
            0.6456223726272583,
            -0.5834178924560547
        ]
    },
    "9": {
        "top5_index": [
            2805,
            2437,
            2382,
            1043,
            601
        ],
        "scores": [
            -1.0,
            -0.9541616439819336,
            -0.948783278465271,
            0.9200623035430908,
            -0.9135595560073853
        ]
    },
    "10": {
        "top5_index": [
            2761,
            2872,
            749,
            1041,
            1148
        ],
        "scores": [
            1.0,
            0.8165053129196167,
            0.7528175711631775,
            0.7428211569786072,
            0.7154907584190369
        ]
    },
    "11": {
        "top5_index": [
            2493,
            1225,
            1056,
            2123,
            3062
        ],
        "scores": [
            1.0,
            0.5929198265075684,
            0.5812895894050598,
            -0.5545716881752014,
            0.5473113656044006
        ]
    }
}