{
    "0": {
        "top5_index": [
            82,
            259,
            508,
            595,
            237
        ],
        "scores": [
            1.0,
            0.9014468789100647,
            -0.7548686861991882,
            0.7164022922515869,
            0.6979858875274658
        ]
    },
    "1": {
        "top5_index": [
            106,
            507,
            611,
            353,
            366
        ],
        "scores": [
            1.0,
            0.9484314322471619,
            0.9233429431915283,
            -0.9213136434555054,
            -0.8813346028327942
        ]
    },
    "2": {
        "top5_index": [
            514,
            392,
            625,
            448,
            719
        ],
        "scores": [
            -1.0,
            -0.937903642654419,
            0.9362553358078003,
            -0.9324585795402527,
            0.8891043663024902
        ]
    },
    "3": {
        "top5_index": [
            128,
            236,
            522,
            97,
            624
        ],
        "scores": [
            1.0,
            -0.9827324748039246,
            0.8649374842643738,
            0.7993268966674805,
            -0.7976894378662109
        ]
    },
    "4": {
        "top5_index": [
            571,
            355,
            236,
            507,
            134
        ],
        "scores": [
            -1.0,
            -0.9550604224205017,
            -0.9543251991271973,
            0.9159603714942932,
            -0.9008644819259644
        ]
    },
    "5": {
        "top5_index": [
            69,
            134,
            441,
            281,
            527
        ],
        "scores": [
            -1.0,
            -0.9910364747047424,
            -0.8831768035888672,
            0.881766140460968,
            0.7807022333145142
        ]
    },
    "6": {
        "top5_index": [
            134,
            314,
            69,
            355,
            674
        ],
        "scores": [
            -1.0,
            0.9968979954719543,
            -0.9525012969970703,
            -0.9059779644012451,
            0.8147625923156738
        ]
    },
    "7": {
        "top5_index": [
            134,
            395,
            38,
            393,
            690
        ],
        "scores": [
            -1.0,
            0.6610389351844788,
            0.645428478717804,
            0.6382668018341064,
            0.5973118543624878
        ]
    },
    "8": {
        "top5_index": [
            134,
            393,
            730,
            229,
            38
        ],
        "scores": [
            -1.0,
            0.8790671229362488,
            -0.7813681960105896,
            0.7471777200698853,
            0.7362115383148193
        ]
    },
    "9": {
        "top5_index": [
            134,
            216,
            393,
            238,
            414
        ],
        "scores": [
            -1.0,
            0.9710068702697754,
            0.9602727890014648,
            0.890670120716095,
            -0.8730305433273315
        ]
    },
    "10": {
        "top5_index": [
            605,
            393,
            319,
            414,
            748
        ],
        "scores": [
            -1.0,
            0.9265580177307129,
            0.8872028589248657,
            -0.8731420636177063,
            0.8586085438728333
        ]
    },
    "11": {
        "top5_index": [
            605,
            702,
            577,
            169,
            319
        ],
        "scores": [
            -1.0,
            0.9249410033226013,
            -0.8609996438026428,
            0.8334482908248901,
            0.821958601474762
        ]
    }
}