{
    "0": {
        "top5_index": [
            248,
            2581,
            1204,
            2976,
            630
        ],
        "scores": [
            1.0,
            -0.9429425001144409,
            -0.8582267761230469,
            0.8453872203826904,
            -0.8385906219482422
        ]
    },
    "1": {
        "top5_index": [
            1816,
            377,
            1482,
            136,
            1637
        ],
        "scores": [
            -1.0,
            -0.9489038586616516,
            -0.943199098110199,
            -0.8976603150367737,
            0.8916087746620178
        ]
    },
    "2": {
        "top5_index": [
            159,
            859,
            1842,
            2490,
            3040
        ],
        "scores": [
            -1.0,
            -0.9482448697090149,
            0.870147705078125,
            0.8554184436798096,
            0.8161601424217224
        ]
    },
    "3": {
        "top5_index": [
            1531,
            2660,
            68,
            824,
            2664
        ],
        "scores": [
            -1.0,
            -0.9076237678527832,
            -0.8848143815994263,
            -0.8334552049636841,
            -0.8027538061141968
        ]
    },
    "4": {
        "top5_index": [
            2655,
            1452,
            1137,
            2033,
            781
        ],
        "scores": [
            1.0,
            -0.9911981225013733,
            0.9274742007255554,
            0.8798857927322388,
            0.8233223557472229
        ]
    },
    "5": {
        "top5_index": [
            415,
            659,
            1229,
            2194,
            771
        ],
        "scores": [
            -1.0,
            0.9901389479637146,
            0.9693483114242554,
            0.9673154950141907,
            -0.9346988797187805
        ]
    },
    "6": {
        "top5_index": [
            684,
            2503,
            1930,
            73,
            278
        ],
        "scores": [
            1.0,
            0.5598230957984924,
            0.5171658396720886,
            0.5019261240959167,
            -0.4585546851158142
        ]
    },
    "7": {
        "top5_index": [
            2390,
            2547,
            1339,
            2765,
            1952
        ],
        "scores": [
            -1.0,
            -0.7391970157623291,
            -0.6277521252632141,
            0.6129277944564819,
            0.605265736579895
        ]
    },
    "8": {
        "top5_index": [
            1794,
            936,
            670,
            1493,
            2122
        ],
        "scores": [
            -1.0,
            -0.8909576535224915,
            -0.8072103261947632,
            -0.6424621939659119,
            0.5864443182945251
        ]
    },
    "9": {
        "top5_index": [
            1043,
            1436,
            2271,
            2173,
            2805
        ],
        "scores": [
            1.0,
            0.6410384178161621,
            -0.6390641927719116,
            0.6272169351577759,
            -0.6179462671279907
        ]
    },
    "10": {
        "top5_index": [
            2761,
            749,
            1148,
            2872,
            2678
        ],
        "scores": [
            1.0,
            0.9072805643081665,
            0.7695254683494568,
            0.7457177639007568,
            0.7315353751182556
        ]
    },
    "11": {
        "top5_index": [
            2493,
            1225,
            1056,
            2123,
            3062
        ],
        "scores": [
            1.0,
            0.5929200649261475,
            0.5812896490097046,
            -0.5545717477798462,
            0.5473113656044006
        ]
    }
}