{
    "0": {
        "top5_index": [
            1,
            236,
            282,
            366,
            97
        ],
        "scores": [
            -1.0,
            -0.8680973649024963,
            -0.7520661950111389,
            -0.727272093296051,
            0.7116456627845764
        ]
    },
    "1": {
        "top5_index": [
            97,
            674,
            395,
            490,
            616
        ],
        "scores": [
            1.0,
            0.8140020966529846,
            0.7353920936584473,
            0.7274520397186279,
            0.6982716917991638
        ]
    },
    "2": {
        "top5_index": [
            97,
            507,
            678,
            719,
            107
        ],
        "scores": [
            1.0,
            0.6070960760116577,
            0.5668618083000183,
            0.5659444332122803,
            -0.5610905885696411
        ]
    },
    "3": {
        "top5_index": [
            97,
            183,
            185,
            507,
            414
        ],
        "scores": [
            1.0,
            0.6720250248908997,
            -0.6661618947982788,
            0.6339840292930603,
            -0.6337490677833557
        ]
    },
    "4": {
        "top5_index": [
            97,
            513,
            487,
            69,
            377
        ],
        "scores": [
            1.0,
            -0.8700054287910461,
            0.7466935515403748,
            -0.7167576551437378,
            -0.7080198526382446
        ]
    },
    "5": {
        "top5_index": [
            395,
            97,
            524,
            487,
            69
        ],
        "scores": [
            1.0,
            0.9579277038574219,
            -0.9327975511550903,
            0.9031126499176025,
            -0.765425980091095
        ]
    },
    "6": {
        "top5_index": [
            524,
            538,
            234,
            90,
            681
        ],
        "scores": [
            -1.0,
            0.9964938163757324,
            0.985156238079071,
            -0.947225034236908,
            0.9405401349067688
        ]
    },
    "7": {
        "top5_index": [
            395,
            460,
            548,
            134,
            524
        ],
        "scores": [
            1.0,
            -0.8908196091651917,
            0.829184889793396,
            -0.8025754690170288,
            -0.7984475493431091
        ]
    },
    "8": {
        "top5_index": [
            548,
            753,
            134,
            748,
            479
        ],
        "scores": [
            1.0,
            -0.939882755279541,
            -0.9051123261451721,
            0.9017236828804016,
            -0.8266214728355408
        ]
    },
    "9": {
        "top5_index": [
            334,
            414,
            134,
            241,
            6
        ],
        "scores": [
            -1.0,
            -0.993761420249939,
            -0.9864315986633301,
            -0.8942553400993347,
            0.8825363516807556
        ]
    },
    "10": {
        "top5_index": [
            605,
            319,
            663,
            88,
            748
        ],
        "scores": [
            -1.0,
            0.8719667792320251,
            -0.8544872999191284,
            -0.7944157123565674,
            0.7653858661651611
        ]
    },
    "11": {
        "top5_index": [
            605,
            702,
            577,
            169,
            319
        ],
        "scores": [
            -1.0,
            0.9249410629272461,
            -0.8609996438026428,
            0.8334484100341797,
            0.8219586610794067
        ]
    }
}