{
    "0": {
        "top5_index": [
            259,
            301,
            190,
            353,
            236
        ],
        "scores": [
            1.0,
            0.9917334318161011,
            -0.853389322757721,
            -0.8185317516326904,
            -0.733559250831604
        ]
    },
    "1": {
        "top5_index": [
            301,
            678,
            19,
            0,
            51
        ],
        "scores": [
            1.0,
            -0.9473564624786377,
            0.8586466908454895,
            0.8314313292503357,
            0.8274934887886047
        ]
    },
    "2": {
        "top5_index": [
            301,
            559,
            206,
            753,
            501
        ],
        "scores": [
            1.0,
            0.940081000328064,
            0.9279603958129883,
            0.8829140067100525,
            0.8557205200195312
        ]
    },
    "3": {
        "top5_index": [
            506,
            559,
            39,
            301,
            456
        ],
        "scores": [
            1.0,
            0.9702003002166748,
            0.949510395526886,
            0.9308670163154602,
            0.9258519411087036
        ]
    },
    "4": {
        "top5_index": [
            667,
            719,
            224,
            6,
            655
        ],
        "scores": [
            -1.0,
            -0.9156813621520996,
            -0.8625755906105042,
            -0.8510341048240662,
            0.8366538286209106
        ]
    },
    "5": {
        "top5_index": [
            68,
            119,
            311,
            47,
            320
        ],
        "scores": [
            1.0,
            0.9897653460502625,
            0.9421475529670715,
            0.9194138050079346,
            -0.8664953112602234
        ]
    },
    "6": {
        "top5_index": [
            334,
            667,
            420,
            311,
            206
        ],
        "scores": [
            1.0,
            -0.9435155987739563,
            0.91474848985672,
            0.8885520696640015,
            0.8719733357429504
        ]
    },
    "7": {
        "top5_index": [
            667,
            32,
            119,
            585,
            420
        ],
        "scores": [
            -1.0,
            0.9497823715209961,
            0.9482717514038086,
            0.8632654547691345,
            0.8398442268371582
        ]
    },
    "8": {
        "top5_index": [
            47,
            287,
            6,
            232,
            587
        ],
        "scores": [
            1.0,
            0.8960751891136169,
            -0.8933395743370056,
            0.8290130496025085,
            -0.8220260143280029
        ]
    },
    "9": {
        "top5_index": [
            47,
            287,
            88,
            119,
            232
        ],
        "scores": [
            1.0,
            0.9762437343597412,
            0.9620316624641418,
            0.9607269167900085,
            0.942734956741333
        ]
    },
    "10": {
        "top5_index": [
            707,
            88,
            119,
            605,
            308
        ],
        "scores": [
            -1.0,
            0.9895603060722351,
            0.9552223086357117,
            0.8039950728416443,
            0.7948830127716064
        ]
    },
    "11": {
        "top5_index": [
            554,
            443,
            605,
            47,
            707
        ],
        "scores": [
            -1.0,
            -0.9304335117340088,
            0.9148324131965637,
            0.9135872721672058,
            -0.9021062254905701
        ]
    }
}