{
    "0": {
        "top5_index": [
            291,
            2771,
            1914,
            1070,
            2581
        ],
        "scores": [
            1.0,
            0.9367436170578003,
            -0.8858891129493713,
            0.8774692416191101,
            -0.8631712198257446
        ]
    },
    "1": {
        "top5_index": [
            1778,
            431,
            1726,
            2492,
            2157
        ],
        "scores": [
            -1.0,
            -0.9521161913871765,
            -0.9066148400306702,
            -0.8229461908340454,
            -0.8147376179695129
        ]
    },
    "2": {
        "top5_index": [
            2245,
            121,
            1359,
            2316,
            1916
        ],
        "scores": [
            1.0,
            -0.979854941368103,
            -0.9532827734947205,
            -0.9405092597007751,
            0.9032521843910217
        ]
    },
    "3": {
        "top5_index": [
            824,
            1531,
            68,
            2660,
            1470
        ],
        "scores": [
            -1.0,
            -0.9928105473518372,
            -0.9324797987937927,
            -0.8909165263175964,
            -0.8741433620452881
        ]
    },
    "4": {
        "top5_index": [
            1183,
            1480,
            1969,
            3054,
            2945
        ],
        "scores": [
            1.0,
            -0.9485977292060852,
            -0.9446462988853455,
            0.926027774810791,
            -0.9054758548736572
        ]
    },
    "5": {
        "top5_index": [
            2068,
            951,
            269,
            1974,
            332
        ],
        "scores": [
            1.0,
            0.8459570407867432,
            -0.8439937233924866,
            0.8288953304290771,
            -0.8282652497291565
        ]
    },
    "6": {
        "top5_index": [
            684,
            1973,
            1415,
            1930,
            1550
        ],
        "scores": [
            -1.0,
            0.8530963063240051,
            -0.800559937953949,
            -0.7264719009399414,
            -0.7201316356658936
        ]
    },
    "7": {
        "top5_index": [
            2093,
            1069,
            2390,
            1562,
            238
        ],
        "scores": [
            1.0,
            0.807881772518158,
            0.7173201441764832,
            0.7048829197883606,
            0.6941120624542236
        ]
    },
    "8": {
        "top5_index": [
            1509,
            1794,
            1687,
            1147,
            1323
        ],
        "scores": [
            -1.0,
            0.8902261853218079,
            -0.7120990753173828,
            0.6290908455848694,
            0.6126846075057983
        ]
    },
    "9": {
        "top5_index": [
            1043,
            3004,
            1197,
            1529,
            1436
        ],
        "scores": [
            -1.0,
            -0.9262957572937012,
            -0.908538818359375,
            -0.9067345261573792,
            -0.8779500126838684
        ]
    },
    "10": {
        "top5_index": [
            2678,
            303,
            1148,
            749,
            1197
        ],
        "scores": [
            -1.0,
            -0.9719336628913879,
            -0.9688690304756165,
            -0.8997799158096313,
            -0.8668919205665588
        ]
    },
    "11": {
        "top5_index": [
            2493,
            853,
            2807,
            1092,
            2123
        ],
        "scores": [
            -1.0,
            -0.6387248039245605,
            0.6370847225189209,
            -0.6218988299369812,
            0.6117162704467773
        ]
    }
}