{
    "0": {
        "top5_index": [
            1070,
            2142,
            291,
            1649,
            138
        ],
        "scores": [
            1.0,
            -0.9607900381088257,
            0.9238958358764648,
            0.8443107604980469,
            -0.8234007358551025
        ]
    },
    "1": {
        "top5_index": [
            7,
            2992,
            93,
            705,
            2596
        ],
        "scores": [
            1.0,
            0.9892610311508179,
            -0.9375879764556885,
            0.9269486665725708,
            -0.9022429585456848
        ]
    },
    "2": {
        "top5_index": [
            1281,
            125,
            3017,
            2557,
            1777
        ],
        "scores": [
            -1.0,
            -0.9520123600959778,
            0.9299412369728088,
            0.92166668176651,
            0.8535372614860535
        ]
    },
    "3": {
        "top5_index": [
            135,
            752,
            2592,
            582,
            1424
        ],
        "scores": [
            1.0,
            -0.7674366235733032,
            -0.7211382985115051,
            0.6905685663223267,
            0.6616765260696411
        ]
    },
    "4": {
        "top5_index": [
            1595,
            2511,
            2016,
            142,
            1969
        ],
        "scores": [
            -1.0,
            0.8569994568824768,
            0.8546594381332397,
            0.8458147644996643,
            -0.8402386903762817
        ]
    },
    "5": {
        "top5_index": [
            803,
            74,
            2068,
            2319,
            216
        ],
        "scores": [
            -1.0,
            -0.9557238817214966,
            0.9334183931350708,
            0.8794599175453186,
            -0.8767579793930054
        ]
    },
    "6": {
        "top5_index": [
            684,
            1615,
            122,
            1041,
            1443
        ],
        "scores": [
            -1.0,
            -0.9194122552871704,
            -0.9069169759750366,
            -0.871211051940918,
            0.7993989586830139
        ]
    },
    "7": {
        "top5_index": [
            1339,
            1562,
            2390,
            58,
            2547
        ],
        "scores": [
            1.0,
            0.8692559599876404,
            0.8646366596221924,
            0.7515953779220581,
            0.6696531176567078
        ]
    },
    "8": {
        "top5_index": [
            1794,
            936,
            1509,
            1015,
            1493
        ],
        "scores": [
            1.0,
            0.9401145577430725,
            -0.9309015274047852,
            0.8796561360359192,
            0.8495786786079407
        ]
    },
    "9": {
        "top5_index": [
            1197,
            2250,
            1436,
            1043,
            2207
        ],
        "scores": [
            -1.0,
            -0.9247055649757385,
            -0.9189177751541138,
            -0.8962109684944153,
            0.8821865916252136
        ]
    },
    "10": {
        "top5_index": [
            2761,
            1148,
            303,
            1197,
            2422
        ],
        "scores": [
            -1.0,
            -0.9158568382263184,
            -0.8778586983680725,
            -0.8512386083602905,
            0.8165706992149353
        ]
    },
    "11": {
        "top5_index": [
            2493,
            853,
            2807,
            1092,
            2123
        ],
        "scores": [
            -1.0,
            -0.6387248039245605,
            0.6370847821235657,
            -0.6218991279602051,
            0.6117162704467773
        ]
    }
}