{
    "0": {
        "top5_index": [
            512,
            554,
            364,
            637,
            97
        ],
        "scores": [
            -1.0,
            -0.8827474117279053,
            -0.6751766204833984,
            -0.6706803441047668,
            -0.6674411296844482
        ]
    },
    "1": {
        "top5_index": [
            512,
            51,
            581,
            554,
            508
        ],
        "scores": [
            -1.0,
            0.8925995826721191,
            -0.8789936900138855,
            -0.8704621195793152,
            0.8560352325439453
        ]
    },
    "2": {
        "top5_index": [
            512,
            88,
            280,
            554,
            581
        ],
        "scores": [
            -1.0,
            0.8959002494812012,
            0.8396663665771484,
            -0.8095423579216003,
            -0.7975499033927917
        ]
    },
    "3": {
        "top5_index": [
            512,
            581,
            554,
            225,
            397
        ],
        "scores": [
            -1.0,
            -0.8311591744422913,
            -0.7954105734825134,
            0.7374018430709839,
            -0.6809516549110413
        ]
    },
    "4": {
        "top5_index": [
            512,
            88,
            205,
            311,
            565
        ],
        "scores": [
            -1.0,
            0.7920817136764526,
            0.7896098494529724,
            0.7856304049491882,
            0.7708514928817749
        ]
    },
    "5": {
        "top5_index": [
            565,
            488,
            508,
            119,
            311
        ],
        "scores": [
            1.0,
            0.8221850395202637,
            0.8170565962791443,
            0.7794960737228394,
            0.7741973996162415
        ]
    },
    "6": {
        "top5_index": [
            311,
            172,
            508,
            496,
            532
        ],
        "scores": [
            1.0,
            -0.8794826865196228,
            0.836489200592041,
            0.7413906455039978,
            -0.7383912801742554
        ]
    },
    "7": {
        "top5_index": [
            311,
            603,
            667,
            679,
            88
        ],
        "scores": [
            1.0,
            0.6789631843566895,
            -0.6733102798461914,
            0.6701328158378601,
            0.6604428887367249
        ]
    },
    "8": {
        "top5_index": [
            311,
            247,
            45,
            47,
            313
        ],
        "scores": [
            1.0,
            0.8881604671478271,
            -0.8046723008155823,
            0.7937281727790833,
            -0.7610751986503601
        ]
    },
    "9": {
        "top5_index": [
            311,
            47,
            247,
            88,
            651
        ],
        "scores": [
            1.0,
            0.9803090691566467,
            0.9751338362693787,
            0.9477664828300476,
            0.9220241904258728
        ]
    },
    "10": {
        "top5_index": [
            88,
            605,
            247,
            311,
            663
        ],
        "scores": [
            1.0,
            0.9465522170066833,
            0.8746908903121948,
            0.8667662739753723,
            0.8618249297142029
        ]
    },
    "11": {
        "top5_index": [
            554,
            443,
            605,
            47,
            707
        ],
        "scores": [
            -1.0,
            -0.9304335117340088,
            0.9148324131965637,
            0.9135873317718506,
            -0.9021062254905701
        ]
    }
}