{
    "0": {
        "top5_index": [
            2581,
            248,
            2976,
            1204,
            1462
        ],
        "scores": [
            -1.0,
            0.9172765016555786,
            0.8845320343971252,
            -0.8787406086921692,
            -0.8293823003768921
        ]
    },
    "1": {
        "top5_index": [
            1816,
            1482,
            2721,
            1678,
            2284
        ],
        "scores": [
            -1.0,
            -0.9946490526199341,
            -0.9109067916870117,
            -0.8415957093238831,
            -0.8067905306816101
        ]
    },
    "2": {
        "top5_index": [
            666,
            2245,
            1538,
            1280,
            2915
        ],
        "scores": [
            -1.0,
            0.9567719101905823,
            -0.9376052021980286,
            0.7985478043556213,
            -0.7936058044433594
        ]
    },
    "3": {
        "top5_index": [
            1531,
            2660,
            68,
            824,
            2664
        ],
        "scores": [
            -1.0,
            -0.9719001650810242,
            -0.8983058333396912,
            -0.8360618352890015,
            -0.8097091913223267
        ]
    },
    "4": {
        "top5_index": [
            2033,
            2241,
            2655,
            2254,
            2570
        ],
        "scores": [
            1.0,
            0.9018377065658569,
            0.8016684651374817,
            -0.7468037009239197,
            0.7409005165100098
        ]
    },
    "5": {
        "top5_index": [
            79,
            699,
            1837,
            496,
            1932
        ],
        "scores": [
            -1.0,
            -0.8647968173027039,
            -0.6737468242645264,
            0.6493063569068909,
            -0.6490622758865356
        ]
    },
    "6": {
        "top5_index": [
            684,
            1335,
            2503,
            1235,
            764
        ],
        "scores": [
            1.0,
            0.5394378900527954,
            0.484327495098114,
            -0.46793657541275024,
            0.45794689655303955
        ]
    },
    "7": {
        "top5_index": [
            2390,
            164,
            2547,
            1142,
            202
        ],
        "scores": [
            -1.0,
            0.9644342660903931,
            -0.9397860765457153,
            -0.6823203563690186,
            -0.6607484817504883
        ]
    },
    "8": {
        "top5_index": [
            1794,
            670,
            1493,
            936,
            1394
        ],
        "scores": [
            -1.0,
            -0.8181865215301514,
            -0.6279930472373962,
            -0.6202213168144226,
            -0.5430921316146851
        ]
    },
    "9": {
        "top5_index": [
            1043,
            107,
            1856,
            2382,
            880
        ],
        "scores": [
            1.0,
            -0.7328606843948364,
            -0.6987213492393494,
            -0.6696003675460815,
            0.620005190372467
        ]
    },
    "10": {
        "top5_index": [
            2761,
            1148,
            100,
            749,
            1032
        ],
        "scores": [
            1.0,
            0.7608503103256226,
            0.7588077187538147,
            0.7534484267234802,
            -0.7430144548416138
        ]
    },
    "11": {
        "top5_index": [
            2493,
            1225,
            1056,
            2123,
            3062
        ],
        "scores": [
            1.0,
            0.5929200053215027,
            0.581289529800415,
            -0.5545716285705566,
            0.5473113656044006
        ]
    }
}