{
    "0": {
        "top5_index": [
            561,
            282,
            258,
            151,
            236
        ],
        "scores": [
            -1.0,
            -0.9661076664924622,
            -0.960038423538208,
            -0.945692777633667,
            -0.9436429738998413
        ]
    },
    "1": {
        "top5_index": [
            674,
            490,
            28,
            11,
            682
        ],
        "scores": [
            1.0,
            0.9039750099182129,
            0.871825635433197,
            0.8551852107048035,
            0.813390851020813
        ]
    },
    "2": {
        "top5_index": [
            674,
            128,
            514,
            561,
            69
        ],
        "scores": [
            1.0,
            0.919661283493042,
            -0.8537535667419434,
            -0.8105356693267822,
            -0.7707962989807129
        ]
    },
    "3": {
        "top5_index": [
            69,
            128,
            28,
            653,
            602
        ],
        "scores": [
            -1.0,
            0.7700988054275513,
            0.7574106454849243,
            0.7541264891624451,
            -0.7362104058265686
        ]
    },
    "4": {
        "top5_index": [
            69,
            100,
            674,
            487,
            561
        ],
        "scores": [
            -1.0,
            0.9057677388191223,
            0.8382476568222046,
            0.7817950248718262,
            -0.773763120174408
        ]
    },
    "5": {
        "top5_index": [
            674,
            69,
            524,
            487,
            281
        ],
        "scores": [
            1.0,
            -0.986964762210846,
            -0.8670666813850403,
            0.7746034264564514,
            0.7596748471260071
        ]
    },
    "6": {
        "top5_index": [
            674,
            69,
            480,
            97,
            38
        ],
        "scores": [
            1.0,
            -0.8187838196754456,
            0.737625777721405,
            0.6986663341522217,
            0.6944609880447388
        ]
    },
    "7": {
        "top5_index": [
            705,
            134,
            605,
            674,
            69
        ],
        "scores": [
            1.0,
            -0.9870530366897583,
            -0.9743861556053162,
            0.9301904439926147,
            -0.8781430125236511
        ]
    },
    "8": {
        "top5_index": [
            38,
            69,
            134,
            97,
            228
        ],
        "scores": [
            1.0,
            -0.9733835458755493,
            -0.9620657563209534,
            0.9521093368530273,
            0.9492303133010864
        ]
    },
    "9": {
        "top5_index": [
            134,
            663,
            685,
            313,
            6
        ],
        "scores": [
            -1.0,
            -0.908582329750061,
            0.8745617270469666,
            0.8722063302993774,
            0.867921769618988
        ]
    },
    "10": {
        "top5_index": [
            605,
            319,
            663,
            88,
            748
        ],
        "scores": [
            -1.0,
            0.8845210671424866,
            -0.8485484719276428,
            -0.8469083309173584,
            0.8458001017570496
        ]
    },
    "11": {
        "top5_index": [
            605,
            702,
            577,
            169,
            319
        ],
        "scores": [
            -1.0,
            0.9249411225318909,
            -0.8609997034072876,
            0.8334484100341797,
            0.8219586610794067
        ]
    }
}