{
    "0": {
        "top5_index": [
            291,
            1070,
            887,
            612,
            1017
        ],
        "scores": [
            1.0,
            0.8622886538505554,
            -0.8364883065223694,
            -0.8291448950767517,
            0.7858145833015442
        ]
    },
    "1": {
        "top5_index": [
            1978,
            1427,
            252,
            1311,
            970
        ],
        "scores": [
            1.0,
            -0.9520547986030579,
            0.8937203884124756,
            -0.8471904397010803,
            0.8183177709579468
        ]
    },
    "2": {
        "top5_index": [
            1144,
            285,
            2201,
            2986,
            1604
        ],
        "scores": [
            1.0,
            -0.9652283191680908,
            -0.7772910594940186,
            -0.7690446376800537,
            -0.7564519643783569
        ]
    },
    "3": {
        "top5_index": [
            1758,
            1148,
            568,
            790,
            2913
        ],
        "scores": [
            1.0,
            0.9844491481781006,
            -0.9392316937446594,
            -0.9169758558273315,
            -0.8967813849449158
        ]
    },
    "4": {
        "top5_index": [
            3,
            2220,
            2916,
            142,
            237
        ],
        "scores": [
            -1.0,
            0.9229514002799988,
            -0.8623587489128113,
            0.7943790555000305,
            0.742777407169342
        ]
    },
    "5": {
        "top5_index": [
            803,
            79,
            2386,
            903,
            2634
        ],
        "scores": [
            -1.0,
            0.8904863595962524,
            0.8608558773994446,
            0.8091329336166382,
            -0.7781469821929932
        ]
    },
    "6": {
        "top5_index": [
            684,
            1130,
            853,
            1930,
            1286
        ],
        "scores": [
            -1.0,
            -0.9675149321556091,
            -0.7476131916046143,
            -0.6690702438354492,
            -0.6517799496650696
        ]
    },
    "7": {
        "top5_index": [
            1339,
            1562,
            2390,
            2547,
            1780
        ],
        "scores": [
            1.0,
            0.9682074785232544,
            0.8986136317253113,
            0.8153654932975769,
            0.7603207230567932
        ]
    },
    "8": {
        "top5_index": [
            1509,
            654,
            936,
            1794,
            1787
        ],
        "scores": [
            -1.0,
            -0.7218043804168701,
            0.7115963697433472,
            0.700488269329071,
            -0.6822278499603271
        ]
    },
    "9": {
        "top5_index": [
            2207,
            2250,
            1390,
            1043,
            44
        ],
        "scores": [
            1.0,
            -0.9367247223854065,
            -0.9124802350997925,
            -0.9099380373954773,
            -0.8962590098381042
        ]
    },
    "10": {
        "top5_index": [
            2761,
            2678,
            2422,
            126,
            1148
        ],
        "scores": [
            -1.0,
            -0.9993893504142761,
            0.9766377806663513,
            0.9049674868583679,
            -0.9040274024009705
        ]
    },
    "11": {
        "top5_index": [
            2493,
            853,
            2807,
            1092,
            2123
        ],
        "scores": [
            -1.0,
            -0.638724684715271,
            0.6370844841003418,
            -0.6218987703323364,
            0.6117160320281982
        ]
    }
}