{
    "0": {
        "top5_index": [
            508,
            82,
            51,
            97,
            403
        ],
        "scores": [
            1.0,
            -0.8548296093940735,
            0.8387057781219482,
            -0.6977683901786804,
            -0.6711203455924988
        ]
    },
    "1": {
        "top5_index": [
            51,
            512,
            517,
            554,
            508
        ],
        "scores": [
            1.0,
            -0.8615409135818481,
            -0.8008334040641785,
            -0.7046515345573425,
            0.6851423978805542
        ]
    },
    "2": {
        "top5_index": [
            512,
            554,
            508,
            466,
            517
        ],
        "scores": [
            -1.0,
            -0.955502450466156,
            0.9319034814834595,
            0.9308768510818481,
            -0.8929731249809265
        ]
    },
    "3": {
        "top5_index": [
            466,
            508,
            674,
            366,
            124
        ],
        "scores": [
            1.0,
            0.961635172367096,
            -0.911954939365387,
            0.8776578307151794,
            -0.8146494626998901
        ]
    },
    "4": {
        "top5_index": [
            311,
            119,
            674,
            495,
            554
        ],
        "scores": [
            1.0,
            0.8942145705223083,
            -0.8893693089485168,
            0.8780364394187927,
            -0.8695876002311707
        ]
    },
    "5": {
        "top5_index": [
            311,
            119,
            158,
            398,
            674
        ],
        "scores": [
            1.0,
            0.7592713832855225,
            0.7342882752418518,
            0.6990588903427124,
            -0.6983177661895752
        ]
    },
    "6": {
        "top5_index": [
            311,
            508,
            674,
            202,
            69
        ],
        "scores": [
            1.0,
            0.9363457560539246,
            -0.9232719540596008,
            -0.8199138641357422,
            0.817877471446991
        ]
    },
    "7": {
        "top5_index": [
            311,
            674,
            490,
            119,
            605
        ],
        "scores": [
            1.0,
            -0.8064796328544617,
            0.7752092480659485,
            0.7439680695533752,
            0.6955035328865051
        ]
    },
    "8": {
        "top5_index": [
            311,
            490,
            605,
            674,
            663
        ],
        "scores": [
            1.0,
            0.9915539622306824,
            0.9910768270492554,
            -0.9572225213050842,
            0.9402561783790588
        ]
    },
    "9": {
        "top5_index": [
            663,
            605,
            287,
            88,
            119
        ],
        "scores": [
            1.0,
            0.8746569752693176,
            0.8298138976097107,
            0.8288951516151428,
            0.7647963762283325
        ]
    },
    "10": {
        "top5_index": [
            605,
            119,
            88,
            311,
            663
        ],
        "scores": [
            1.0,
            0.9687561988830566,
            0.9425433278083801,
            0.8871526122093201,
            0.8854355812072754
        ]
    },
    "11": {
        "top5_index": [
            554,
            443,
            605,
            47,
            707
        ],
        "scores": [
            -1.0,
            -0.9304335117340088,
            0.9148324131965637,
            0.9135873317718506,
            -0.9021062254905701
        ]
    }
}