{
    "0": {
        "top5_index": [
            2581,
            915,
            1204,
            420,
            630
        ],
        "scores": [
            1.0,
            0.987421989440918,
            0.8943243026733398,
            0.889976978302002,
            0.8824268579483032
        ]
    },
    "1": {
        "top5_index": [
            1978,
            363,
            1016,
            1041,
            1264
        ],
        "scores": [
            1.0,
            0.8327781558036804,
            0.7378206253051758,
            0.7105817198753357,
            0.6785835027694702
        ]
    },
    "2": {
        "top5_index": [
            44,
            1728,
            575,
            2953,
            1354
        ],
        "scores": [
            1.0,
            -0.9736219644546509,
            0.9633678197860718,
            0.9438112378120422,
            -0.9291591048240662
        ]
    },
    "3": {
        "top5_index": [
            1699,
            830,
            2913,
            1758,
            1268
        ],
        "scores": [
            -1.0,
            -0.9920347929000854,
            -0.9363763928413391,
            0.8710784912109375,
            0.8561490774154663
        ]
    },
    "4": {
        "top5_index": [
            1401,
            2361,
            1780,
            1229,
            2590
        ],
        "scores": [
            -1.0,
            -0.997516930103302,
            -0.9865440130233765,
            -0.9546751976013184,
            -0.9404286742210388
        ]
    },
    "5": {
        "top5_index": [
            1749,
            2751,
            2432,
            672,
            9
        ],
        "scores": [
            1.0,
            0.8763596415519714,
            0.8661802411079407,
            -0.8492131233215332,
            0.8437974452972412
        ]
    },
    "6": {
        "top5_index": [
            684,
            2503,
            3009,
            1930,
            1321
        ],
        "scores": [
            -1.0,
            -0.8049219846725464,
            0.6524009704589844,
            -0.650360643863678,
            0.6409587264060974
        ]
    },
    "7": {
        "top5_index": [
            2390,
            238,
            1562,
            2547,
            1142
        ],
        "scores": [
            1.0,
            0.7905721068382263,
            0.7512139081954956,
            0.6503470540046692,
            0.6451224088668823
        ]
    },
    "8": {
        "top5_index": [
            1794,
            670,
            936,
            1394,
            1015
        ],
        "scores": [
            1.0,
            0.788589358329773,
            0.7841689586639404,
            0.646252453327179,
            0.6013694405555725
        ]
    },
    "9": {
        "top5_index": [
            1043,
            1197,
            1436,
            1857,
            107
        ],
        "scores": [
            -1.0,
            -0.7977418899536133,
            -0.7545532584190369,
            -0.7274768948554993,
            0.700859785079956
        ]
    },
    "10": {
        "top5_index": [
            2761,
            749,
            2422,
            1148,
            2678
        ],
        "scores": [
            -1.0,
            -0.942387044429779,
            0.9213201403617859,
            -0.9185745716094971,
            -0.8728395700454712
        ]
    },
    "11": {
        "top5_index": [
            2493,
            853,
            2807,
            1092,
            2123
        ],
        "scores": [
            -1.0,
            -0.638724684715271,
            0.6370845437049866,
            -0.6218990087509155,
            0.6117160320281982
        ]
    }
}