{
    "0": {
        "top5_index": [
            281,
            561,
            508,
            447,
            236
        ],
        "scores": [
            -1.0,
            0.9055864214897156,
            0.8440961241722107,
            -0.8365395069122314,
            0.8286564350128174
        ]
    },
    "1": {
        "top5_index": [
            512,
            566,
            508,
            533,
            394
        ],
        "scores": [
            -1.0,
            0.871130108833313,
            0.830066442489624,
            0.8188163042068481,
            -0.8023607730865479
        ]
    },
    "2": {
        "top5_index": [
            512,
            508,
            566,
            753,
            458
        ],
        "scores": [
            -1.0,
            0.9947366118431091,
            0.9124730825424194,
            0.8488327860832214,
            0.8349114656448364
        ]
    },
    "3": {
        "top5_index": [
            546,
            566,
            643,
            458,
            671
        ],
        "scores": [
            1.0,
            0.8543696403503418,
            -0.7726948261260986,
            0.7127273082733154,
            -0.7086712121963501
        ]
    },
    "4": {
        "top5_index": [
            546,
            532,
            224,
            23,
            311
        ],
        "scores": [
            1.0,
            -0.9408243894577026,
            -0.9217333793640137,
            0.901406466960907,
            0.9000653624534607
        ]
    },
    "5": {
        "top5_index": [
            566,
            527,
            524,
            642,
            23
        ],
        "scores": [
            1.0,
            -0.961796760559082,
            0.9611648917198181,
            -0.9236299991607666,
            0.9192968010902405
        ]
    },
    "6": {
        "top5_index": [
            23,
            642,
            202,
            566,
            19
        ],
        "scores": [
            1.0,
            -0.9890159964561462,
            -0.941504180431366,
            0.9349325895309448,
            0.9088462591171265
        ]
    },
    "7": {
        "top5_index": [
            283,
            23,
            19,
            298,
            69
        ],
        "scores": [
            -1.0,
            0.9452465176582336,
            0.858943521976471,
            0.8467977046966553,
            0.8361578583717346
        ]
    },
    "8": {
        "top5_index": [
            283,
            605,
            228,
            24,
            298
        ],
        "scores": [
            -1.0,
            0.9640133380889893,
            -0.9437679052352905,
            -0.9268679022789001,
            0.8695845603942871
        ]
    },
    "9": {
        "top5_index": [
            313,
            24,
            663,
            47,
            88
        ],
        "scores": [
            -1.0,
            -0.8601696491241455,
            0.8344302773475647,
            0.830496609210968,
            0.7456279397010803
        ]
    },
    "10": {
        "top5_index": [
            88,
            605,
            119,
            313,
            311
        ],
        "scores": [
            1.0,
            0.9039224982261658,
            0.8973188996315002,
            -0.8881872892379761,
            0.8839852809906006
        ]
    },
    "11": {
        "top5_index": [
            554,
            443,
            605,
            47,
            707
        ],
        "scores": [
            -1.0,
            -0.9304335117340088,
            0.9148324131965637,
            0.9135873317718506,
            -0.9021062254905701
        ]
    }
}