{
    "0": {
        "top5_index": [
            516,
            2255,
            2577,
            2771,
            2115
        ],
        "scores": [
            1.0,
            -0.6226456165313721,
            -0.6138617992401123,
            -0.6066598296165466,
            -0.5634850263595581
        ]
    },
    "1": {
        "top5_index": [
            1978,
            1061,
            321,
            2721,
            2008
        ],
        "scores": [
            -1.0,
            -0.9807254672050476,
            -0.7524683475494385,
            -0.7288953065872192,
            -0.717350423336029
        ]
    },
    "2": {
        "top5_index": [
            2382,
            2038,
            666,
            575,
            69
        ],
        "scores": [
            -1.0,
            0.8489615321159363,
            -0.7562476992607117,
            -0.7478654980659485,
            0.7157074213027954
        ]
    },
    "3": {
        "top5_index": [
            1531,
            2660,
            2664,
            68,
            2287
        ],
        "scores": [
            -1.0,
            -0.9277353286743164,
            -0.814327597618103,
            -0.8071369528770447,
            -0.8048480153083801
        ]
    },
    "4": {
        "top5_index": [
            2033,
            2570,
            1809,
            3035,
            391
        ],
        "scores": [
            1.0,
            0.9683342576026917,
            0.9513577818870544,
            -0.9048017859458923,
            0.8566751480102539
        ]
    },
    "5": {
        "top5_index": [
            79,
            2882,
            1953,
            1367,
            2642
        ],
        "scores": [
            -1.0,
            0.8306390047073364,
            0.5687693953514099,
            -0.5613830089569092,
            0.5279272794723511
        ]
    },
    "6": {
        "top5_index": [
            684,
            1142,
            2503,
            764,
            1726
        ],
        "scores": [
            1.0,
            0.6568549871444702,
            0.6171969771385193,
            0.6093231439590454,
            -0.5662055611610413
        ]
    },
    "7": {
        "top5_index": [
            2390,
            164,
            2547,
            1142,
            2765
        ],
        "scores": [
            -1.0,
            0.7871128916740417,
            -0.6925594806671143,
            -0.6534825563430786,
            0.6417101621627808
        ]
    },
    "8": {
        "top5_index": [
            1794,
            670,
            936,
            374,
            1394
        ],
        "scores": [
            -1.0,
            -0.733023464679718,
            -0.614884078502655,
            0.5244956612586975,
            -0.44530004262924194
        ]
    },
    "9": {
        "top5_index": [
            1043,
            2173,
            107,
            28,
            601
        ],
        "scores": [
            1.0,
            0.8842321038246155,
            -0.6973448991775513,
            -0.6906230449676514,
            -0.669696569442749
        ]
    },
    "10": {
        "top5_index": [
            2761,
            1784,
            1032,
            749,
            1041
        ],
        "scores": [
            1.0,
            -0.8111472725868225,
            -0.7984044551849365,
            0.7858743071556091,
            0.7714649438858032
        ]
    },
    "11": {
        "top5_index": [
            2493,
            1225,
            1056,
            2123,
            3062
        ],
        "scores": [
            1.0,
            0.5929197669029236,
            0.5812894701957703,
            -0.5545715689659119,
            0.5473111867904663
        ]
    }
}