{
    "0": {
        "top5_index": [
            281,
            259,
            489,
            1,
            653
        ],
        "scores": [
            1.0,
            0.8997647166252136,
            0.8051548600196838,
            -0.8036506772041321,
            0.7757395505905151
        ]
    },
    "1": {
        "top5_index": [
            106,
            740,
            514,
            186,
            507
        ],
        "scores": [
            1.0,
            0.9492716193199158,
            -0.9163626432418823,
            0.8624710440635681,
            0.8553829193115234
        ]
    },
    "2": {
        "top5_index": [
            507,
            514,
            598,
            546,
            246
        ],
        "scores": [
            1.0,
            -0.8491119742393494,
            0.8397996425628662,
            -0.8275051116943359,
            0.7731793522834778
        ]
    },
    "3": {
        "top5_index": [
            507,
            69,
            390,
            236,
            68
        ],
        "scores": [
            1.0,
            -0.9812093377113342,
            -0.857208251953125,
            -0.8503952026367188,
            -0.8330031633377075
        ]
    },
    "4": {
        "top5_index": [
            69,
            487,
            68,
            507,
            546
        ],
        "scores": [
            -1.0,
            0.9712614417076111,
            -0.9498767852783203,
            0.8777891993522644,
            -0.8491199016571045
        ]
    },
    "5": {
        "top5_index": [
            69,
            100,
            395,
            705,
            302
        ],
        "scores": [
            -1.0,
            0.8538673520088196,
            0.8530105948448181,
            0.8296471238136292,
            -0.8210461139678955
        ]
    },
    "6": {
        "top5_index": [
            69,
            314,
            674,
            589,
            134
        ],
        "scores": [
            -1.0,
            0.9711915850639343,
            0.9497072100639343,
            -0.9224081039428711,
            -0.8946108222007751
        ]
    },
    "7": {
        "top5_index": [
            674,
            395,
            196,
            134,
            605
        ],
        "scores": [
            1.0,
            0.9483367204666138,
            -0.9245076179504395,
            -0.9166390299797058,
            -0.8878388404846191
        ]
    },
    "8": {
        "top5_index": [
            38,
            674,
            134,
            728,
            548
        ],
        "scores": [
            1.0,
            0.9778077006340027,
            -0.9726921916007996,
            0.9284455180168152,
            0.9131383895874023
        ]
    },
    "9": {
        "top5_index": [
            663,
            710,
            6,
            134,
            72
        ],
        "scores": [
            -1.0,
            0.9702001214027405,
            0.9361585378646851,
            -0.9177930355072021,
            0.8716169595718384
        ]
    },
    "10": {
        "top5_index": [
            605,
            663,
            88,
            319,
            393
        ],
        "scores": [
            -1.0,
            -0.8987937569618225,
            -0.83072429895401,
            0.8236225247383118,
            0.7865211963653564
        ]
    },
    "11": {
        "top5_index": [
            605,
            702,
            577,
            169,
            319
        ],
        "scores": [
            -1.0,
            0.9249410629272461,
            -0.8609996438026428,
            0.8334484696388245,
            0.8219587206840515
        ]
    }
}