{
    "0": {
        "top5_index": [
            51,
            387,
            80,
            114,
            461
        ],
        "scores": [
            -1.0,
            0.9431386590003967,
            0.8861652612686157,
            -0.8726480007171631,
            0.8672532439231873
        ]
    },
    "1": {
        "top5_index": [
            512,
            88,
            233,
            581,
            1
        ],
        "scores": [
            1.0,
            -0.7637903690338135,
            0.6579740643501282,
            0.6549171805381775,
            -0.6516185998916626
        ]
    },
    "2": {
        "top5_index": [
            512,
            88,
            46,
            14,
            345
        ],
        "scores": [
            1.0,
            -0.8502439856529236,
            -0.6925081610679626,
            0.6556490659713745,
            0.6413902044296265
        ]
    },
    "3": {
        "top5_index": [
            512,
            367,
            275,
            581,
            546
        ],
        "scores": [
            1.0,
            0.9660481214523315,
            0.8556671142578125,
            0.8033241033554077,
            -0.800750732421875
        ]
    },
    "4": {
        "top5_index": [
            33,
            527,
            57,
            546,
            23
        ],
        "scores": [
            -1.0,
            0.9779742360115051,
            0.9255362749099731,
            -0.910038411617279,
            -0.887448251247406
        ]
    },
    "5": {
        "top5_index": [
            395,
            57,
            524,
            49,
            33
        ],
        "scores": [
            1.0,
            0.8572117686271667,
            -0.7637234330177307,
            -0.7558825612068176,
            -0.729424238204956
        ]
    },
    "6": {
        "top5_index": [
            57,
            663,
            524,
            395,
            667
        ],
        "scores": [
            1.0,
            -0.8895803093910217,
            -0.8558483719825745,
            0.854133665561676,
            0.8509290218353271
        ]
    },
    "7": {
        "top5_index": [
            663,
            395,
            605,
            524,
            653
        ],
        "scores": [
            -1.0,
            0.842560350894928,
            -0.8297939896583557,
            -0.8029122948646545,
            0.7847792506217957
        ]
    },
    "8": {
        "top5_index": [
            605,
            539,
            134,
            663,
            499
        ],
        "scores": [
            -1.0,
            -0.8073778748512268,
            -0.8016088604927063,
            -0.783936619758606,
            0.72100430727005
        ]
    },
    "9": {
        "top5_index": [
            663,
            605,
            134,
            667,
            524
        ],
        "scores": [
            -1.0,
            -0.9400684237480164,
            -0.7102622389793396,
            0.7100564241409302,
            -0.6766573190689087
        ]
    },
    "10": {
        "top5_index": [
            605,
            663,
            393,
            748,
            313
        ],
        "scores": [
            -1.0,
            -0.7833727598190308,
            0.7706981897354126,
            0.7633660435676575,
            0.7476078867912292
        ]
    },
    "11": {
        "top5_index": [
            605,
            702,
            577,
            169,
            319
        ],
        "scores": [
            -1.0,
            0.9249410629272461,
            -0.8609996438026428,
            0.8334483504295349,
            0.821958601474762
        ]
    }
}