{
    "0": {
        "top5_index": [
            2976,
            2944,
            2167,
            1070,
            248
        ],
        "scores": [
            -1.0,
            -0.974334180355072,
            -0.8489767909049988,
            -0.8360022306442261,
            -0.8275184631347656
        ]
    },
    "1": {
        "top5_index": [
            456,
            391,
            256,
            2133,
            1418
        ],
        "scores": [
            -1.0,
            -0.9368429183959961,
            -0.9276928305625916,
            -0.9189865589141846,
            -0.890454888343811
        ]
    },
    "2": {
        "top5_index": [
            1777,
            880,
            891,
            2037,
            2239
        ],
        "scores": [
            -1.0,
            0.7784072756767273,
            -0.7745038866996765,
            -0.7638217806816101,
            0.7585638761520386
        ]
    },
    "3": {
        "top5_index": [
            68,
            1531,
            824,
            1470,
            2660
        ],
        "scores": [
            1.0,
            0.9141424298286438,
            0.8783165216445923,
            0.7767724990844727,
            0.7640298008918762
        ]
    },
    "4": {
        "top5_index": [
            2062,
            645,
            1967,
            1137,
            2519
        ],
        "scores": [
            1.0,
            -0.8701007962226868,
            -0.8137953877449036,
            0.6890643835067749,
            -0.6604761481285095
        ]
    },
    "5": {
        "top5_index": [
            1831,
            951,
            2077,
            152,
            1355
        ],
        "scores": [
            -1.0,
            -0.8698058128356934,
            -0.8291677832603455,
            -0.7705566883087158,
            0.7635390162467957
        ]
    },
    "6": {
        "top5_index": [
            684,
            278,
            2503,
            73,
            1235
        ],
        "scores": [
            1.0,
            -0.6430090069770813,
            0.6279886364936829,
            0.6208243370056152,
            -0.6116091012954712
        ]
    },
    "7": {
        "top5_index": [
            2547,
            2390,
            1562,
            1339,
            687
        ],
        "scores": [
            -1.0,
            -0.861859917640686,
            -0.858982503414154,
            -0.5790287852287292,
            -0.5711145401000977
        ]
    },
    "8": {
        "top5_index": [
            936,
            1794,
            670,
            2833,
            1493
        ],
        "scores": [
            -1.0,
            -0.89304518699646,
            -0.7257453799247742,
            -0.6596407890319824,
            -0.5944287776947021
        ]
    },
    "9": {
        "top5_index": [
            1043,
            1679,
            1840,
            1436,
            107
        ],
        "scores": [
            1.0,
            0.7801055908203125,
            0.7434795498847961,
            0.7244260907173157,
            -0.7209789752960205
        ]
    },
    "10": {
        "top5_index": [
            2761,
            1148,
            2678,
            2071,
            1041
        ],
        "scores": [
            1.0,
            0.9537510275840759,
            0.9077005982398987,
            0.7956033945083618,
            0.7872896790504456
        ]
    },
    "11": {
        "top5_index": [
            2493,
            1225,
            1056,
            2123,
            3062
        ],
        "scores": [
            1.0,
            0.5929197669029236,
            0.5812895894050598,
            -0.5545714497566223,
            0.5473110675811768
        ]
    }
}