{
    "0": {
        "top5_index": [
            1017,
            2255,
            630,
            2386,
            2577
        ],
        "scores": [
            1.0,
            0.912040650844574,
            0.8720722794532776,
            0.8670268654823303,
            0.8509501814842224
        ]
    },
    "1": {
        "top5_index": [
            1978,
            2492,
            489,
            1061,
            1726
        ],
        "scores": [
            1.0,
            0.7891041040420532,
            0.7512320876121521,
            0.7398067116737366,
            0.725415825843811
        ]
    },
    "2": {
        "top5_index": [
            2245,
            1052,
            3043,
            2311,
            1273
        ],
        "scores": [
            -1.0,
            0.9876910448074341,
            0.9482928514480591,
            -0.8590896129608154,
            0.8509186506271362
        ]
    },
    "3": {
        "top5_index": [
            2678,
            1456,
            2660,
            1531,
            518
        ],
        "scores": [
            1.0,
            0.9706852436065674,
            0.8244898915290833,
            0.7887585759162903,
            0.7548766136169434
        ]
    },
    "4": {
        "top5_index": [
            1030,
            1458,
            2422,
            2606,
            207
        ],
        "scores": [
            -1.0,
            -0.7572506666183472,
            0.7411743402481079,
            -0.724539041519165,
            0.7241237163543701
        ]
    },
    "5": {
        "top5_index": [
            803,
            335,
            1318,
            1854,
            1837
        ],
        "scores": [
            -1.0,
            -0.922201931476593,
            -0.9160516262054443,
            0.8979566097259521,
            0.8510065078735352
        ]
    },
    "6": {
        "top5_index": [
            684,
            664,
            278,
            2896,
            2503
        ],
        "scores": [
            -1.0,
            -0.6504467725753784,
            0.642440676689148,
            -0.5894504189491272,
            -0.5564011931419373
        ]
    },
    "7": {
        "top5_index": [
            2390,
            1562,
            1339,
            2547,
            2765
        ],
        "scores": [
            1.0,
            0.8793702125549316,
            0.8315320014953613,
            0.761997640132904,
            -0.6092051863670349
        ]
    },
    "8": {
        "top5_index": [
            1794,
            936,
            670,
            1509,
            1493
        ],
        "scores": [
            1.0,
            0.6350279450416565,
            0.6202844381332397,
            -0.6068528890609741,
            0.5676249861717224
        ]
    },
    "9": {
        "top5_index": [
            1043,
            1197,
            2628,
            1436,
            255
        ],
        "scores": [
            -1.0,
            -0.8540080189704895,
            0.8393301963806152,
            -0.7963531613349915,
            0.7667037844657898
        ]
    },
    "10": {
        "top5_index": [
            2761,
            1148,
            2678,
            749,
            2422
        ],
        "scores": [
            -1.0,
            -0.925298810005188,
            -0.9051238298416138,
            -0.8473430275917053,
            0.8285390734672546
        ]
    },
    "11": {
        "top5_index": [
            2493,
            853,
            2807,
            1092,
            2123
        ],
        "scores": [
            -1.0,
            -0.6387246251106262,
            0.6370845437049866,
            -0.6218988299369812,
            0.611716091632843
        ]
    }
}