{
    "0": {
        "top5_index": [
            1,
            366,
            674,
            236,
            517
        ],
        "scores": [
            1.0,
            0.6533886790275574,
            -0.6510383486747742,
            0.5673035383224487,
            -0.5564185976982117
        ]
    },
    "1": {
        "top5_index": [
            382,
            512,
            273,
            161,
            292
        ],
        "scores": [
            1.0,
            -0.940487802028656,
            -0.8697919249534607,
            -0.8014911413192749,
            -0.7505792379379272
        ]
    },
    "2": {
        "top5_index": [
            760,
            395,
            508,
            512,
            442
        ],
        "scores": [
            1.0,
            -0.9757509231567383,
            0.8136424422264099,
            -0.80708909034729,
            0.7365033030509949
        ]
    },
    "3": {
        "top5_index": [
            395,
            88,
            319,
            38,
            272
        ],
        "scores": [
            -1.0,
            0.9928406476974487,
            -0.7549476027488708,
            -0.7420872449874878,
            0.7408745884895325
        ]
    },
    "4": {
        "top5_index": [
            23,
            145,
            198,
            655,
            223
        ],
        "scores": [
            1.0,
            0.9702749848365784,
            0.8989949822425842,
            0.8877229690551758,
            -0.8789735436439514
        ]
    },
    "5": {
        "top5_index": [
            181,
            395,
            448,
            90,
            53
        ],
        "scores": [
            -1.0,
            -0.9247225522994995,
            0.9081403613090515,
            0.8738329410552979,
            0.862057626247406
        ]
    },
    "6": {
        "top5_index": [
            23,
            53,
            508,
            764,
            766
        ],
        "scores": [
            1.0,
            0.8929729461669922,
            0.8688219785690308,
            -0.8473342061042786,
            0.8075525760650635
        ]
    },
    "7": {
        "top5_index": [
            23,
            766,
            134,
            442,
            92
        ],
        "scores": [
            1.0,
            0.7522227764129639,
            0.7425560355186462,
            0.7382521033287048,
            -0.6946991682052612
        ]
    },
    "8": {
        "top5_index": [
            766,
            591,
            272,
            181,
            141
        ],
        "scores": [
            1.0,
            0.9252365231513977,
            0.8898432850837708,
            -0.8873224854469299,
            -0.8800786733627319
        ]
    },
    "9": {
        "top5_index": [
            88,
            313,
            47,
            311,
            443
        ],
        "scores": [
            1.0,
            -0.985504686832428,
            0.9444658160209656,
            0.9117116928100586,
            -0.9104398488998413
        ]
    },
    "10": {
        "top5_index": [
            605,
            88,
            313,
            247,
            311
        ],
        "scores": [
            1.0,
            0.9946404099464417,
            -0.9298023581504822,
            0.9292078614234924,
            0.9242998957633972
        ]
    },
    "11": {
        "top5_index": [
            554,
            443,
            605,
            47,
            707
        ],
        "scores": [
            -1.0,
            -0.930433452129364,
            0.9148322939872742,
            0.9135873317718506,
            -0.9021061658859253
        ]
    }
}