{
    "0": {
        "top5_index": [
            80,
            78,
            690,
            1,
            366
        ],
        "scores": [
            -1.0,
            0.9739473462104797,
            -0.9551941752433777,
            -0.9544709920883179,
            -0.9344532489776611
        ]
    },
    "1": {
        "top5_index": [
            449,
            378,
            51,
            524,
            372
        ],
        "scores": [
            -1.0,
            -0.9404376149177551,
            0.9013581871986389,
            0.8776800036430359,
            -0.8535423278808594
        ]
    },
    "2": {
        "top5_index": [
            378,
            449,
            51,
            181,
            88
        ],
        "scores": [
            -1.0,
            -0.9872884750366211,
            0.9301895499229431,
            -0.8998602628707886,
            0.8052579760551453
        ]
    },
    "3": {
        "top5_index": [
            181,
            449,
            51,
            524,
            378
        ],
        "scores": [
            -1.0,
            -0.8969218730926514,
            0.8754733204841614,
            0.7797015309333801,
            -0.7586387991905212
        ]
    },
    "4": {
        "top5_index": [
            449,
            181,
            425,
            378,
            212
        ],
        "scores": [
            -1.0,
            -0.9707847833633423,
            -0.9421370625495911,
            -0.8321357369422913,
            0.7748633027076721
        ]
    },
    "5": {
        "top5_index": [
            539,
            181,
            282,
            247,
            449
        ],
        "scores": [
            1.0,
            -0.978401780128479,
            0.9523258805274963,
            0.9490119814872742,
            -0.9187403321266174
        ]
    },
    "6": {
        "top5_index": [
            247,
            202,
            661,
            181,
            19
        ],
        "scores": [
            1.0,
            -0.903876543045044,
            -0.8358999490737915,
            -0.8186136484146118,
            0.8014090657234192
        ]
    },
    "7": {
        "top5_index": [
            247,
            393,
            119,
            55,
            202
        ],
        "scores": [
            1.0,
            -0.8001335859298706,
            0.7481042146682739,
            -0.7470839619636536,
            -0.7385697364807129
        ]
    },
    "8": {
        "top5_index": [
            202,
            88,
            313,
            393,
            539
        ],
        "scores": [
            -1.0,
            0.9760026335716248,
            -0.8204932808876038,
            -0.8026893734931946,
            0.7942805290222168
        ]
    },
    "9": {
        "top5_index": [
            88,
            663,
            758,
            393,
            202
        ],
        "scores": [
            1.0,
            0.9974652528762817,
            -0.9103219509124756,
            -0.8830916285514832,
            -0.876395583152771
        ]
    },
    "10": {
        "top5_index": [
            88,
            605,
            119,
            311,
            313
        ],
        "scores": [
            1.0,
            0.9350088238716125,
            0.9138463139533997,
            0.8975943922996521,
            -0.8619827628135681
        ]
    },
    "11": {
        "top5_index": [
            554,
            443,
            605,
            47,
            707
        ],
        "scores": [
            -1.0,
            -0.9304335117340088,
            0.9148324131965637,
            0.9135873317718506,
            -0.9021062254905701
        ]
    }
}