{
    "0": {
        "top5_index": [
            1204,
            1452,
            1463,
            630,
            929
        ],
        "scores": [
            -1.0,
            -0.9421843886375427,
            -0.9296135306358337,
            -0.8951876163482666,
            -0.8909976482391357
        ]
    },
    "1": {
        "top5_index": [
            1909,
            2992,
            1482,
            1720,
            907
        ],
        "scores": [
            -1.0,
            0.9933542013168335,
            -0.9683916568756104,
            -0.9595130681991577,
            -0.9209007024765015
        ]
    },
    "2": {
        "top5_index": [
            891,
            2296,
            1777,
            2378,
            1281
        ],
        "scores": [
            1.0,
            -0.712567925453186,
            0.7055859565734863,
            -0.6861138939857483,
            -0.6545493602752686
        ]
    },
    "3": {
        "top5_index": [
            68,
            1531,
            824,
            1470,
            2287
        ],
        "scores": [
            -1.0,
            -0.911596417427063,
            -0.7842135429382324,
            -0.7740450501441956,
            -0.7397277355194092
        ]
    },
    "4": {
        "top5_index": [
            1967,
            117,
            356,
            1644,
            829
        ],
        "scores": [
            1.0,
            0.5031734704971313,
            0.49019309878349304,
            -0.45936092734336853,
            0.4438551068305969
        ]
    },
    "5": {
        "top5_index": [
            2197,
            1687,
            159,
            2548,
            2386
        ],
        "scores": [
            1.0,
            0.9474320411682129,
            -0.9079602360725403,
            -0.8761237859725952,
            0.8745461106300354
        ]
    },
    "6": {
        "top5_index": [
            1321,
            3009,
            2642,
            2013,
            2497
        ],
        "scores": [
            1.0,
            0.6443642377853394,
            0.5057069659233093,
            -0.5012338161468506,
            0.48903146386146545
        ]
    },
    "7": {
        "top5_index": [
            2547,
            238,
            1562,
            1600,
            2093
        ],
        "scores": [
            1.0,
            0.852538526058197,
            0.8511198163032532,
            0.6754175424575806,
            0.6646759510040283
        ]
    },
    "8": {
        "top5_index": [
            1015,
            1099,
            1509,
            1033,
            1272
        ],
        "scores": [
            1.0,
            0.8607543110847473,
            -0.7981664538383484,
            0.7557082772254944,
            -0.7287372350692749
        ]
    },
    "9": {
        "top5_index": [
            1857,
            1529,
            1938,
            2250,
            1117
        ],
        "scores": [
            -1.0,
            -0.7793720960617065,
            -0.7637841701507568,
            -0.7578561305999756,
            -0.7491349577903748
        ]
    },
    "10": {
        "top5_index": [
            2761,
            126,
            2422,
            1148,
            2678
        ],
        "scores": [
            -1.0,
            0.921725869178772,
            0.919942319393158,
            -0.8887624740600586,
            -0.8748413920402527
        ]
    },
    "11": {
        "top5_index": [
            2493,
            853,
            2807,
            1092,
            2123
        ],
        "scores": [
            -1.0,
            -0.6387246251106262,
            0.637084424495697,
            -0.6218987107276917,
            0.6117161512374878
        ]
    }
}