{
    "0": {
        "top5_index": [
            2370,
            420,
            2822,
            1980,
            2802
        ],
        "scores": [
            1.0,
            0.9738562703132629,
            -0.9716613292694092,
            0.9216164946556091,
            0.9051900506019592
        ]
    },
    "1": {
        "top5_index": [
            2563,
            2992,
            636,
            779,
            1235
        ],
        "scores": [
            1.0,
            -0.7357717752456665,
            -0.7288874387741089,
            -0.7247793674468994,
            -0.7216442227363586
        ]
    },
    "2": {
        "top5_index": [
            2296,
            253,
            637,
            206,
            471
        ],
        "scores": [
            -1.0,
            0.9897604584693909,
            0.9649150967597961,
            0.8922218680381775,
            0.8800695538520813
        ]
    },
    "3": {
        "top5_index": [
            2791,
            1128,
            340,
            2246,
            2382
        ],
        "scores": [
            -1.0,
            0.961188554763794,
            -0.9545628428459167,
            0.9533871412277222,
            -0.930759608745575
        ]
    },
    "4": {
        "top5_index": [
            207,
            240,
            282,
            433,
            2989
        ],
        "scores": [
            -1.0,
            -0.9712530374526978,
            0.7094218134880066,
            -0.5437034368515015,
            0.5410813689231873
        ]
    },
    "5": {
        "top5_index": [
            1573,
            2502,
            2166,
            74,
            1868
        ],
        "scores": [
            1.0,
            0.8858019113540649,
            0.8367376327514648,
            -0.7183786034584045,
            -0.640865683555603
        ]
    },
    "6": {
        "top5_index": [
            1580,
            1534,
            2288,
            1638,
            3047
        ],
        "scores": [
            -1.0,
            -0.812113344669342,
            0.6769886612892151,
            0.6565114259719849,
            -0.6016483306884766
        ]
    },
    "7": {
        "top5_index": [
            1226,
            2340,
            2925,
            248,
            1142
        ],
        "scores": [
            1.0,
            0.8457345366477966,
            0.7606743574142456,
            -0.44872036576271057,
            -0.4133221507072449
        ]
    },
    "8": {
        "top5_index": [
            2676,
            1429,
            748,
            2779,
            1015
        ],
        "scores": [
            1.0,
            0.981194794178009,
            0.9501612782478333,
            0.9090965986251831,
            0.8971425890922546
        ]
    },
    "9": {
        "top5_index": [
            2207,
            2250,
            2805,
            1470,
            792
        ],
        "scores": [
            1.0,
            -0.9953765273094177,
            0.9550677537918091,
            -0.9004499912261963,
            -0.8763260245323181
        ]
    },
    "10": {
        "top5_index": [
            1148,
            2761,
            2678,
            2422,
            749
        ],
        "scores": [
            -1.0,
            -0.9670729041099548,
            -0.9402515292167664,
            0.9297102093696594,
            -0.8382849097251892
        ]
    },
    "11": {
        "top5_index": [
            2493,
            853,
            2807,
            1092,
            2123
        ],
        "scores": [
            -1.0,
            -0.6387248039245605,
            0.6370845437049866,
            -0.6218990683555603,
            0.6117162108421326
        ]
    }
}