{
    "0": {
        "top5_index": [
            517,
            595,
            82,
            561,
            282
        ],
        "scores": [
            -1.0,
            0.7358153462409973,
            0.5803496837615967,
            0.511469841003418,
            0.5069875717163086
        ]
    },
    "1": {
        "top5_index": [
            732,
            681,
            447,
            138,
            70
        ],
        "scores": [
            1.0,
            -0.8851683139801025,
            0.7787270545959473,
            -0.731591522693634,
            0.7290686964988708
        ]
    },
    "2": {
        "top5_index": [
            554,
            121,
            732,
            555,
            447
        ],
        "scores": [
            -1.0,
            0.9130846858024597,
            0.8341781497001648,
            0.7676197290420532,
            0.7641080021858215
        ]
    },
    "3": {
        "top5_index": [
            265,
            690,
            264,
            456,
            554
        ],
        "scores": [
            1.0,
            -0.9749732613563538,
            -0.9175084829330444,
            0.899624764919281,
            -0.8811987638473511
        ]
    },
    "4": {
        "top5_index": [
            181,
            690,
            119,
            30,
            265
        ],
        "scores": [
            -1.0,
            -0.9953302145004272,
            0.9389166831970215,
            0.9206841588020325,
            0.8866136074066162
        ]
    },
    "5": {
        "top5_index": [
            514,
            181,
            603,
            322,
            644
        ],
        "scores": [
            1.0,
            -0.9526764750480652,
            0.9074043035507202,
            0.8956193327903748,
            0.890107274055481
        ]
    },
    "6": {
        "top5_index": [
            443,
            121,
            181,
            119,
            142
        ],
        "scores": [
            -1.0,
            0.9261427521705627,
            -0.9096911549568176,
            0.8941541314125061,
            -0.8529083132743835
        ]
    },
    "7": {
        "top5_index": [
            668,
            647,
            605,
            43,
            663
        ],
        "scores": [
            -1.0,
            -0.9603323936462402,
            0.8820000290870667,
            -0.835702657699585,
            0.8184884190559387
        ]
    },
    "8": {
        "top5_index": [
            5,
            175,
            265,
            443,
            311
        ],
        "scores": [
            -1.0,
            0.9882547855377197,
            0.982986330986023,
            -0.9819234013557434,
            0.9724413156509399
        ]
    },
    "9": {
        "top5_index": [
            663,
            88,
            443,
            287,
            605
        ],
        "scores": [
            1.0,
            0.9566085338592529,
            -0.8601863980293274,
            0.7865920066833496,
            0.7577831745147705
        ]
    },
    "10": {
        "top5_index": [
            88,
            247,
            605,
            313,
            707
        ],
        "scores": [
            1.0,
            0.9016284346580505,
            0.8921788930892944,
            -0.8422126173973083,
            -0.8402514457702637
        ]
    },
    "11": {
        "top5_index": [
            554,
            443,
            605,
            47,
            707
        ],
        "scores": [
            -1.0,
            -0.9304335713386536,
            0.914832353591919,
            0.9135872721672058,
            -0.9021061658859253
        ]
    }
}