{
    "0": {
        "top5_index": [
            1,
            366,
            517,
            595,
            461
        ],
        "scores": [
            1.0,
            0.9092302918434143,
            -0.8953287601470947,
            0.885958194732666,
            0.7798858284950256
        ]
    },
    "1": {
        "top5_index": [
            678,
            514,
            11,
            382,
            605
        ],
        "scores": [
            1.0,
            0.7991941571235657,
            -0.7520972490310669,
            0.7407163977622986,
            0.7092479467391968
        ]
    },
    "2": {
        "top5_index": [
            497,
            585,
            328,
            525,
            370
        ],
        "scores": [
            -1.0,
            -0.9786060452461243,
            0.9297783374786377,
            0.901807427406311,
            0.8860993981361389
        ]
    },
    "3": {
        "top5_index": [
            181,
            326,
            117,
            29,
            525
        ],
        "scores": [
            -1.0,
            -0.961743175983429,
            -0.9518868923187256,
            0.9464309215545654,
            0.9382019639015198
        ]
    },
    "4": {
        "top5_index": [
            446,
            181,
            23,
            198,
            160
        ],
        "scores": [
            -1.0,
            -0.9759122133255005,
            0.9685710072517395,
            0.9390990734100342,
            -0.9297051429748535
        ]
    },
    "5": {
        "top5_index": [
            181,
            421,
            691,
            173,
            474
        ],
        "scores": [
            -1.0,
            0.9483698010444641,
            -0.9169418811798096,
            -0.8967310190200806,
            0.8595877885818481
        ]
    },
    "6": {
        "top5_index": [
            691,
            202,
            173,
            23,
            19
        ],
        "scores": [
            -1.0,
            -0.8913706541061401,
            -0.8710254430770874,
            0.8671430349349976,
            0.8354331254959106
        ]
    },
    "7": {
        "top5_index": [
            173,
            175,
            23,
            691,
            119
        ],
        "scores": [
            -1.0,
            0.9483346939086914,
            0.905558705329895,
            -0.8853374123573303,
            0.8668869733810425
        ]
    },
    "8": {
        "top5_index": [
            66,
            591,
            605,
            363,
            287
        ],
        "scores": [
            1.0,
            0.9483437538146973,
            0.8863247632980347,
            -0.8539947867393494,
            0.8310628533363342
        ]
    },
    "9": {
        "top5_index": [
            287,
            88,
            308,
            311,
            175
        ],
        "scores": [
            1.0,
            0.8972437977790833,
            0.8887274861335754,
            0.8520795106887817,
            0.8082541823387146
        ]
    },
    "10": {
        "top5_index": [
            605,
            88,
            313,
            443,
            554
        ],
        "scores": [
            1.0,
            0.9738635420799255,
            -0.9219709038734436,
            -0.8796177506446838,
            -0.8502456545829773
        ]
    },
    "11": {
        "top5_index": [
            554,
            443,
            605,
            47,
            707
        ],
        "scores": [
            -1.0,
            -0.930433452129364,
            0.914832353591919,
            0.9135873317718506,
            -0.9021062254905701
        ]
    }
}