{
    "0": {
        "top5_index": [
            2976,
            248,
            1893,
            172,
            2167
        ],
        "scores": [
            -1.0,
            -0.9634772539138794,
            -0.9346652030944824,
            -0.8716639876365662,
            -0.8365990519523621
        ]
    },
    "1": {
        "top5_index": [
            1778,
            1726,
            2563,
            1978,
            2492
        ],
        "scores": [
            1.0,
            0.945997416973114,
            0.8958354592323303,
            0.8731374144554138,
            0.84346604347229
        ]
    },
    "2": {
        "top5_index": [
            2362,
            1273,
            2081,
            1073,
            1881
        ],
        "scores": [
            -1.0,
            0.975885808467865,
            0.9277361631393433,
            -0.9171373844146729,
            -0.895875871181488
        ]
    },
    "3": {
        "top5_index": [
            1456,
            568,
            2678,
            13,
            2660
        ],
        "scores": [
            1.0,
            -0.9416322708129883,
            0.8316081762313843,
            -0.7572353482246399,
            0.7485429048538208
        ]
    },
    "4": {
        "top5_index": [
            2606,
            1030,
            1417,
            2422,
            2254
        ],
        "scores": [
            -1.0,
            -0.9138285517692566,
            0.7703960537910461,
            0.7491210699081421,
            0.6620184779167175
        ]
    },
    "5": {
        "top5_index": [
            1837,
            2432,
            2386,
            1452,
            1854
        ],
        "scores": [
            1.0,
            0.9085262417793274,
            0.8983650803565979,
            -0.8956989049911499,
            0.8856470584869385
        ]
    },
    "6": {
        "top5_index": [
            1321,
            2503,
            684,
            2418,
            3017
        ],
        "scores": [
            1.0,
            -0.7092089056968689,
            -0.6909013986587524,
            -0.5963029861450195,
            -0.5730547308921814
        ]
    },
    "7": {
        "top5_index": [
            2547,
            1562,
            687,
            238,
            2390
        ],
        "scores": [
            1.0,
            0.879432201385498,
            0.7702092528343201,
            0.7638081908226013,
            0.7490046620368958
        ]
    },
    "8": {
        "top5_index": [
            1509,
            1794,
            1709,
            1493,
            1274
        ],
        "scores": [
            -1.0,
            0.9406750798225403,
            0.66968834400177,
            0.6672908663749695,
            0.643766462802887
        ]
    },
    "9": {
        "top5_index": [
            2628,
            1043,
            255,
            2207,
            2382
        ],
        "scores": [
            1.0,
            -0.9974932670593262,
            0.9661335945129395,
            0.8652582764625549,
            0.8464719653129578
        ]
    },
    "10": {
        "top5_index": [
            2761,
            2678,
            749,
            1148,
            2422
        ],
        "scores": [
            -1.0,
            -0.8820409178733826,
            -0.8643530607223511,
            -0.839177131652832,
            0.8157439827919006
        ]
    },
    "11": {
        "top5_index": [
            2493,
            853,
            2807,
            1092,
            2123
        ],
        "scores": [
            -1.0,
            -0.638724684715271,
            0.6370847225189209,
            -0.621898889541626,
            0.6117159724235535
        ]
    }
}