{
    "0": {
        "top5_index": [
            205,
            278,
            299,
            542,
            499
        ],
        "scores": [
            -1.0,
            0.9902144074440002,
            -0.9367753863334656,
            0.9248411059379578,
            -0.880346417427063
        ]
    },
    "1": {
        "top5_index": [
            425,
            448,
            111,
            447,
            393
        ],
        "scores": [
            -1.0,
            -0.825489342212677,
            -0.8096858263015747,
            -0.8092154860496521,
            0.7632683515548706
        ]
    },
    "2": {
        "top5_index": [
            603,
            0,
            181,
            202,
            448
        ],
        "scores": [
            1.0,
            0.8511383533477783,
            -0.8259899616241455,
            -0.7638853192329407,
            -0.7344241142272949
        ]
    },
    "3": {
        "top5_index": [
            448,
            51,
            675,
            311,
            183
        ],
        "scores": [
            -1.0,
            0.9398708939552307,
            -0.9007322192192078,
            0.8869719505310059,
            0.8784635066986084
        ]
    },
    "4": {
        "top5_index": [
            448,
            355,
            173,
            311,
            31
        ],
        "scores": [
            -1.0,
            0.8747110962867737,
            -0.814509928226471,
            0.760615885257721,
            -0.7326589226722717
        ]
    },
    "5": {
        "top5_index": [
            181,
            448,
            202,
            311,
            482
        ],
        "scores": [
            -1.0,
            -0.9705662727355957,
            -0.9317761659622192,
            0.8616403341293335,
            0.8186750411987305
        ]
    },
    "6": {
        "top5_index": [
            202,
            311,
            417,
            181,
            225
        ],
        "scores": [
            -1.0,
            0.739389955997467,
            0.7218759059906006,
            -0.7128069400787354,
            0.7001645565032959
        ]
    },
    "7": {
        "top5_index": [
            311,
            202,
            51,
            298,
            490
        ],
        "scores": [
            1.0,
            -0.9682586193084717,
            0.9118801355361938,
            0.8996541500091553,
            0.890211284160614
        ]
    },
    "8": {
        "top5_index": [
            202,
            298,
            605,
            311,
            490
        ],
        "scores": [
            -1.0,
            0.8867082595825195,
            0.8769074082374573,
            0.8088420033454895,
            0.799963653087616
        ]
    },
    "9": {
        "top5_index": [
            663,
            605,
            202,
            298,
            287
        ],
        "scores": [
            1.0,
            0.9996657371520996,
            -0.9235983490943909,
            0.9022763967514038,
            0.8698418140411377
        ]
    },
    "10": {
        "top5_index": [
            88,
            605,
            119,
            311,
            247
        ],
        "scores": [
            1.0,
            0.9600501656532288,
            0.9232748746871948,
            0.8726709485054016,
            0.8538092374801636
        ]
    },
    "11": {
        "top5_index": [
            554,
            443,
            605,
            47,
            707
        ],
        "scores": [
            -1.0,
            -0.9304335117340088,
            0.914832353591919,
            0.9135872721672058,
            -0.9021062254905701
        ]
    }
}