{
    "0": {
        "top5_index": [
            271,
            2581,
            1281,
            1914,
            405
        ],
        "scores": [
            1.0,
            0.8496282696723938,
            0.8400251865386963,
            0.8388199210166931,
            0.8077077865600586
        ]
    },
    "1": {
        "top5_index": [
            2195,
            1061,
            2949,
            1590,
            2054
        ],
        "scores": [
            -1.0,
            -0.9912778735160828,
            -0.9859611392021179,
            0.955744743347168,
            0.8677863478660583
        ]
    },
    "2": {
        "top5_index": [
            891,
            1281,
            2296,
            125,
            2915
        ],
        "scores": [
            1.0,
            -0.9562188386917114,
            -0.8874000906944275,
            -0.7974339723587036,
            -0.7582805752754211
        ]
    },
    "3": {
        "top5_index": [
            1531,
            68,
            824,
            2660,
            1470
        ],
        "scores": [
            -1.0,
            -0.9905757308006287,
            -0.9045056700706482,
            -0.8536982536315918,
            -0.8332645893096924
        ]
    },
    "4": {
        "top5_index": [
            1967,
            1960,
            2891,
            117,
            1867
        ],
        "scores": [
            1.0,
            0.5291666388511658,
            -0.5091482996940613,
            0.5069302916526794,
            -0.5066493153572083
        ]
    },
    "5": {
        "top5_index": [
            803,
            2454,
            1004,
            2371,
            2386
        ],
        "scores": [
            -1.0,
            0.9848225712776184,
            0.9635589122772217,
            -0.9463313221931458,
            0.8913643956184387
        ]
    },
    "6": {
        "top5_index": [
            1321,
            1473,
            1130,
            498,
            870
        ],
        "scores": [
            1.0,
            -0.6294140219688416,
            -0.5890318751335144,
            -0.5822896361351013,
            0.5717382431030273
        ]
    },
    "7": {
        "top5_index": [
            1562,
            2093,
            3071,
            2547,
            238
        ],
        "scores": [
            1.0,
            0.805258572101593,
            0.7898117899894714,
            0.7298577427864075,
            0.6190304756164551
        ]
    },
    "8": {
        "top5_index": [
            1099,
            1015,
            1449,
            690,
            105
        ],
        "scores": [
            1.0,
            0.9726948738098145,
            0.9101139903068542,
            0.7944033741950989,
            0.7425004243850708
        ]
    },
    "9": {
        "top5_index": [
            1857,
            1381,
            1529,
            2166,
            107
        ],
        "scores": [
            -1.0,
            -0.990941047668457,
            -0.9340240955352783,
            -0.895406186580658,
            0.887894868850708
        ]
    },
    "10": {
        "top5_index": [
            749,
            1148,
            2761,
            2678,
            957
        ],
        "scores": [
            -1.0,
            -0.9997625350952148,
            -0.986161470413208,
            -0.948284387588501,
            0.9340642094612122
        ]
    },
    "11": {
        "top5_index": [
            2493,
            853,
            2807,
            1092,
            2123
        ],
        "scores": [
            -1.0,
            -0.638724684715271,
            0.6370846033096313,
            -0.621898889541626,
            0.6117159128189087
        ]
    }
}