{
    "0": {
        "top5_index": [
            97,
            512,
            403,
            581,
            508
        ],
        "scores": [
            -1.0,
            -0.805168628692627,
            -0.6846180558204651,
            -0.67649906873703,
            0.6635403633117676
        ]
    },
    "1": {
        "top5_index": [
            512,
            581,
            559,
            51,
            97
        ],
        "scores": [
            -1.0,
            -0.7683910131454468,
            0.5687898397445679,
            0.565165102481842,
            -0.5556459426879883
        ]
    },
    "2": {
        "top5_index": [
            512,
            97,
            211,
            508,
            581
        ],
        "scores": [
            -1.0,
            -0.815738320350647,
            -0.7370854020118713,
            0.6584904193878174,
            -0.5981866717338562
        ]
    },
    "3": {
        "top5_index": [
            512,
            97,
            211,
            395,
            237
        ],
        "scores": [
            -1.0,
            -0.9344403147697449,
            -0.8417442440986633,
            -0.7729361653327942,
            -0.7486402988433838
        ]
    },
    "4": {
        "top5_index": [
            97,
            587,
            395,
            495,
            69
        ],
        "scores": [
            -1.0,
            -0.8229429125785828,
            -0.7887679934501648,
            0.7475401163101196,
            0.7467904090881348
        ]
    },
    "5": {
        "top5_index": [
            587,
            311,
            395,
            158,
            287
        ],
        "scores": [
            -1.0,
            0.8800557255744934,
            -0.8679359555244446,
            0.8157556056976318,
            0.8111832737922668
        ]
    },
    "6": {
        "top5_index": [
            587,
            311,
            69,
            287,
            350
        ],
        "scores": [
            -1.0,
            0.911397397518158,
            0.9013463258743286,
            0.8632585406303406,
            -0.8300786018371582
        ]
    },
    "7": {
        "top5_index": [
            69,
            587,
            311,
            287,
            679
        ],
        "scores": [
            1.0,
            -0.9999671578407288,
            0.966585099697113,
            0.9135740399360657,
            0.8750596642494202
        ]
    },
    "8": {
        "top5_index": [
            238,
            587,
            298,
            663,
            47
        ],
        "scores": [
            -1.0,
            -0.9787476658821106,
            0.9055310487747192,
            0.8794175982475281,
            0.8569026589393616
        ]
    },
    "9": {
        "top5_index": [
            663,
            287,
            88,
            298,
            753
        ],
        "scores": [
            1.0,
            0.9521489143371582,
            0.9266668558120728,
            0.9072446227073669,
            0.8274379968643188
        ]
    },
    "10": {
        "top5_index": [
            88,
            707,
            554,
            605,
            119
        ],
        "scores": [
            1.0,
            -0.8986595273017883,
            -0.8608365654945374,
            0.8568435311317444,
            0.8428725600242615
        ]
    },
    "11": {
        "top5_index": [
            554,
            443,
            605,
            47,
            707
        ],
        "scores": [
            -1.0,
            -0.9304335713386536,
            0.9148324728012085,
            0.9135873913764954,
            -0.9021062850952148
        ]
    }
}