{
    "0": {
        "top5_index": [
            95,
            1268,
            420,
            2577,
            1133
        ],
        "scores": [
            1.0,
            0.9902499318122864,
            0.9879627227783203,
            0.9797530174255371,
            0.9491309523582458
        ]
    },
    "1": {
        "top5_index": [
            1978,
            1384,
            7,
            937,
            1427
        ],
        "scores": [
            1.0,
            0.831409215927124,
            0.7821243405342102,
            0.732295572757721,
            -0.7198325991630554
        ]
    },
    "2": {
        "top5_index": [
            1972,
            1927,
            3017,
            3058,
            1116
        ],
        "scores": [
            -1.0,
            -0.9573772549629211,
            0.851033627986908,
            0.8482025265693665,
            0.847199022769928
        ]
    },
    "3": {
        "top5_index": [
            812,
            2522,
            2507,
            2512,
            2628
        ],
        "scores": [
            -1.0,
            0.962320864200592,
            -0.9519962668418884,
            -0.9511246085166931,
            -0.9500924348831177
        ]
    },
    "4": {
        "top5_index": [
            2422,
            2606,
            1014,
            2511,
            1595
        ],
        "scores": [
            1.0,
            -0.8625262379646301,
            0.8489065766334534,
            0.8399343490600586,
            -0.7581301927566528
        ]
    },
    "5": {
        "top5_index": [
            2194,
            351,
            803,
            1376,
            659
        ],
        "scores": [
            -1.0,
            -0.8929296731948853,
            -0.8288730382919312,
            0.7985554933547974,
            -0.7068312764167786
        ]
    },
    "6": {
        "top5_index": [
            684,
            1615,
            1013,
            2316,
            1930
        ],
        "scores": [
            -1.0,
            -0.7106958627700806,
            0.644223153591156,
            -0.6242719292640686,
            -0.6204751133918762
        ]
    },
    "7": {
        "top5_index": [
            1339,
            3071,
            1562,
            2390,
            2547
        ],
        "scores": [
            1.0,
            0.7946927547454834,
            0.7853336930274963,
            0.7742828726768494,
            0.7598113417625427
        ]
    },
    "8": {
        "top5_index": [
            1794,
            1509,
            1015,
            1493,
            936
        ],
        "scores": [
            1.0,
            -0.9247337579727173,
            0.8919538259506226,
            0.7490316033363342,
            0.708012580871582
        ]
    },
    "9": {
        "top5_index": [
            1043,
            2207,
            255,
            2233,
            1197
        ],
        "scores": [
            -1.0,
            0.8870024681091309,
            0.8159680962562561,
            -0.8140273094177246,
            -0.8101449012756348
        ]
    },
    "10": {
        "top5_index": [
            2422,
            1148,
            303,
            2678,
            2761
        ],
        "scores": [
            1.0,
            -0.9796867370605469,
            -0.9600583910942078,
            -0.9545629620552063,
            -0.9298064112663269
        ]
    },
    "11": {
        "top5_index": [
            2493,
            853,
            2807,
            1092,
            2123
        ],
        "scores": [
            -1.0,
            -0.6387249231338501,
            0.6370847821235657,
            -0.6218989491462708,
            0.6117161512374878
        ]
    }
}