{
    "0": {
        "top5_index": [
            1017,
            2255,
            2921,
            2400,
            2032
        ],
        "scores": [
            1.0,
            0.9829068183898926,
            0.9702655673027039,
            0.9266121983528137,
            0.9124605059623718
        ]
    },
    "1": {
        "top5_index": [
            1978,
            489,
            2563,
            1061,
            2127
        ],
        "scores": [
            1.0,
            0.9087043404579163,
            0.6969078183174133,
            0.6562843322753906,
            0.6192439198493958
        ]
    },
    "2": {
        "top5_index": [
            2943,
            2382,
            2232,
            2239,
            697
        ],
        "scores": [
            -1.0,
            -0.9804589748382568,
            -0.954911470413208,
            0.9354816675186157,
            0.9294913411140442
        ]
    },
    "3": {
        "top5_index": [
            1456,
            2181,
            1531,
            1988,
            518
        ],
        "scores": [
            1.0,
            0.7846432328224182,
            0.7677827477455139,
            0.7411049008369446,
            0.7328452467918396
        ]
    },
    "4": {
        "top5_index": [
            240,
            207,
            2033,
            2361,
            1030
        ],
        "scores": [
            1.0,
            0.9889045357704163,
            -0.628407895565033,
            -0.6218830347061157,
            -0.6036818027496338
        ]
    },
    "5": {
        "top5_index": [
            1440,
            1367,
            2634,
            699,
            1452
        ],
        "scores": [
            1.0,
            0.912979781627655,
            -0.9018080830574036,
            0.897190272808075,
            -0.8926581144332886
        ]
    },
    "6": {
        "top5_index": [
            684,
            1930,
            2503,
            2896,
            664
        ],
        "scores": [
            -1.0,
            -0.6331508755683899,
            -0.570659339427948,
            -0.5700671672821045,
            -0.5347707271575928
        ]
    },
    "7": {
        "top5_index": [
            2390,
            2547,
            1339,
            1142,
            887
        ],
        "scores": [
            1.0,
            0.805624783039093,
            0.713972270488739,
            0.6139122843742371,
            0.5762059688568115
        ]
    },
    "8": {
        "top5_index": [
            1794,
            670,
            1493,
            2973,
            1394
        ],
        "scores": [
            1.0,
            0.78755784034729,
            0.6725223064422607,
            -0.5757479667663574,
            0.5727406144142151
        ]
    },
    "9": {
        "top5_index": [
            1043,
            2628,
            2250,
            2805,
            1197
        ],
        "scores": [
            -1.0,
            0.9638472199440002,
            -0.9248403310775757,
            0.9049407243728638,
            -0.8990975618362427
        ]
    },
    "10": {
        "top5_index": [
            1148,
            2761,
            2678,
            2422,
            749
        ],
        "scores": [
            -1.0,
            -0.9940838813781738,
            -0.9076213240623474,
            0.8624498248100281,
            -0.8388354778289795
        ]
    },
    "11": {
        "top5_index": [
            2493,
            853,
            2807,
            1092,
            2123
        ],
        "scores": [
            -1.0,
            -0.6387248039245605,
            0.6370846629142761,
            -0.6218989491462708,
            0.6117159724235535
        ]
    }
}