{
    "0": {
        "top5_index": [
            1,
            366,
            638,
            674,
            210
        ],
        "scores": [
            1.0,
            0.9137797951698303,
            0.784777820110321,
            -0.7527429461479187,
            -0.6774126887321472
        ]
    },
    "1": {
        "top5_index": [
            514,
            282,
            273,
            375,
            561
        ],
        "scores": [
            1.0,
            0.9552464485168457,
            -0.8754104971885681,
            -0.8453404307365417,
            0.8402835130691528
        ]
    },
    "2": {
        "top5_index": [
            448,
            638,
            561,
            61,
            326
        ],
        "scores": [
            1.0,
            0.8683162927627563,
            0.8583630323410034,
            -0.8501706719398499,
            -0.8418008089065552
        ]
    },
    "3": {
        "top5_index": [
            448,
            88,
            326,
            69,
            561
        ],
        "scores": [
            1.0,
            0.8472935557365417,
            -0.8151279091835022,
            0.7898514866828918,
            0.7688394784927368
        ]
    },
    "4": {
        "top5_index": [
            561,
            88,
            224,
            448,
            1
        ],
        "scores": [
            1.0,
            0.993355929851532,
            -0.9308458566665649,
            0.8900517225265503,
            -0.7533285617828369
        ]
    },
    "5": {
        "top5_index": [
            561,
            448,
            196,
            703,
            411
        ],
        "scores": [
            1.0,
            0.9911922216415405,
            0.8598521947860718,
            -0.7800412774085999,
            -0.7657971382141113
        ]
    },
    "6": {
        "top5_index": [
            561,
            448,
            196,
            764,
            298
        ],
        "scores": [
            1.0,
            0.8614768385887146,
            0.797904372215271,
            -0.7308587431907654,
            0.7265123724937439
        ]
    },
    "7": {
        "top5_index": [
            134,
            605,
            88,
            196,
            448
        ],
        "scores": [
            1.0,
            0.9356591701507568,
            0.9120659828186035,
            0.8816874027252197,
            0.8371691703796387
        ]
    },
    "8": {
        "top5_index": [
            88,
            298,
            605,
            196,
            141
        ],
        "scores": [
            1.0,
            0.9674010276794434,
            0.8158670663833618,
            0.81461501121521,
            -0.794182300567627
        ]
    },
    "9": {
        "top5_index": [
            88,
            663,
            443,
            47,
            175
        ],
        "scores": [
            1.0,
            0.8332558274269104,
            -0.7850836515426636,
            0.7536101937294006,
            0.7252434492111206
        ]
    },
    "10": {
        "top5_index": [
            88,
            247,
            311,
            605,
            47
        ],
        "scores": [
            1.0,
            0.9038220047950745,
            0.8975484371185303,
            0.8969010710716248,
            0.8870477676391602
        ]
    },
    "11": {
        "top5_index": [
            554,
            443,
            605,
            47,
            707
        ],
        "scores": [
            -1.0,
            -0.9304335117340088,
            0.9148324728012085,
            0.9135873913764954,
            -0.9021062254905701
        ]
    }
}