{
    "0": {
        "top5_index": [
            366,
            281,
            236,
            1,
            78
        ],
        "scores": [
            -1.0,
            0.8482362031936646,
            -0.7989248633384705,
            -0.784913957118988,
            0.7371582388877869
        ]
    },
    "1": {
        "top5_index": [
            581,
            740,
            366,
            682,
            447
        ],
        "scores": [
            1.0,
            0.9682333469390869,
            -0.9472178816795349,
            0.9126601815223694,
            -0.901619553565979
        ]
    },
    "2": {
        "top5_index": [
            128,
            653,
            357,
            625,
            507
        ],
        "scores": [
            1.0,
            0.9452088475227356,
            0.9188399910926819,
            0.9125280976295471,
            0.8873956799507141
        ]
    },
    "3": {
        "top5_index": [
            236,
            414,
            128,
            653,
            217
        ],
        "scores": [
            -1.0,
            -0.887594997882843,
            0.7911216020584106,
            0.7239672541618347,
            0.7222557663917542
        ]
    },
    "4": {
        "top5_index": [
            100,
            76,
            435,
            719,
            313
        ],
        "scores": [
            1.0,
            0.9693236947059631,
            0.9653722643852234,
            0.907739520072937,
            0.8924691081047058
        ]
    },
    "5": {
        "top5_index": [
            435,
            100,
            674,
            79,
            313
        ],
        "scores": [
            1.0,
            0.9898271560668945,
            0.9545978307723999,
            -0.8885694146156311,
            0.8583967685699463
        ]
    },
    "6": {
        "top5_index": [
            314,
            674,
            100,
            79,
            737
        ],
        "scores": [
            1.0,
            0.8154638409614563,
            0.7773424386978149,
            -0.7416454553604126,
            0.7139478921890259
        ]
    },
    "7": {
        "top5_index": [
            134,
            674,
            435,
            75,
            605
        ],
        "scores": [
            -1.0,
            0.9825836420059204,
            0.9101107716560364,
            -0.8876579403877258,
            -0.8364847898483276
        ]
    },
    "8": {
        "top5_index": [
            134,
            435,
            748,
            663,
            238
        ],
        "scores": [
            -1.0,
            0.8072385191917419,
            0.7627353072166443,
            -0.7189910411834717,
            0.7055696845054626
        ]
    },
    "9": {
        "top5_index": [
            663,
            605,
            134,
            414,
            238
        ],
        "scores": [
            -1.0,
            -0.9002435207366943,
            -0.8692530989646912,
            -0.8418349623680115,
            0.7885892987251282
        ]
    },
    "10": {
        "top5_index": [
            605,
            748,
            319,
            88,
            663
        ],
        "scores": [
            -1.0,
            0.8268684148788452,
            0.8091972470283508,
            -0.7742171883583069,
            -0.7399179339408875
        ]
    },
    "11": {
        "top5_index": [
            605,
            702,
            577,
            169,
            319
        ],
        "scores": [
            -1.0,
            0.9249410629272461,
            -0.8609997034072876,
            0.8334484100341797,
            0.8219586610794067
        ]
    }
}