{
    "0": {
        "top5_index": [
            2912,
            2031,
            2115,
            2581,
            612
        ],
        "scores": [
            1.0,
            -0.964881420135498,
            -0.950857937335968,
            -0.9106925129890442,
            0.9042700529098511
        ]
    },
    "1": {
        "top5_index": [
            2563,
            1510,
            1978,
            2666,
            1793
        ],
        "scores": [
            -1.0,
            -0.9917903542518616,
            -0.908308207988739,
            -0.7781162261962891,
            -0.775690495967865
        ]
    },
    "2": {
        "top5_index": [
            2038,
            636,
            785,
            1842,
            159
        ],
        "scores": [
            1.0,
            -0.9413335919380188,
            -0.9096251130104065,
            0.9046608805656433,
            -0.8998554944992065
        ]
    },
    "3": {
        "top5_index": [
            1531,
            68,
            2660,
            824,
            2664
        ],
        "scores": [
            -1.0,
            -0.9267973899841309,
            -0.8979669809341431,
            -0.8573572039604187,
            -0.8367296457290649
        ]
    },
    "4": {
        "top5_index": [
            117,
            2657,
            1014,
            1296,
            2254
        ],
        "scores": [
            -1.0,
            0.7956926226615906,
            -0.7546030282974243,
            -0.738418698310852,
            -0.6963387727737427
        ]
    },
    "5": {
        "top5_index": [
            79,
            1909,
            1573,
            2634,
            2381
        ],
        "scores": [
            -1.0,
            0.7928962111473083,
            0.7298272252082825,
            0.721564769744873,
            -0.6760503053665161
        ]
    },
    "6": {
        "top5_index": [
            684,
            2503,
            764,
            96,
            1235
        ],
        "scores": [
            1.0,
            0.5715904831886292,
            0.4947371482849121,
            0.48761504888534546,
            -0.46506941318511963
        ]
    },
    "7": {
        "top5_index": [
            2390,
            115,
            164,
            1069,
            1865
        ],
        "scores": [
            -1.0,
            0.9920620918273926,
            0.9755202531814575,
            -0.8330373167991638,
            0.7961332201957703
        ]
    },
    "8": {
        "top5_index": [
            1794,
            936,
            2833,
            670,
            1493
        ],
        "scores": [
            -1.0,
            -0.9260634183883667,
            -0.8572676777839661,
            -0.8571904301643372,
            -0.6846665143966675
        ]
    },
    "9": {
        "top5_index": [
            904,
            1043,
            507,
            2382,
            2555
        ],
        "scores": [
            -1.0,
            0.901923418045044,
            -0.8636640906333923,
            -0.8593895435333252,
            0.8239027261734009
        ]
    },
    "10": {
        "top5_index": [
            2761,
            1032,
            2872,
            1148,
            2678
        ],
        "scores": [
            1.0,
            -0.866560697555542,
            0.8254145979881287,
            0.8004336357116699,
            0.7701181769371033
        ]
    },
    "11": {
        "top5_index": [
            2493,
            1225,
            1056,
            2123,
            3062
        ],
        "scores": [
            1.0,
            0.5929201245307922,
            0.5812895894050598,
            -0.5545716881752014,
            0.5473114252090454
        ]
    }
}