{
    "0": {
        "top5_index": [
            82,
            259,
            237,
            281,
            35
        ],
        "scores": [
            1.0,
            0.6540829539299011,
            0.6373181343078613,
            0.6107839941978455,
            0.6005968451499939
        ]
    },
    "1": {
        "top5_index": [
            678,
            581,
            265,
            110,
            507
        ],
        "scores": [
            1.0,
            0.7424170970916748,
            -0.7265073657035828,
            0.7112219333648682,
            0.7000499367713928
        ]
    },
    "2": {
        "top5_index": [
            507,
            236,
            488,
            733,
            97
        ],
        "scores": [
            1.0,
            -0.9682158827781677,
            -0.9680909514427185,
            0.949938952922821,
            0.9455388188362122
        ]
    },
    "3": {
        "top5_index": [
            236,
            73,
            97,
            190,
            637
        ],
        "scores": [
            -1.0,
            0.8575031757354736,
            0.7684373259544373,
            0.7558382749557495,
            0.7315183877944946
        ]
    },
    "4": {
        "top5_index": [
            97,
            587,
            100,
            637,
            88
        ],
        "scores": [
            1.0,
            0.9532904028892517,
            0.9401571154594421,
            0.918396532535553,
            -0.8848766684532166
        ]
    },
    "5": {
        "top5_index": [
            605,
            637,
            97,
            79,
            587
        ],
        "scores": [
            -1.0,
            0.9889630675315857,
            0.9621774554252625,
            -0.9345347285270691,
            0.9300397634506226
        ]
    },
    "6": {
        "top5_index": [
            405,
            737,
            633,
            268,
            97
        ],
        "scores": [
            1.0,
            0.956065833568573,
            -0.9112337827682495,
            0.8883803486824036,
            0.8839580416679382
        ]
    },
    "7": {
        "top5_index": [
            45,
            569,
            97,
            587,
            268
        ],
        "scores": [
            1.0,
            -0.9985905289649963,
            0.9854592680931091,
            0.9809589385986328,
            0.9434080719947815
        ]
    },
    "8": {
        "top5_index": [
            134,
            6,
            753,
            748,
            45
        ],
        "scores": [
            -1.0,
            0.8785366415977478,
            -0.8730649352073669,
            0.8680496215820312,
            0.8657087087631226
        ]
    },
    "9": {
        "top5_index": [
            544,
            356,
            663,
            753,
            484
        ],
        "scores": [
            1.0,
            -0.9163433909416199,
            -0.9137832522392273,
            -0.8938721418380737,
            -0.8839724659919739
        ]
    },
    "10": {
        "top5_index": [
            605,
            88,
            663,
            319,
            748
        ],
        "scores": [
            -1.0,
            -0.957675576210022,
            -0.8413376212120056,
            0.834636390209198,
            0.8088514804840088
        ]
    },
    "11": {
        "top5_index": [
            605,
            702,
            577,
            169,
            319
        ],
        "scores": [
            -1.0,
            0.9249410629272461,
            -0.8609997034072876,
            0.8334484696388245,
            0.8219586610794067
        ]
    }
}