{
    "0": {
        "top5_index": [
            2581,
            1914,
            1704,
            612,
            2912
        ],
        "scores": [
            -1.0,
            -0.7925710082054138,
            0.6842073798179626,
            0.6820644736289978,
            0.6669370532035828
        ]
    },
    "1": {
        "top5_index": [
            1778,
            1978,
            1196,
            660,
            1738
        ],
        "scores": [
            1.0,
            -0.8040281534194946,
            -0.7184833884239197,
            -0.6993833184242249,
            -0.6356144547462463
        ]
    },
    "2": {
        "top5_index": [
            1014,
            28,
            1842,
            1692,
            3040
        ],
        "scores": [
            -1.0,
            0.8624314069747925,
            0.848885715007782,
            -0.8446277976036072,
            0.8253005743026733
        ]
    },
    "3": {
        "top5_index": [
            1531,
            291,
            2433,
            2660,
            535
        ],
        "scores": [
            -1.0,
            -0.9856592416763306,
            0.9754612445831299,
            -0.9583757519721985,
            -0.9503635764122009
        ]
    },
    "4": {
        "top5_index": [
            1014,
            1841,
            181,
            2657,
            1442
        ],
        "scores": [
            -1.0,
            0.9738630056381226,
            -0.8815237283706665,
            0.8570196628570557,
            0.8408106565475464
        ]
    },
    "5": {
        "top5_index": [
            79,
            1367,
            483,
            1953,
            204
        ],
        "scores": [
            -1.0,
            -0.6543848514556885,
            -0.5677699446678162,
            0.5522501468658447,
            0.5454041361808777
        ]
    },
    "6": {
        "top5_index": [
            684,
            2896,
            1732,
            1615,
            2277
        ],
        "scores": [
            1.0,
            0.8569992184638977,
            0.6523727774620056,
            0.5921701788902283,
            -0.5799980759620667
        ]
    },
    "7": {
        "top5_index": [
            1105,
            164,
            2765,
            536,
            2100
        ],
        "scores": [
            1.0,
            0.9766356945037842,
            0.9732406139373779,
            -0.9498301148414612,
            -0.8702335953712463
        ]
    },
    "8": {
        "top5_index": [
            1794,
            626,
            374,
            936,
            748
        ],
        "scores": [
            -1.0,
            -0.7712569832801819,
            0.752280592918396,
            -0.7160302400588989,
            -0.7100317478179932
        ]
    },
    "9": {
        "top5_index": [
            335,
            1679,
            1840,
            2243,
            507
        ],
        "scores": [
            -1.0,
            0.9370238184928894,
            0.9054561853408813,
            0.8761443495750427,
            -0.8063840866088867
        ]
    },
    "10": {
        "top5_index": [
            2761,
            1032,
            126,
            100,
            1137
        ],
        "scores": [
            1.0,
            -0.9869344830513,
            -0.8702965378761292,
            0.8629508018493652,
            0.8040366172790527
        ]
    },
    "11": {
        "top5_index": [
            2493,
            1225,
            1056,
            2123,
            3062
        ],
        "scores": [
            1.0,
            0.5929199457168579,
            0.5812895894050598,
            -0.5545716881752014,
            0.5473111271858215
        ]
    }
}