{
    "0": {
        "top5_index": [
            508,
            533,
            403,
            367,
            366
        ],
        "scores": [
            1.0,
            0.9942942261695862,
            -0.9421889781951904,
            -0.8929195404052734,
            0.8692671060562134
        ]
    },
    "1": {
        "top5_index": [
            554,
            51,
            681,
            732,
            447
        ],
        "scores": [
            -1.0,
            0.9377902746200562,
            -0.8824794888496399,
            0.8316395282745361,
            0.8063749074935913
        ]
    },
    "2": {
        "top5_index": [
            554,
            452,
            88,
            97,
            366
        ],
        "scores": [
            -1.0,
            0.946094810962677,
            0.8240053057670593,
            -0.7789480090141296,
            0.7640169858932495
        ]
    },
    "3": {
        "top5_index": [
            554,
            366,
            355,
            119,
            393
        ],
        "scores": [
            -1.0,
            0.9857528209686279,
            0.875546395778656,
            0.7845945954322815,
            -0.783053994178772
        ]
    },
    "4": {
        "top5_index": [
            119,
            495,
            366,
            57,
            490
        ],
        "scores": [
            1.0,
            0.9674338102340698,
            0.9203053712844849,
            -0.8992288708686829,
            0.8931151032447815
        ]
    },
    "5": {
        "top5_index": [
            311,
            119,
            383,
            348,
            69
        ],
        "scores": [
            1.0,
            0.9310265183448792,
            -0.8273115158081055,
            0.793220579624176,
            0.7311151623725891
        ]
    },
    "6": {
        "top5_index": [
            119,
            311,
            202,
            51,
            71
        ],
        "scores": [
            1.0,
            0.9300441145896912,
            -0.8876956701278687,
            0.8571677207946777,
            0.8476306796073914
        ]
    },
    "7": {
        "top5_index": [
            119,
            674,
            311,
            69,
            283
        ],
        "scores": [
            1.0,
            -0.893997848033905,
            0.8472747802734375,
            0.7662694454193115,
            -0.7325243949890137
        ]
    },
    "8": {
        "top5_index": [
            119,
            762,
            287,
            313,
            667
        ],
        "scores": [
            1.0,
            0.8902623653411865,
            0.8592472076416016,
            -0.7763946056365967,
            -0.7641307711601257
        ]
    },
    "9": {
        "top5_index": [
            313,
            298,
            663,
            287,
            554
        ],
        "scores": [
            -1.0,
            0.9386999607086182,
            0.9224793314933777,
            0.8863612413406372,
            -0.8515475392341614
        ]
    },
    "10": {
        "top5_index": [
            88,
            119,
            605,
            311,
            707
        ],
        "scores": [
            1.0,
            0.9843102693557739,
            0.9839718341827393,
            0.9461067318916321,
            -0.9220627546310425
        ]
    },
    "11": {
        "top5_index": [
            554,
            443,
            605,
            47,
            707
        ],
        "scores": [
            -1.0,
            -0.9304335117340088,
            0.9148324131965637,
            0.9135872721672058,
            -0.9021062254905701
        ]
    }
}