{
    "0": {
        "top5_index": [
            2581,
            2771,
            2115,
            2031,
            469
        ],
        "scores": [
            1.0,
            0.9544752240180969,
            0.8998693823814392,
            0.8852443099021912,
            0.8678327798843384
        ]
    },
    "1": {
        "top5_index": [
            1978,
            489,
            2563,
            1427,
            1510
        ],
        "scores": [
            1.0,
            0.7694686055183411,
            0.5529292225837708,
            -0.5278425812721252,
            0.49087685346603394
        ]
    },
    "2": {
        "top5_index": [
            1972,
            2703,
            2953,
            2145,
            1116
        ],
        "scores": [
            -1.0,
            -0.9990797638893127,
            0.982657790184021,
            -0.9661016464233398,
            0.9636569619178772
        ]
    },
    "3": {
        "top5_index": [
            1531,
            2664,
            2660,
            2460,
            2913
        ],
        "scores": [
            1.0,
            0.9339791536331177,
            0.9249758124351501,
            0.8788110613822937,
            -0.8451477885246277
        ]
    },
    "4": {
        "top5_index": [
            2033,
            2570,
            2655,
            117,
            3054
        ],
        "scores": [
            -1.0,
            -0.9262303709983826,
            -0.9079585075378418,
            0.8597759008407593,
            0.8226089477539062
        ]
    },
    "5": {
        "top5_index": [
            2386,
            951,
            1305,
            2606,
            1881
        ],
        "scores": [
            1.0,
            -0.979491114616394,
            -0.9640177488327026,
            -0.917402446269989,
            0.9056703448295593
        ]
    },
    "6": {
        "top5_index": [
            684,
            1615,
            664,
            1130,
            165
        ],
        "scores": [
            -1.0,
            -0.7495067119598389,
            -0.6528781652450562,
            -0.646440863609314,
            -0.6459330320358276
        ]
    },
    "7": {
        "top5_index": [
            2925,
            2390,
            1226,
            2547,
            1339
        ],
        "scores": [
            -1.0,
            0.9847946166992188,
            -0.9534421563148499,
            0.9261281490325928,
            0.8778446316719055
        ]
    },
    "8": {
        "top5_index": [
            1509,
            936,
            1794,
            1015,
            1830
        ],
        "scores": [
            -1.0,
            0.8578935861587524,
            0.8553623557090759,
            0.6609904766082764,
            -0.6596834659576416
        ]
    },
    "9": {
        "top5_index": [
            1043,
            1197,
            1436,
            107,
            255
        ],
        "scores": [
            -1.0,
            -0.7840054631233215,
            -0.7435258030891418,
            0.7139341235160828,
            0.6642150282859802
        ]
    },
    "10": {
        "top5_index": [
            2761,
            1148,
            2678,
            303,
            2422
        ],
        "scores": [
            -1.0,
            -0.900004506111145,
            -0.8646999597549438,
            -0.8564567565917969,
            0.8211755156517029
        ]
    },
    "11": {
        "top5_index": [
            2493,
            853,
            2807,
            1092,
            2123
        ],
        "scores": [
            -1.0,
            -0.6387248635292053,
            0.6370847821235657,
            -0.6218991279602051,
            0.6117162108421326
        ]
    }
}