{
    "0": {
        "top5_index": [
            101,
            281,
            151,
            1,
            35
        ],
        "scores": [
            1.0,
            0.9951066970825195,
            -0.8613200187683105,
            -0.8583315014839172,
            0.8040443062782288
        ]
    },
    "1": {
        "top5_index": [
            101,
            678,
            281,
            507,
            674
        ],
        "scores": [
            1.0,
            0.9782440066337585,
            0.9081377387046814,
            0.877608060836792,
            0.8644847273826599
        ]
    },
    "2": {
        "top5_index": [
            102,
            101,
            60,
            9,
            462
        ],
        "scores": [
            1.0,
            0.8884232044219971,
            0.7983595132827759,
            -0.7625141739845276,
            -0.7440026998519897
        ]
    },
    "3": {
        "top5_index": [
            100,
            73,
            173,
            487,
            9
        ],
        "scores": [
            1.0,
            0.883659839630127,
            0.87599778175354,
            0.8509835600852966,
            -0.8119468092918396
        ]
    },
    "4": {
        "top5_index": [
            100,
            520,
            487,
            173,
            524
        ],
        "scores": [
            1.0,
            -0.8672102689743042,
            0.8573000431060791,
            0.8503632545471191,
            -0.8087737560272217
        ]
    },
    "5": {
        "top5_index": [
            524,
            173,
            674,
            100,
            613
        ],
        "scores": [
            -1.0,
            0.9713221192359924,
            0.9387263059616089,
            0.9324592351913452,
            -0.8692415356636047
        ]
    },
    "6": {
        "top5_index": [
            674,
            314,
            613,
            681,
            264
        ],
        "scores": [
            1.0,
            0.9699667096138,
            -0.9647781848907471,
            0.8466604351997375,
            0.7953543066978455
        ]
    },
    "7": {
        "top5_index": [
            674,
            605,
            705,
            264,
            97
        ],
        "scores": [
            1.0,
            -0.8598535656929016,
            0.8354961276054382,
            0.8145470023155212,
            0.8064667582511902
        ]
    },
    "8": {
        "top5_index": [
            134,
            97,
            548,
            737,
            228
        ],
        "scores": [
            -1.0,
            0.9548113942146301,
            0.9484173655509949,
            0.9298359751701355,
            0.8960901498794556
        ]
    },
    "9": {
        "top5_index": [
            663,
            308,
            134,
            605,
            319
        ],
        "scores": [
            -1.0,
            -0.8448314070701599,
            -0.8358322381973267,
            -0.768947422504425,
            0.7527430057525635
        ]
    },
    "10": {
        "top5_index": [
            605,
            748,
            663,
            319,
            88
        ],
        "scores": [
            -1.0,
            0.8692176938056946,
            -0.8397059440612793,
            0.8365826606750488,
            -0.8079957365989685
        ]
    },
    "11": {
        "top5_index": [
            605,
            702,
            577,
            169,
            319
        ],
        "scores": [
            -1.0,
            0.9249410033226013,
            -0.860999584197998,
            0.8334483504295349,
            0.821958601474762
        ]
    }
}