{
    "0": {
        "top5_index": [
            2581,
            2031,
            2912,
            2403,
            1980
        ],
        "scores": [
            -1.0,
            -0.7001834511756897,
            0.6915898323059082,
            -0.6840732097625732,
            -0.6709588766098022
        ]
    },
    "1": {
        "top5_index": [
            379,
            2382,
            924,
            1778,
            1807
        ],
        "scores": [
            1.0,
            0.911192774772644,
            -0.8962243795394897,
            0.8803805112838745,
            -0.7729701399803162
        ]
    },
    "2": {
        "top5_index": [
            1538,
            1101,
            1729,
            785,
            636
        ],
        "scores": [
            -1.0,
            0.7851752042770386,
            0.7600255608558655,
            -0.7371548414230347,
            -0.7357167601585388
        ]
    },
    "3": {
        "top5_index": [
            1051,
            1128,
            2279,
            1798,
            2119
        ],
        "scores": [
            -1.0,
            -0.987777054309845,
            -0.9680899381637573,
            -0.9606984853744507,
            -0.9479710459709167
        ]
    },
    "4": {
        "top5_index": [
            2657,
            1087,
            2033,
            1442,
            1452
        ],
        "scores": [
            1.0,
            0.9995014071464539,
            0.9721876382827759,
            0.9620649218559265,
            -0.9308728575706482
        ]
    },
    "5": {
        "top5_index": [
            79,
            496,
            2166,
            1932,
            1837
        ],
        "scores": [
            -1.0,
            0.6510852575302124,
            0.6473713517189026,
            -0.6444148421287537,
            -0.6309205889701843
        ]
    },
    "6": {
        "top5_index": [
            684,
            1235,
            2503,
            2896,
            1225
        ],
        "scores": [
            1.0,
            -0.5677701830863953,
            0.5480726957321167,
            0.5039564967155457,
            -0.4549561142921448
        ]
    },
    "7": {
        "top5_index": [
            164,
            2390,
            2648,
            115,
            536
        ],
        "scores": [
            1.0,
            -0.7852005362510681,
            0.746043860912323,
            0.7330657243728638,
            -0.718879759311676
        ]
    },
    "8": {
        "top5_index": [
            1794,
            670,
            936,
            2122,
            1493
        ],
        "scores": [
            -1.0,
            -0.7696233987808228,
            -0.6869438886642456,
            0.6665610074996948,
            -0.6580953598022461
        ]
    },
    "9": {
        "top5_index": [
            1043,
            1840,
            2805,
            904,
            2173
        ],
        "scores": [
            1.0,
            0.9945353865623474,
            -0.9212543368339539,
            -0.8918474912643433,
            0.8871116638183594
        ]
    },
    "10": {
        "top5_index": [
            2761,
            1148,
            2678,
            749,
            2872
        ],
        "scores": [
            1.0,
            0.7939608097076416,
            0.7590999007225037,
            0.7513101696968079,
            0.7430104613304138
        ]
    },
    "11": {
        "top5_index": [
            2493,
            1225,
            1056,
            2123,
            3062
        ],
        "scores": [
            1.0,
            0.5929200649261475,
            0.5812894701957703,
            -0.5545713901519775,
            0.5473111867904663
        ]
    }
}