{
    "0": {
        "top5_index": [
            507,
            690,
            531,
            32,
            377
        ],
        "scores": [
            1.0,
            0.9758619666099548,
            0.9165516495704651,
            0.8853455185890198,
            -0.7672277092933655
        ]
    },
    "1": {
        "top5_index": [
            678,
            507,
            372,
            110,
            281
        ],
        "scores": [
            1.0,
            0.8741094470024109,
            0.7304814457893372,
            0.6844587922096252,
            0.6690161824226379
        ]
    },
    "2": {
        "top5_index": [
            88,
            507,
            547,
            97,
            205
        ],
        "scores": [
            -1.0,
            0.7529934048652649,
            0.6507701873779297,
            0.627819836139679,
            0.6023105382919312
        ]
    },
    "3": {
        "top5_index": [
            236,
            88,
            128,
            100,
            507
        ],
        "scores": [
            -1.0,
            -0.9338244795799255,
            0.8770006895065308,
            0.8642281293869019,
            0.827809751033783
        ]
    },
    "4": {
        "top5_index": [
            88,
            100,
            97,
            507,
            410
        ],
        "scores": [
            -1.0,
            0.7405898571014404,
            0.6699144244194031,
            0.6672900915145874,
            0.6647703647613525
        ]
    },
    "5": {
        "top5_index": [
            674,
            4,
            75,
            100,
            547
        ],
        "scores": [
            1.0,
            0.8559276461601257,
            -0.826405942440033,
            0.8030129075050354,
            0.8020721673965454
        ]
    },
    "6": {
        "top5_index": [
            314,
            605,
            547,
            4,
            674
        ],
        "scores": [
            1.0,
            -0.886390209197998,
            0.7979597449302673,
            0.770714282989502,
            0.765679657459259
        ]
    },
    "7": {
        "top5_index": [
            605,
            547,
            393,
            88,
            75
        ],
        "scores": [
            -1.0,
            0.9710069894790649,
            0.9160756468772888,
            -0.9034445881843567,
            -0.8743658065795898
        ]
    },
    "8": {
        "top5_index": [
            238,
            605,
            134,
            543,
            287
        ],
        "scores": [
            1.0,
            -0.8945980668067932,
            -0.860454797744751,
            0.835125207901001,
            -0.8276228904724121
        ]
    },
    "9": {
        "top5_index": [
            663,
            238,
            225,
            484,
            393
        ],
        "scores": [
            -1.0,
            0.9593715071678162,
            -0.8716333508491516,
            -0.8338471055030823,
            0.8316247463226318
        ]
    },
    "10": {
        "top5_index": [
            605,
            88,
            319,
            748,
            663
        ],
        "scores": [
            -1.0,
            -0.9440083503723145,
            0.8426946401596069,
            0.7734561562538147,
            -0.7499890923500061
        ]
    },
    "11": {
        "top5_index": [
            605,
            702,
            577,
            169,
            319
        ],
        "scores": [
            -1.0,
            0.9249410629272461,
            -0.8609997034072876,
            0.8334484100341797,
            0.8219586610794067
        ]
    }
}