{
    "0": {
        "top5_index": [
            1070,
            291,
            1186,
            271,
            1281
        ],
        "scores": [
            -1.0,
            -0.8929793834686279,
            -0.6927564144134521,
            0.6678187847137451,
            0.6004042625427246
        ]
    },
    "1": {
        "top5_index": [
            1778,
            1726,
            660,
            2049,
            790
        ],
        "scores": [
            1.0,
            0.7655928730964661,
            -0.7160195708274841,
            0.6865635514259338,
            -0.6668174266815186
        ]
    },
    "2": {
        "top5_index": [
            1777,
            1014,
            891,
            583,
            2951
        ],
        "scores": [
            -1.0,
            -0.7954698204994202,
            -0.7923557758331299,
            -0.6563654541969299,
            0.6546151041984558
        ]
    },
    "3": {
        "top5_index": [
            1784,
            2138,
            1817,
            738,
            164
        ],
        "scores": [
            1.0,
            0.9743432402610779,
            -0.9082364439964294,
            -0.9035302400588989,
            0.856887936592102
        ]
    },
    "4": {
        "top5_index": [
            117,
            1960,
            3054,
            852,
            863
        ],
        "scores": [
            -1.0,
            -0.76273113489151,
            -0.736289918422699,
            -0.6737289428710938,
            -0.6709414124488831
        ]
    },
    "5": {
        "top5_index": [
            79,
            533,
            1106,
            2381,
            204
        ],
        "scores": [
            -1.0,
            0.7035678625106812,
            -0.6383077502250671,
            -0.5945664048194885,
            0.5916489362716675
        ]
    },
    "6": {
        "top5_index": [
            684,
            764,
            1235,
            1160,
            1550
        ],
        "scores": [
            1.0,
            0.8529171943664551,
            -0.8104295134544373,
            -0.7623729109764099,
            0.7555884718894958
        ]
    },
    "7": {
        "top5_index": [
            1865,
            115,
            164,
            2531,
            536
        ],
        "scores": [
            1.0,
            0.9968856573104858,
            0.7754235863685608,
            -0.6996467113494873,
            -0.6717694997787476
        ]
    },
    "8": {
        "top5_index": [
            654,
            1893,
            1794,
            626,
            374
        ],
        "scores": [
            1.0,
            0.9919348955154419,
            -0.9494360089302063,
            -0.8900653719902039,
            0.8884433507919312
        ]
    },
    "9": {
        "top5_index": [
            2194,
            2007,
            490,
            2920,
            1104
        ],
        "scores": [
            -1.0,
            0.8882383108139038,
            0.8671334981918335,
            -0.8188399076461792,
            0.8110240697860718
        ]
    },
    "10": {
        "top5_index": [
            2761,
            100,
            1148,
            1032,
            1041
        ],
        "scores": [
            1.0,
            0.8008112907409668,
            0.7830201387405396,
            -0.7714677453041077,
            0.7630324363708496
        ]
    },
    "11": {
        "top5_index": [
            2493,
            1225,
            1056,
            2123,
            3062
        ],
        "scores": [
            1.0,
            0.5929197669029236,
            0.581289529800415,
            -0.5545715093612671,
            0.5473112463951111
        ]
    }
}