{
    "0": {
        "top5_index": [
            403,
            395,
            366,
            237,
            281
        ],
        "scores": [
            1.0,
            0.880435049533844,
            -0.7511199116706848,
            0.7494394779205322,
            0.7143613696098328
        ]
    },
    "1": {
        "top5_index": [
            364,
            426,
            755,
            134,
            447
        ],
        "scores": [
            1.0,
            0.960484504699707,
            0.9349217414855957,
            -0.9330935478210449,
            -0.8851652145385742
        ]
    },
    "2": {
        "top5_index": [
            345,
            514,
            586,
            200,
            364
        ],
        "scores": [
            1.0,
            -0.9228394031524658,
            -0.9210001230239868,
            -0.8887075781822205,
            0.8389140963554382
        ]
    },
    "3": {
        "top5_index": [
            345,
            364,
            355,
            458,
            414
        ],
        "scores": [
            1.0,
            0.9364950656890869,
            -0.9068100452423096,
            -0.8128082156181335,
            -0.7845879793167114
        ]
    },
    "4": {
        "top5_index": [
            651,
            88,
            364,
            100,
            535
        ],
        "scores": [
            -1.0,
            -0.8845817446708679,
            0.8526068329811096,
            0.8019758462905884,
            -0.7828040719032288
        ]
    },
    "5": {
        "top5_index": [
            134,
            651,
            314,
            12,
            653
        ],
        "scores": [
            -1.0,
            -0.9818940162658691,
            0.9641059637069702,
            0.9406543374061584,
            0.8854792714118958
        ]
    },
    "6": {
        "top5_index": [
            314,
            12,
            134,
            645,
            290
        ],
        "scores": [
            1.0,
            0.9748737215995789,
            -0.9251672029495239,
            -0.8609237670898438,
            -0.8152391314506531
        ]
    },
    "7": {
        "top5_index": [
            134,
            12,
            605,
            196,
            393
        ],
        "scores": [
            -1.0,
            0.8116669058799744,
            -0.7386745810508728,
            -0.7265357375144958,
            0.7220470905303955
        ]
    },
    "8": {
        "top5_index": [
            134,
            753,
            12,
            280,
            748
        ],
        "scores": [
            -1.0,
            -0.8539046049118042,
            0.853388786315918,
            -0.7999709248542786,
            0.7932090759277344
        ]
    },
    "9": {
        "top5_index": [
            72,
            134,
            663,
            414,
            753
        ],
        "scores": [
            1.0,
            -0.9928454756736755,
            -0.8936172127723694,
            -0.8443570137023926,
            -0.82388836145401
        ]
    },
    "10": {
        "top5_index": [
            663,
            748,
            605,
            393,
            319
        ],
        "scores": [
            -1.0,
            0.9862510561943054,
            -0.9778320789337158,
            0.9757994413375854,
            0.9641943573951721
        ]
    },
    "11": {
        "top5_index": [
            605,
            702,
            577,
            169,
            319
        ],
        "scores": [
            -1.0,
            0.9249410033226013,
            -0.8609996438026428,
            0.8334483504295349,
            0.821958601474762
        ]
    }
}