{
    "0": {
        "top5_index": [
            2031,
            2581,
            2115,
            395,
            2771
        ],
        "scores": [
            -1.0,
            -0.9737213253974915,
            -0.8610474467277527,
            -0.8487371802330017,
            -0.8335272669792175
        ]
    },
    "1": {
        "top5_index": [
            1516,
            1978,
            1457,
            705,
            1384
        ],
        "scores": [
            -1.0,
            -0.9178813695907593,
            0.6482937932014465,
            -0.6408278942108154,
            -0.6145791411399841
        ]
    },
    "2": {
        "top5_index": [
            1073,
            540,
            1079,
            2038,
            2974
        ],
        "scores": [
            1.0,
            0.9500426650047302,
            0.9095063805580139,
            0.8957206606864929,
            0.8288288116455078
        ]
    },
    "3": {
        "top5_index": [
            1784,
            2913,
            1531,
            2462,
            2035
        ],
        "scores": [
            1.0,
            0.8759279251098633,
            -0.8682045936584473,
            0.7398642897605896,
            0.7382928729057312
        ]
    },
    "4": {
        "top5_index": [
            2033,
            2280,
            2254,
            2187,
            1841
        ],
        "scores": [
            1.0,
            -0.9289069771766663,
            -0.734974205493927,
            0.7183415293693542,
            0.6915901899337769
        ]
    },
    "5": {
        "top5_index": [
            79,
            225,
            1953,
            977,
            1509
        ],
        "scores": [
            -1.0,
            0.9062771201133728,
            0.8863053321838379,
            0.879716157913208,
            -0.7658242583274841
        ]
    },
    "6": {
        "top5_index": [
            684,
            853,
            1235,
            1403,
            483
        ],
        "scores": [
            1.0,
            0.6829191446304321,
            -0.674036979675293,
            0.6405512094497681,
            0.6108881831169128
        ]
    },
    "7": {
        "top5_index": [
            164,
            2390,
            2765,
            2648,
            2547
        ],
        "scores": [
            1.0,
            -0.9275375604629517,
            0.754566490650177,
            0.6716740131378174,
            -0.6567989587783813
        ]
    },
    "8": {
        "top5_index": [
            1794,
            670,
            1493,
            936,
            1394
        ],
        "scores": [
            -1.0,
            -0.8473166823387146,
            -0.6995024681091309,
            -0.6610435843467712,
            -0.5731288194656372
        ]
    },
    "9": {
        "top5_index": [
            1043,
            1679,
            2805,
            107,
            254
        ],
        "scores": [
            1.0,
            0.9043065309524536,
            -0.8325352072715759,
            -0.786917507648468,
            -0.756699800491333
        ]
    },
    "10": {
        "top5_index": [
            2761,
            1148,
            2872,
            126,
            1032
        ],
        "scores": [
            1.0,
            0.8282384276390076,
            0.7658696174621582,
            -0.7288309931755066,
            -0.7166221141815186
        ]
    },
    "11": {
        "top5_index": [
            2493,
            1225,
            1056,
            2123,
            3062
        ],
        "scores": [
            1.0,
            0.5929201245307922,
            0.581289529800415,
            -0.5545716881752014,
            0.5473113656044006
        ]
    }
}