{
    "0": {
        "top5_index": [
            1,
            236,
            281,
            282,
            395
        ],
        "scores": [
            -1.0,
            -0.8036824464797974,
            0.787984311580658,
            -0.7130821347236633,
            0.7008846402168274
        ]
    },
    "1": {
        "top5_index": [
            134,
            674,
            186,
            97,
            9
        ],
        "scores": [
            -1.0,
            0.8205605745315552,
            0.8027690649032593,
            0.7929782867431641,
            -0.7850056290626526
        ]
    },
    "2": {
        "top5_index": [
            507,
            9,
            97,
            486,
            597
        ],
        "scores": [
            1.0,
            -0.8785749077796936,
            0.8325529098510742,
            0.8145180344581604,
            0.8079310655593872
        ]
    },
    "3": {
        "top5_index": [
            507,
            217,
            9,
            236,
            356
        ],
        "scores": [
            1.0,
            0.9215686917304993,
            -0.8965688943862915,
            -0.8955456018447876,
            -0.8866943120956421
        ]
    },
    "4": {
        "top5_index": [
            60,
            487,
            469,
            513,
            507
        ],
        "scores": [
            1.0,
            0.8567880988121033,
            0.8395634293556213,
            -0.836743175983429,
            0.8325628042221069
        ]
    },
    "5": {
        "top5_index": [
            524,
            701,
            395,
            68,
            705
        ],
        "scores": [
            -1.0,
            -0.9569118618965149,
            0.9321902394294739,
            -0.9161270260810852,
            0.9102474451065063
        ]
    },
    "6": {
        "top5_index": [
            314,
            605,
            705,
            248,
            134
        ],
        "scores": [
            1.0,
            -0.9913020133972168,
            0.9668688774108887,
            0.9151606559753418,
            -0.9062618613243103
        ]
    },
    "7": {
        "top5_index": [
            605,
            134,
            705,
            145,
            674
        ],
        "scores": [
            -1.0,
            -0.907370924949646,
            0.8226999640464783,
            -0.7983163595199585,
            0.7897781729698181
        ]
    },
    "8": {
        "top5_index": [
            134,
            38,
            605,
            414,
            674
        ],
        "scores": [
            -1.0,
            0.9456300139427185,
            -0.8732730746269226,
            -0.8291359543800354,
            0.8090170621871948
        ]
    },
    "9": {
        "top5_index": [
            663,
            134,
            6,
            414,
            238
        ],
        "scores": [
            -1.0,
            -0.873077392578125,
            0.8219621777534485,
            -0.815764844417572,
            0.7874358296394348
        ]
    },
    "10": {
        "top5_index": [
            605,
            748,
            414,
            88,
            663
        ],
        "scores": [
            -1.0,
            0.8833780884742737,
            -0.8249114155769348,
            -0.8105663061141968,
            -0.8021947741508484
        ]
    },
    "11": {
        "top5_index": [
            605,
            702,
            577,
            169,
            319
        ],
        "scores": [
            -1.0,
            0.9249410033226013,
            -0.8609996438026428,
            0.8334483504295349,
            0.821958601474762
        ]
    }
}