{
    "0": {
        "top5_index": [
            630,
            2581,
            1606,
            2115,
            1204
        ],
        "scores": [
            -1.0,
            -0.9930150508880615,
            -0.9137213230133057,
            -0.8905615210533142,
            -0.839555561542511
        ]
    },
    "1": {
        "top5_index": [
            1510,
            1482,
            2721,
            1948,
            2666
        ],
        "scores": [
            1.0,
            -0.7382157444953918,
            -0.7321056127548218,
            0.6496331095695496,
            0.6104901432991028
        ]
    },
    "2": {
        "top5_index": [
            2382,
            557,
            575,
            2198,
            1280
        ],
        "scores": [
            -1.0,
            -0.9472300410270691,
            -0.8860875368118286,
            0.8801984190940857,
            0.8743445873260498
        ]
    },
    "3": {
        "top5_index": [
            1531,
            2660,
            2664,
            2287,
            575
        ],
        "scores": [
            -1.0,
            -0.9338240623474121,
            -0.8941110968589783,
            -0.8906142711639404,
            -0.8556542992591858
        ]
    },
    "4": {
        "top5_index": [
            1296,
            2655,
            863,
            3054,
            391
        ],
        "scores": [
            -1.0,
            0.966086745262146,
            -0.9617146253585815,
            -0.9528993964195251,
            0.8613471388816833
        ]
    },
    "5": {
        "top5_index": [
            79,
            1837,
            2882,
            1509,
            1932
        ],
        "scores": [
            -1.0,
            -0.6205335259437561,
            0.577017605304718,
            -0.5697416067123413,
            -0.5469022989273071
        ]
    },
    "6": {
        "top5_index": [
            684,
            764,
            2503,
            1335,
            1946
        ],
        "scores": [
            1.0,
            0.6528629064559937,
            0.6374415159225464,
            0.5383701920509338,
            -0.5011146068572998
        ]
    },
    "7": {
        "top5_index": [
            164,
            2390,
            2547,
            2765,
            2648
        ],
        "scores": [
            1.0,
            -0.8872831463813782,
            -0.8558746576309204,
            0.7707817554473877,
            0.6541608572006226
        ]
    },
    "8": {
        "top5_index": [
            1794,
            670,
            936,
            1493,
            2122
        ],
        "scores": [
            -1.0,
            -0.7487747669219971,
            -0.714782178401947,
            -0.5425788164138794,
            0.48761022090911865
        ]
    },
    "9": {
        "top5_index": [
            1043,
            2382,
            904,
            2173,
            1679
        ],
        "scores": [
            1.0,
            -0.845902144908905,
            -0.8069175481796265,
            0.752365231513977,
            0.7330172657966614
        ]
    },
    "10": {
        "top5_index": [
            2761,
            1148,
            2678,
            2872,
            1032
        ],
        "scores": [
            1.0,
            0.8884183168411255,
            0.8553644418716431,
            0.8370614647865295,
            -0.8336464166641235
        ]
    },
    "11": {
        "top5_index": [
            2493,
            1225,
            1056,
            2123,
            3062
        ],
        "scores": [
            1.0,
            0.5929197072982788,
            0.5812896490097046,
            -0.5545714497566223,
            0.5473113656044006
        ]
    }
}