{
    "0": {
        "top5_index": [
            512,
            638,
            581,
            236,
            134
        ],
        "scores": [
            -1.0,
            0.9427133202552795,
            -0.8236086368560791,
            0.8097128868103027,
            0.7950773239135742
        ]
    },
    "1": {
        "top5_index": [
            512,
            273,
            334,
            51,
            372
        ],
        "scores": [
            -1.0,
            -0.8642818927764893,
            0.826786994934082,
            0.783090353012085,
            -0.7751458287239075
        ]
    },
    "2": {
        "top5_index": [
            512,
            0,
            88,
            486,
            529
        ],
        "scores": [
            -1.0,
            0.945323646068573,
            0.8600148558616638,
            0.765893280506134,
            -0.7657018899917603
        ]
    },
    "3": {
        "top5_index": [
            512,
            334,
            597,
            685,
            280
        ],
        "scores": [
            -1.0,
            0.976539671421051,
            -0.9685980677604675,
            0.9293916821479797,
            0.9043136835098267
        ]
    },
    "4": {
        "top5_index": [
            565,
            198,
            155,
            366,
            1
        ],
        "scores": [
            1.0,
            0.9637709856033325,
            0.9231913685798645,
            0.9014772176742554,
            -0.8970015645027161
        ]
    },
    "5": {
        "top5_index": [
            516,
            311,
            304,
            196,
            435
        ],
        "scores": [
            1.0,
            0.9518035650253296,
            0.8693605661392212,
            0.8287271857261658,
            -0.7850266695022583
        ]
    },
    "6": {
        "top5_index": [
            311,
            667,
            435,
            417,
            304
        ],
        "scores": [
            1.0,
            -0.9902803897857666,
            -0.954496443271637,
            0.9308346509933472,
            0.9270089268684387
        ]
    },
    "7": {
        "top5_index": [
            196,
            304,
            134,
            605,
            435
        ],
        "scores": [
            1.0,
            0.948409378528595,
            0.9405407905578613,
            0.9258291721343994,
            -0.9074813723564148
        ]
    },
    "8": {
        "top5_index": [
            88,
            196,
            247,
            298,
            287
        ],
        "scores": [
            1.0,
            0.9723311066627502,
            0.9617105722427368,
            0.9152436256408691,
            0.879657506942749
        ]
    },
    "9": {
        "top5_index": [
            88,
            47,
            287,
            663,
            247
        ],
        "scores": [
            1.0,
            0.9373732209205627,
            0.8996081948280334,
            0.8421635627746582,
            0.8274654150009155
        ]
    },
    "10": {
        "top5_index": [
            88,
            605,
            311,
            663,
            443
        ],
        "scores": [
            1.0,
            0.9228325486183167,
            0.8285790681838989,
            0.8193899393081665,
            -0.8175317645072937
        ]
    },
    "11": {
        "top5_index": [
            554,
            443,
            605,
            47,
            707
        ],
        "scores": [
            -1.0,
            -0.930433452129364,
            0.914832353591919,
            0.9135872721672058,
            -0.9021062254905701
        ]
    }
}