{
    "0": {
        "top5_index": [
            2581,
            1914,
            630,
            2142,
            2802
        ],
        "scores": [
            1.0,
            0.8200605511665344,
            0.7256025671958923,
            -0.6933571696281433,
            0.6881916522979736
        ]
    },
    "1": {
        "top5_index": [
            1978,
            1427,
            489,
            2563,
            93
        ],
        "scores": [
            1.0,
            -0.8970826864242554,
            0.8139246702194214,
            0.6614289879798889,
            -0.6277012825012207
        ]
    },
    "2": {
        "top5_index": [
            2703,
            1777,
            1281,
            125,
            1604
        ],
        "scores": [
            -1.0,
            0.9471097588539124,
            -0.9048252701759338,
            -0.879767119884491,
            -0.8682238459587097
        ]
    },
    "3": {
        "top5_index": [
            2913,
            1817,
            2367,
            1917,
            563
        ],
        "scores": [
            -1.0,
            0.9154289364814758,
            0.8397508859634399,
            -0.7951453328132629,
            -0.7899537086486816
        ]
    },
    "4": {
        "top5_index": [
            240,
            207,
            1458,
            751,
            1030
        ],
        "scores": [
            1.0,
            0.9217069745063782,
            -0.9072979688644409,
            -0.8188916444778442,
            -0.7980413436889648
        ]
    },
    "5": {
        "top5_index": [
            79,
            803,
            1367,
            2386,
            1837
        ],
        "scores": [
            1.0,
            -0.9214126467704773,
            0.8102195858955383,
            0.7719113826751709,
            0.6947278380393982
        ]
    },
    "6": {
        "top5_index": [
            684,
            664,
            1615,
            1443,
            73
        ],
        "scores": [
            -1.0,
            -0.6145310997962952,
            -0.5481998920440674,
            0.5370620489120483,
            -0.5096989870071411
        ]
    },
    "7": {
        "top5_index": [
            1339,
            2390,
            687,
            1562,
            58
        ],
        "scores": [
            1.0,
            0.914682924747467,
            0.7068741321563721,
            0.6702983379364014,
            0.5610427260398865
        ]
    },
    "8": {
        "top5_index": [
            1794,
            2973,
            670,
            654,
            1015
        ],
        "scores": [
            1.0,
            -0.86981201171875,
            0.7834894061088562,
            -0.7308675050735474,
            0.6618582606315613
        ]
    },
    "9": {
        "top5_index": [
            1043,
            1436,
            1197,
            2762,
            2207
        ],
        "scores": [
            -1.0,
            -0.8831459879875183,
            -0.8790929317474365,
            -0.8536621928215027,
            0.8314700126647949
        ]
    },
    "10": {
        "top5_index": [
            1148,
            2761,
            303,
            2678,
            9
        ],
        "scores": [
            -1.0,
            -0.9917055368423462,
            -0.9227026104927063,
            -0.9077617526054382,
            -0.8862574100494385
        ]
    },
    "11": {
        "top5_index": [
            2493,
            853,
            2807,
            1092,
            2123
        ],
        "scores": [
            -1.0,
            -0.638724684715271,
            0.6370846033096313,
            -0.6218990087509155,
            0.6117161512374878
        ]
    }
}