{
    "0": {
        "top5_index": [
            2115,
            2581,
            2877,
            1914,
            612
        ],
        "scores": [
            -1.0,
            -0.9735491275787354,
            -0.95816969871521,
            -0.9472570419311523,
            0.9337083697319031
        ]
    },
    "1": {
        "top5_index": [
            1435,
            2200,
            1235,
            378,
            2931
        ],
        "scores": [
            1.0,
            0.7738625407218933,
            0.7409679889678955,
            -0.7327588796615601,
            0.715726912021637
        ]
    },
    "2": {
        "top5_index": [
            1916,
            1144,
            1972,
            1359,
            1685
        ],
        "scores": [
            1.0,
            0.8687478303909302,
            -0.8204889893531799,
            -0.8070488572120667,
            0.7976686954498291
        ]
    },
    "3": {
        "top5_index": [
            68,
            1531,
            824,
            2238,
            905
        ],
        "scores": [
            -1.0,
            -0.9045356512069702,
            -0.8779605627059937,
            0.7768144607543945,
            -0.7579639554023743
        ]
    },
    "4": {
        "top5_index": [
            1030,
            538,
            2606,
            1578,
            2041
        ],
        "scores": [
            -1.0,
            0.9160693883895874,
            -0.9131565690040588,
            0.802493155002594,
            -0.8001811504364014
        ]
    },
    "5": {
        "top5_index": [
            803,
            435,
            2548,
            1318,
            985
        ],
        "scores": [
            -1.0,
            0.7701603770256042,
            -0.703238844871521,
            -0.6998564004898071,
            0.693191409111023
        ]
    },
    "6": {
        "top5_index": [
            278,
            260,
            2719,
            862,
            664
        ],
        "scores": [
            1.0,
            -0.9100958704948425,
            0.8924873471260071,
            0.812989354133606,
            -0.7859753966331482
        ]
    },
    "7": {
        "top5_index": [
            2547,
            1562,
            1339,
            3071,
            687
        ],
        "scores": [
            1.0,
            0.9640285968780518,
            0.9077209830284119,
            0.5630504488945007,
            0.5344201326370239
        ]
    },
    "8": {
        "top5_index": [
            1794,
            1015,
            1509,
            1272,
            1394
        ],
        "scores": [
            1.0,
            0.8162675499916077,
            -0.7667392492294312,
            -0.6773725152015686,
            0.6189072728157043
        ]
    },
    "9": {
        "top5_index": [
            1043,
            1197,
            1436,
            2250,
            2785
        ],
        "scores": [
            -1.0,
            -0.9165946841239929,
            -0.8029287457466125,
            -0.7914082407951355,
            -0.7273545861244202
        ]
    },
    "10": {
        "top5_index": [
            2761,
            2678,
            1148,
            303,
            2422
        ],
        "scores": [
            -1.0,
            -0.9751754999160767,
            -0.9417456388473511,
            -0.9135679602622986,
            0.8199934363365173
        ]
    },
    "11": {
        "top5_index": [
            2493,
            853,
            2807,
            1092,
            2123
        ],
        "scores": [
            -1.0,
            -0.6387246251106262,
            0.6370845437049866,
            -0.621898889541626,
            0.611716091632843
        ]
    }
}