{
    "0": {
        "top5_index": [
            449,
            503,
            151,
            1,
            130
        ],
        "scores": [
            -1.0,
            0.9811356067657471,
            -0.9726353287696838,
            -0.9652513861656189,
            -0.9174686670303345
        ]
    },
    "1": {
        "top5_index": [
            381,
            211,
            554,
            138,
            449
        ],
        "scores": [
            1.0,
            -0.8997354507446289,
            -0.8494089841842651,
            -0.7850056886672974,
            -0.7829404473304749
        ]
    },
    "2": {
        "top5_index": [
            211,
            525,
            508,
            532,
            138
        ],
        "scores": [
            -1.0,
            0.9313918948173523,
            0.8964064717292786,
            -0.8741627335548401,
            -0.8368637561798096
        ]
    },
    "3": {
        "top5_index": [
            242,
            181,
            211,
            466,
            508
        ],
        "scores": [
            1.0,
            -0.9213430881500244,
            -0.8944181799888611,
            0.8393685221672058,
            0.7816553711891174
        ]
    },
    "4": {
        "top5_index": [
            211,
            155,
            88,
            532,
            509
        ],
        "scores": [
            -1.0,
            0.9549261331558228,
            0.9420978426933289,
            -0.9342631697654724,
            0.9329180121421814
        ]
    },
    "5": {
        "top5_index": [
            587,
            565,
            173,
            181,
            23
        ],
        "scores": [
            -1.0,
            0.9914417266845703,
            -0.9523120522499084,
            -0.9428754448890686,
            0.8740226030349731
        ]
    },
    "6": {
        "top5_index": [
            181,
            587,
            23,
            211,
            265
        ],
        "scores": [
            -1.0,
            -0.9822595119476318,
            0.9241011738777161,
            -0.9056252837181091,
            0.8999760150909424
        ]
    },
    "7": {
        "top5_index": [
            218,
            597,
            69,
            587,
            119
        ],
        "scores": [
            1.0,
            0.9793848395347595,
            0.862971842288971,
            -0.8547657132148743,
            0.8294609785079956
        ]
    },
    "8": {
        "top5_index": [
            701,
            587,
            539,
            597,
            265
        ],
        "scores": [
            -1.0,
            -0.9736045598983765,
            0.8506896495819092,
            0.8497399091720581,
            0.845904529094696
        ]
    },
    "9": {
        "top5_index": [
            663,
            88,
            313,
            298,
            490
        ],
        "scores": [
            1.0,
            0.9888490438461304,
            -0.9830330610275269,
            0.9082637429237366,
            0.8182291984558105
        ]
    },
    "10": {
        "top5_index": [
            88,
            605,
            313,
            707,
            311
        ],
        "scores": [
            1.0,
            0.9419295787811279,
            -0.9302948117256165,
            -0.9110804796218872,
            0.9109132289886475
        ]
    },
    "11": {
        "top5_index": [
            554,
            443,
            605,
            47,
            707
        ],
        "scores": [
            -1.0,
            -0.9304335117340088,
            0.9148324131965637,
            0.9135873317718506,
            -0.9021062254905701
        ]
    }
}