{
    "0": {
        "top5_index": [
            281,
            259,
            1,
            255,
            82
        ],
        "scores": [
            1.0,
            0.9939225912094116,
            -0.8726423978805542,
            -0.8612960577011108,
            0.8475409746170044
        ]
    },
    "1": {
        "top5_index": [
            678,
            425,
            106,
            111,
            616
        ],
        "scores": [
            -1.0,
            -0.9088204503059387,
            0.8629133701324463,
            -0.8396652340888977,
            0.7854854464530945
        ]
    },
    "2": {
        "top5_index": [
            436,
            206,
            559,
            64,
            51
        ],
        "scores": [
            1.0,
            0.9736393690109253,
            0.9076077938079834,
            -0.8711488842964172,
            0.8040927648544312
        ]
    },
    "3": {
        "top5_index": [
            311,
            559,
            111,
            100,
            266
        ],
        "scores": [
            1.0,
            0.9619770646095276,
            -0.9078198075294495,
            -0.8865677714347839,
            -0.8546041250228882
        ]
    },
    "4": {
        "top5_index": [
            206,
            19,
            311,
            119,
            173
        ],
        "scores": [
            1.0,
            0.7944170832633972,
            0.7770293951034546,
            0.7653651237487793,
            -0.7621524333953857
        ]
    },
    "5": {
        "top5_index": [
            119,
            311,
            47,
            206,
            667
        ],
        "scores": [
            1.0,
            0.9891836643218994,
            0.9174995422363281,
            0.876713752746582,
            -0.8501816391944885
        ]
    },
    "6": {
        "top5_index": [
            311,
            206,
            667,
            334,
            119
        ],
        "scores": [
            1.0,
            0.8821823000907898,
            -0.8718051314353943,
            0.8577008843421936,
            0.7762254476547241
        ]
    },
    "7": {
        "top5_index": [
            311,
            667,
            585,
            88,
            119
        ],
        "scores": [
            1.0,
            -0.8383070230484009,
            0.7803118824958801,
            0.757716715335846,
            0.7489007711410522
        ]
    },
    "8": {
        "top5_index": [
            311,
            89,
            88,
            47,
            667
        ],
        "scores": [
            1.0,
            0.9776010513305664,
            0.9651283621788025,
            0.9498212337493896,
            -0.8938257098197937
        ]
    },
    "9": {
        "top5_index": [
            88,
            298,
            175,
            47,
            287
        ],
        "scores": [
            1.0,
            0.9031999707221985,
            0.9023481607437134,
            0.8996170163154602,
            0.8973528742790222
        ]
    },
    "10": {
        "top5_index": [
            88,
            605,
            247,
            119,
            47
        ],
        "scores": [
            1.0,
            0.8993744254112244,
            0.8530362248420715,
            0.8488191366195679,
            0.8324857950210571
        ]
    },
    "11": {
        "top5_index": [
            554,
            443,
            605,
            47,
            707
        ],
        "scores": [
            -1.0,
            -0.9304335117340088,
            0.9148324728012085,
            0.9135874509811401,
            -0.9021062850952148
        ]
    }
}