{
    "0": {
        "top5_index": [
            1914,
            516,
            2581,
            2577,
            2771
        ],
        "scores": [
            -1.0,
            0.8404924869537354,
            -0.8364700078964233,
            -0.7277889847755432,
            -0.7240519523620605
        ]
    },
    "1": {
        "top5_index": [
            1061,
            1778,
            2563,
            907,
            1726
        ],
        "scores": [
            -1.0,
            -0.9492016434669495,
            -0.9217339158058167,
            -0.8486872315406799,
            -0.8319093585014343
        ]
    },
    "2": {
        "top5_index": [
            2245,
            227,
            3012,
            1543,
            666
        ],
        "scores": [
            1.0,
            -0.9205572605133057,
            0.905166745185852,
            -0.8843603134155273,
            -0.8672692179679871
        ]
    },
    "3": {
        "top5_index": [
            1531,
            68,
            824,
            2660,
            1470
        ],
        "scores": [
            -1.0,
            -0.9761708974838257,
            -0.9415435194969177,
            -0.8677337765693665,
            -0.8247454762458801
        ]
    },
    "4": {
        "top5_index": [
            2033,
            237,
            1574,
            2432,
            2537
        ],
        "scores": [
            -1.0,
            0.9778108596801758,
            0.9255980849266052,
            0.9081847071647644,
            0.8851863741874695
        ]
    },
    "5": {
        "top5_index": [
            615,
            2884,
            2166,
            1974,
            803
        ],
        "scores": [
            1.0,
            -0.9229617118835449,
            0.9193097949028015,
            0.9013285040855408,
            -0.876408576965332
        ]
    },
    "6": {
        "top5_index": [
            684,
            1415,
            1973,
            2462,
            862
        ],
        "scores": [
            -1.0,
            -0.9373417496681213,
            0.8605952262878418,
            -0.8464474678039551,
            0.8290069103240967
        ]
    },
    "7": {
        "top5_index": [
            2093,
            1069,
            2390,
            1562,
            238
        ],
        "scores": [
            1.0,
            0.9497338533401489,
            0.9289461970329285,
            0.8772515058517456,
            0.8662026524543762
        ]
    },
    "8": {
        "top5_index": [
            1509,
            936,
            1794,
            1361,
            1830
        ],
        "scores": [
            -1.0,
            0.8751692175865173,
            0.82932448387146,
            0.6292925477027893,
            -0.576582133769989
        ]
    },
    "9": {
        "top5_index": [
            2207,
            1529,
            1365,
            2233,
            2762
        ],
        "scores": [
            1.0,
            -0.9750012755393982,
            -0.9348291754722595,
            -0.909244179725647,
            -0.8758465647697449
        ]
    },
    "10": {
        "top5_index": [
            2678,
            749,
            2761,
            1148,
            2422
        ],
        "scores": [
            -1.0,
            -0.9188690781593323,
            -0.8544466495513916,
            -0.8207944631576538,
            0.8160592317581177
        ]
    },
    "11": {
        "top5_index": [
            2493,
            853,
            2807,
            1092,
            2123
        ],
        "scores": [
            -1.0,
            -0.638724684715271,
            0.6370845437049866,
            -0.6218990683555603,
            0.611716091632843
        ]
    }
}