{
    "0": {
        "top5_index": [
            95,
            1893,
            2822,
            2976,
            172
        ],
        "scores": [
            1.0,
            0.6532652974128723,
            0.5776039958000183,
            0.572210431098938,
            0.5379058122634888
        ]
    },
    "1": {
        "top5_index": [
            1289,
            2992,
            2594,
            705,
            244
        ],
        "scores": [
            1.0,
            0.9650208950042725,
            0.9569008350372314,
            0.8801273107528687,
            -0.8730618357658386
        ]
    },
    "2": {
        "top5_index": [
            2703,
            1916,
            1359,
            1777,
            2281
        ],
        "scores": [
            -1.0,
            0.9418979287147522,
            -0.7653617858886719,
            0.7412403225898743,
            0.7258438467979431
        ]
    },
    "3": {
        "top5_index": [
            824,
            68,
            1531,
            1470,
            2660
        ],
        "scores": [
            -1.0,
            -0.9466873407363892,
            -0.8781448602676392,
            -0.7799575328826904,
            -0.7210309505462646
        ]
    },
    "4": {
        "top5_index": [
            3,
            1595,
            1969,
            2945,
            1014
        ],
        "scores": [
            -1.0,
            -0.999912440776825,
            -0.9764611721038818,
            -0.9382327198982239,
            0.906659722328186
        ]
    },
    "5": {
        "top5_index": [
            803,
            2606,
            615,
            1376,
            1953
        ],
        "scores": [
            -1.0,
            -0.7905131578445435,
            0.7657132148742676,
            0.7177020907402039,
            -0.7110061049461365
        ]
    },
    "6": {
        "top5_index": [
            684,
            1615,
            1020,
            1334,
            2418
        ],
        "scores": [
            -1.0,
            -0.7753350734710693,
            -0.6909902095794678,
            -0.6764480471611023,
            -0.6687300205230713
        ]
    },
    "7": {
        "top5_index": [
            1339,
            2390,
            3071,
            1562,
            474
        ],
        "scores": [
            1.0,
            0.887729823589325,
            0.854211688041687,
            0.808142364025116,
            0.6429189443588257
        ]
    },
    "8": {
        "top5_index": [
            936,
            1794,
            1509,
            1015,
            1830
        ],
        "scores": [
            1.0,
            0.9663375020027161,
            -0.9032729864120483,
            0.7699786424636841,
            -0.706805408000946
        ]
    },
    "9": {
        "top5_index": [
            1043,
            2207,
            1144,
            1436,
            2233
        ],
        "scores": [
            -1.0,
            0.9257107377052307,
            -0.9114590883255005,
            -0.909283459186554,
            -0.9068761467933655
        ]
    },
    "10": {
        "top5_index": [
            2422,
            1148,
            303,
            2018,
            126
        ],
        "scores": [
            1.0,
            -0.8613488078117371,
            -0.8430193662643433,
            -0.773041307926178,
            0.7684859037399292
        ]
    },
    "11": {
        "top5_index": [
            2493,
            853,
            2807,
            1092,
            2123
        ],
        "scores": [
            -1.0,
            -0.6387247443199158,
            0.6370847225189209,
            -0.621898889541626,
            0.611716091632843
        ]
    }
}