{
    "0": {
        "top5_index": [
            259,
            508,
            1,
            51,
            581
        ],
        "scores": [
            1.0,
            0.999047040939331,
            -0.9575068354606628,
            0.7941110134124756,
            -0.7413108348846436
        ]
    },
    "1": {
        "top5_index": [
            581,
            512,
            51,
            559,
            595
        ],
        "scores": [
            -1.0,
            -0.7533888816833496,
            0.6600947380065918,
            0.6294457316398621,
            0.6112377047538757
        ]
    },
    "2": {
        "top5_index": [
            512,
            508,
            581,
            753,
            705
        ],
        "scores": [
            -1.0,
            0.8603198528289795,
            -0.8585102558135986,
            0.7624512910842896,
            -0.7619878649711609
        ]
    },
    "3": {
        "top5_index": [
            508,
            512,
            242,
            119,
            181
        ],
        "scores": [
            1.0,
            -0.9540770649909973,
            0.9316225051879883,
            0.9022177457809448,
            -0.8615109324455261
        ]
    },
    "4": {
        "top5_index": [
            512,
            508,
            88,
            314,
            119
        ],
        "scores": [
            -1.0,
            0.988105833530426,
            0.9105336666107178,
            -0.8951141238212585,
            0.8947969079017639
        ]
    },
    "5": {
        "top5_index": [
            320,
            311,
            134,
            446,
            158
        ],
        "scores": [
            -1.0,
            0.9177512526512146,
            0.8472631573677063,
            -0.8469295501708984,
            0.8409134745597839
        ]
    },
    "6": {
        "top5_index": [
            314,
            320,
            287,
            311,
            134
        ],
        "scores": [
            -1.0,
            -0.8891009092330933,
            0.8677951693534851,
            0.8392489552497864,
            0.8359937071800232
        ]
    },
    "7": {
        "top5_index": [
            287,
            311,
            134,
            490,
            679
        ],
        "scores": [
            1.0,
            0.9907853007316589,
            0.9554556608200073,
            0.914795994758606,
            0.9117439389228821
        ]
    },
    "8": {
        "top5_index": [
            490,
            287,
            311,
            313,
            265
        ],
        "scores": [
            1.0,
            0.9617761373519897,
            0.8843940496444702,
            -0.8260108232498169,
            0.801669716835022
        ]
    },
    "9": {
        "top5_index": [
            88,
            287,
            663,
            311,
            232
        ],
        "scores": [
            1.0,
            0.9117290377616882,
            0.865261971950531,
            0.8595250844955444,
            0.8510714769363403
        ]
    },
    "10": {
        "top5_index": [
            88,
            605,
            311,
            707,
            554
        ],
        "scores": [
            1.0,
            0.8240414261817932,
            0.8176969885826111,
            -0.8167089819908142,
            -0.7661048769950867
        ]
    },
    "11": {
        "top5_index": [
            554,
            443,
            605,
            47,
            707
        ],
        "scores": [
            -1.0,
            -0.9304335117340088,
            0.9148324131965637,
            0.9135873317718506,
            -0.9021062254905701
        ]
    }
}