{
    "0": {
        "top5_index": [
            630,
            1606,
            1204,
            1268,
            915
        ],
        "scores": [
            -1.0,
            -0.9615029692649841,
            -0.948369026184082,
            -0.8304080367088318,
            -0.8226072192192078
        ]
    },
    "1": {
        "top5_index": [
            2220,
            1482,
            379,
            2054,
            2721
        ],
        "scores": [
            1.0,
            -0.933719277381897,
            0.9055507779121399,
            0.9014934301376343,
            -0.8980385661125183
        ]
    },
    "2": {
        "top5_index": [
            1281,
            125,
            2232,
            1879,
            1538
        ],
        "scores": [
            -1.0,
            -0.6636982560157776,
            0.6019395589828491,
            0.5844736695289612,
            -0.5681399703025818
        ]
    },
    "3": {
        "top5_index": [
            1531,
            2660,
            2287,
            2664,
            1151
        ],
        "scores": [
            -1.0,
            -0.9325825572013855,
            -0.871393084526062,
            -0.8562813401222229,
            -0.8245080709457397
        ]
    },
    "4": {
        "top5_index": [
            2033,
            2470,
            2254,
            1087,
            2655
        ],
        "scores": [
            1.0,
            -0.9104381799697876,
            -0.8844717144966125,
            0.8650262355804443,
            0.8601269721984863
        ]
    },
    "5": {
        "top5_index": [
            79,
            422,
            1837,
            1932,
            1509
        ],
        "scores": [
            -1.0,
            -0.7033646702766418,
            -0.6840610504150391,
            -0.6469798684120178,
            -0.6442348957061768
        ]
    },
    "6": {
        "top5_index": [
            684,
            1615,
            2896,
            1335,
            1495
        ],
        "scores": [
            1.0,
            0.6788738965988159,
            0.5666671395301819,
            0.5174737572669983,
            0.4693314731121063
        ]
    },
    "7": {
        "top5_index": [
            2547,
            2390,
            164,
            115,
            1339
        ],
        "scores": [
            -1.0,
            -0.9317008256912231,
            0.9162197113037109,
            0.7031634449958801,
            -0.6991531252861023
        ]
    },
    "8": {
        "top5_index": [
            1794,
            670,
            936,
            374,
            1493
        ],
        "scores": [
            -1.0,
            -0.8210638165473938,
            -0.7685942649841309,
            0.6539301872253418,
            -0.6346269845962524
        ]
    },
    "9": {
        "top5_index": [
            1043,
            1856,
            1436,
            1679,
            2382
        ],
        "scores": [
            1.0,
            -0.7191920876502991,
            0.6331716179847717,
            0.605430543422699,
            -0.6015021800994873
        ]
    },
    "10": {
        "top5_index": [
            2761,
            1041,
            1148,
            2872,
            126
        ],
        "scores": [
            1.0,
            0.8818836808204651,
            0.8363449573516846,
            0.8088343739509583,
            -0.7830469012260437
        ]
    },
    "11": {
        "top5_index": [
            2493,
            1225,
            1056,
            2123,
            3062
        ],
        "scores": [
            1.0,
            0.5929198861122131,
            0.5812893509864807,
            -0.5545715093612671,
            0.5473113656044006
        ]
    }
}