{
    "0": {
        "top5_index": [
            281,
            1,
            78,
            151,
            282
        ],
        "scores": [
            1.0,
            -0.8757428526878357,
            0.8748365640640259,
            -0.8633367419242859,
            -0.8610430359840393
        ]
    },
    "1": {
        "top5_index": [
            674,
            512,
            287,
            407,
            0
        ],
        "scores": [
            1.0,
            0.9163467288017273,
            -0.8131634593009949,
            -0.8088997006416321,
            0.7834590077400208
        ]
    },
    "2": {
        "top5_index": [
            512,
            448,
            364,
            107,
            507
        ],
        "scores": [
            1.0,
            -0.9176921248435974,
            0.8624168038368225,
            -0.7892093658447266,
            0.7674346566200256
        ]
    },
    "3": {
        "top5_index": [
            69,
            448,
            97,
            598,
            53
        ],
        "scores": [
            -1.0,
            -0.9973482489585876,
            0.9964264035224915,
            0.8928683996200562,
            -0.8331784009933472
        ]
    },
    "4": {
        "top5_index": [
            88,
            448,
            97,
            69,
            289
        ],
        "scores": [
            -1.0,
            -0.9298500418663025,
            0.8912823796272278,
            -0.8663224577903748,
            0.852207362651825
        ]
    },
    "5": {
        "top5_index": [
            257,
            674,
            448,
            269,
            97
        ],
        "scores": [
            1.0,
            0.9820104837417603,
            -0.9270215630531311,
            -0.8740595579147339,
            0.8738694787025452
        ]
    },
    "6": {
        "top5_index": [
            448,
            398,
            674,
            134,
            744
        ],
        "scores": [
            -1.0,
            -0.7898911833763123,
            0.7796100974082947,
            -0.762803316116333,
            -0.7584070563316345
        ]
    },
    "7": {
        "top5_index": [
            605,
            134,
            448,
            754,
            504
        ],
        "scores": [
            -1.0,
            -0.9410684704780579,
            -0.919317901134491,
            -0.8132423758506775,
            -0.8009838461875916
        ]
    },
    "8": {
        "top5_index": [
            134,
            395,
            97,
            605,
            38
        ],
        "scores": [
            -1.0,
            0.9032933712005615,
            0.8457142114639282,
            -0.840955913066864,
            0.780026912689209
        ]
    },
    "9": {
        "top5_index": [
            134,
            313,
            414,
            605,
            88
        ],
        "scores": [
            -1.0,
            0.8899897933006287,
            -0.8607571125030518,
            -0.8433902859687805,
            -0.8124322891235352
        ]
    },
    "10": {
        "top5_index": [
            605,
            88,
            748,
            414,
            393
        ],
        "scores": [
            -1.0,
            -0.844065248966217,
            0.78590327501297,
            -0.7563171982765198,
            0.7373990416526794
        ]
    },
    "11": {
        "top5_index": [
            605,
            702,
            577,
            169,
            319
        ],
        "scores": [
            -1.0,
            0.9249411821365356,
            -0.8609997034072876,
            0.8334484696388245,
            0.8219587206840515
        ]
    }
}