{
    "0": {
        "top5_index": [
            281,
            403,
            237,
            638,
            581
        ],
        "scores": [
            1.0,
            0.9133394956588745,
            0.8647111654281616,
            -0.8388879299163818,
            0.7316491603851318
        ]
    },
    "1": {
        "top5_index": [
            581,
            364,
            371,
            382,
            611
        ],
        "scores": [
            1.0,
            0.9058800339698792,
            -0.8735167384147644,
            -0.8674767017364502,
            0.8515779972076416
        ]
    },
    "2": {
        "top5_index": [
            364,
            97,
            423,
            587,
            514
        ],
        "scores": [
            1.0,
            0.9509061574935913,
            0.9293612837791443,
            0.9287318587303162,
            -0.9226645827293396
        ]
    },
    "3": {
        "top5_index": [
            97,
            73,
            69,
            674,
            414
        ],
        "scores": [
            1.0,
            0.9474040865898132,
            -0.8663437366485596,
            0.8576107025146484,
            -0.8405864238739014
        ]
    },
    "4": {
        "top5_index": [
            134,
            97,
            287,
            73,
            69
        ],
        "scores": [
            -1.0,
            0.9261104464530945,
            -0.7848551869392395,
            0.7734012007713318,
            -0.7722651362419128
        ]
    },
    "5": {
        "top5_index": [
            134,
            645,
            57,
            69,
            34
        ],
        "scores": [
            -1.0,
            -0.8647401332855225,
            0.8440666794776917,
            -0.7983823418617249,
            0.7809306383132935
        ]
    },
    "6": {
        "top5_index": [
            314,
            134,
            674,
            667,
            391
        ],
        "scores": [
            1.0,
            -0.9706710577011108,
            0.7699752449989319,
            0.7633240222930908,
            -0.7259754538536072
        ]
    },
    "7": {
        "top5_index": [
            134,
            92,
            395,
            393,
            674
        ],
        "scores": [
            -1.0,
            0.8201934099197388,
            0.8095384836196899,
            0.8034146428108215,
            0.7612033486366272
        ]
    },
    "8": {
        "top5_index": [
            134,
            88,
            499,
            748,
            393
        ],
        "scores": [
            -1.0,
            -0.8730356097221375,
            0.8322737216949463,
            0.8305575847625732,
            0.8011713027954102
        ]
    },
    "9": {
        "top5_index": [
            134,
            72,
            663,
            685,
            88
        ],
        "scores": [
            -1.0,
            0.9786249995231628,
            -0.9469435811042786,
            0.9054573774337769,
            -0.9035962224006653
        ]
    },
    "10": {
        "top5_index": [
            605,
            88,
            748,
            663,
            393
        ],
        "scores": [
            -1.0,
            -0.9994388818740845,
            0.9137471914291382,
            -0.9115059971809387,
            0.8611564636230469
        ]
    },
    "11": {
        "top5_index": [
            605,
            702,
            577,
            169,
            319
        ],
        "scores": [
            -1.0,
            0.9249411225318909,
            -0.8609997034072876,
            0.8334484696388245,
            0.8219587802886963
        ]
    }
}