{
    "0": {
        "top5_index": [
            2581,
            1914,
            630,
            1204,
            1268
        ],
        "scores": [
            -1.0,
            -0.9342214465141296,
            -0.8254274725914001,
            -0.8113662600517273,
            -0.8103227019309998
        ]
    },
    "1": {
        "top5_index": [
            1978,
            489,
            1990,
            1061,
            1930
        ],
        "scores": [
            -1.0,
            -0.7235523462295532,
            -0.48095375299453735,
            -0.46982479095458984,
            -0.4564814269542694
        ]
    },
    "2": {
        "top5_index": [
            666,
            3050,
            2772,
            540,
            3017
        ],
        "scores": [
            -1.0,
            0.8758787512779236,
            -0.8382503390312195,
            0.7776601314544678,
            -0.7749093770980835
        ]
    },
    "3": {
        "top5_index": [
            1531,
            2660,
            68,
            824,
            2664
        ],
        "scores": [
            -1.0,
            -0.9830054640769958,
            -0.956713080406189,
            -0.8469300866127014,
            -0.7634143233299255
        ]
    },
    "4": {
        "top5_index": [
            1014,
            367,
            1985,
            1296,
            3054
        ],
        "scores": [
            -1.0,
            -0.9333953857421875,
            0.9019522666931152,
            -0.898523211479187,
            -0.8510055541992188
        ]
    },
    "5": {
        "top5_index": [
            79,
            1953,
            1289,
            2606,
            2634
        ],
        "scores": [
            -1.0,
            0.6901245713233948,
            -0.6783788204193115,
            0.6212387681007385,
            0.6125640273094177
        ]
    },
    "6": {
        "top5_index": [
            684,
            764,
            1142,
            1235,
            2503
        ],
        "scores": [
            1.0,
            0.673565149307251,
            0.6499881148338318,
            -0.5990670323371887,
            0.5419279932975769
        ]
    },
    "7": {
        "top5_index": [
            2390,
            2765,
            2547,
            1952,
            859
        ],
        "scores": [
            -1.0,
            0.6834587454795837,
            -0.6720892786979675,
            0.6473278403282166,
            -0.6278985738754272
        ]
    },
    "8": {
        "top5_index": [
            1794,
            670,
            936,
            1394,
            1493
        ],
        "scores": [
            -1.0,
            -0.873263955116272,
            -0.7737377285957336,
            -0.6323370337486267,
            -0.5929000973701477
        ]
    },
    "9": {
        "top5_index": [
            1043,
            107,
            1436,
            601,
            2805
        ],
        "scores": [
            1.0,
            -0.7671630382537842,
            0.6986885666847229,
            -0.6671580076217651,
            -0.6325026154518127
        ]
    },
    "10": {
        "top5_index": [
            2761,
            749,
            1032,
            705,
            126
        ],
        "scores": [
            1.0,
            0.9078858494758606,
            -0.7859317064285278,
            0.7578164339065552,
            -0.7524085640907288
        ]
    },
    "11": {
        "top5_index": [
            2493,
            1225,
            1056,
            2123,
            3062
        ],
        "scores": [
            1.0,
            0.5929200053215027,
            0.5812896490097046,
            -0.5545717477798462,
            0.5473113059997559
        ]
    }
}