{
    "0": {
        "top5_index": [
            2581,
            2912,
            2031,
            1914,
            312
        ],
        "scores": [
            -1.0,
            0.8081069588661194,
            -0.7776999473571777,
            -0.7709887027740479,
            0.7499881982803345
        ]
    },
    "1": {
        "top5_index": [
            1978,
            489,
            946,
            379,
            1196
        ],
        "scores": [
            -1.0,
            -0.994198203086853,
            -0.9260039925575256,
            0.9045953750610352,
            -0.8843562602996826
        ]
    },
    "2": {
        "top5_index": [
            2038,
            2839,
            636,
            1858,
            2951
        ],
        "scores": [
            1.0,
            -0.9934854507446289,
            -0.9172675013542175,
            0.8563674092292786,
            0.8112130761146545
        ]
    },
    "3": {
        "top5_index": [
            2565,
            1051,
            582,
            2860,
            2913
        ],
        "scores": [
            1.0,
            -0.9773464202880859,
            -0.9467208385467529,
            0.9202851057052612,
            0.909213125705719
        ]
    },
    "4": {
        "top5_index": [
            2254,
            1014,
            2226,
            2544,
            2657
        ],
        "scores": [
            -1.0,
            -0.9937089085578918,
            -0.8743249773979187,
            -0.8630049824714661,
            0.8119227290153503
        ]
    },
    "5": {
        "top5_index": [
            79,
            2634,
            803,
            2104,
            615
        ],
        "scores": [
            -1.0,
            0.7042904496192932,
            0.6998904943466187,
            0.6490894556045532,
            -0.6431346535682678
        ]
    },
    "6": {
        "top5_index": [
            684,
            764,
            1235,
            1160,
            2503
        ],
        "scores": [
            1.0,
            0.8008377552032471,
            -0.6799224615097046,
            -0.6282133460044861,
            0.6033167243003845
        ]
    },
    "7": {
        "top5_index": [
            115,
            164,
            1865,
            1339,
            2390
        ],
        "scores": [
            1.0,
            0.8685159683227539,
            0.744670033454895,
            -0.7216995358467102,
            -0.696367621421814
        ]
    },
    "8": {
        "top5_index": [
            2833,
            1794,
            1493,
            920,
            93
        ],
        "scores": [
            -1.0,
            -0.904310941696167,
            -0.7659963369369507,
            -0.7065362930297852,
            -0.7063328623771667
        ]
    },
    "9": {
        "top5_index": [
            904,
            2382,
            1104,
            806,
            1679
        ],
        "scores": [
            -1.0,
            -0.8952045440673828,
            0.8714128732681274,
            0.8706133961677551,
            0.8656910061836243
        ]
    },
    "10": {
        "top5_index": [
            2761,
            1041,
            1148,
            2872,
            100
        ],
        "scores": [
            1.0,
            0.8168294429779053,
            0.7972355484962463,
            0.7578800916671753,
            0.7411791086196899
        ]
    },
    "11": {
        "top5_index": [
            2493,
            1225,
            1056,
            2123,
            3062
        ],
        "scores": [
            1.0,
            0.5929198265075684,
            0.5812896490097046,
            -0.5545714497566223,
            0.5473112463951111
        ]
    }
}