{
    "0": {
        "top5_index": [
            281,
            508,
            443,
            335,
            120
        ],
        "scores": [
            1.0,
            -0.8459174036979675,
            -0.842442512512207,
            0.8184858560562134,
            -0.784315288066864
        ]
    },
    "1": {
        "top5_index": [
            581,
            281,
            507,
            605,
            740
        ],
        "scores": [
            1.0,
            0.9544044137001038,
            0.8224179744720459,
            -0.8114045858383179,
            0.7922943234443665
        ]
    },
    "2": {
        "top5_index": [
            97,
            281,
            507,
            101,
            91
        ],
        "scores": [
            1.0,
            0.999412477016449,
            0.9375550150871277,
            0.9227514266967773,
            -0.8399114012718201
        ]
    },
    "3": {
        "top5_index": [
            100,
            640,
            73,
            414,
            507
        ],
        "scores": [
            1.0,
            0.9161707162857056,
            0.8726032376289368,
            -0.8675402402877808,
            0.8453311324119568
        ]
    },
    "4": {
        "top5_index": [
            605,
            115,
            100,
            281,
            134
        ],
        "scores": [
            -1.0,
            0.9079420566558838,
            0.8809497952461243,
            0.7843523025512695,
            -0.7614734768867493
        ]
    },
    "5": {
        "top5_index": [
            605,
            100,
            134,
            651,
            79
        ],
        "scores": [
            -1.0,
            0.8265441060066223,
            -0.8018575310707092,
            -0.7804751992225647,
            -0.7454661130905151
        ]
    },
    "6": {
        "top5_index": [
            134,
            605,
            314,
            100,
            79
        ],
        "scores": [
            -1.0,
            -0.9406552314758301,
            0.7818959951400757,
            0.7815491557121277,
            -0.7815091609954834
        ]
    },
    "7": {
        "top5_index": [
            605,
            134,
            393,
            287,
            45
        ],
        "scores": [
            -1.0,
            -0.9774346947669983,
            0.8298050761222839,
            -0.7460788488388062,
            0.7362730503082275
        ]
    },
    "8": {
        "top5_index": [
            134,
            605,
            287,
            748,
            587
        ],
        "scores": [
            -1.0,
            -0.8595256209373474,
            -0.7980132102966309,
            0.7466166019439697,
            0.7388396263122559
        ]
    },
    "9": {
        "top5_index": [
            663,
            238,
            134,
            605,
            287
        ],
        "scores": [
            -1.0,
            0.9366386532783508,
            -0.9331162571907043,
            -0.9051351547241211,
            -0.847991406917572
        ]
    },
    "10": {
        "top5_index": [
            605,
            748,
            319,
            88,
            663
        ],
        "scores": [
            -1.0,
            0.8189830780029297,
            0.7841116189956665,
            -0.7759361267089844,
            -0.7658780813217163
        ]
    },
    "11": {
        "top5_index": [
            605,
            702,
            577,
            169,
            319
        ],
        "scores": [
            -1.0,
            0.9249411225318909,
            -0.8609996438026428,
            0.8334484696388245,
            0.8219587206840515
        ]
    }
}