{
    "0": {
        "top5_index": [
            612,
            2115,
            2031,
            2912,
            1610
        ],
        "scores": [
            1.0,
            -0.9251527786254883,
            -0.9065160751342773,
            0.8845822811126709,
            -0.8800306916236877
        ]
    },
    "1": {
        "top5_index": [
            379,
            2442,
            2054,
            2563,
            946
        ],
        "scores": [
            1.0,
            0.8653758764266968,
            0.8459343910217285,
            -0.7575616240501404,
            -0.7443971037864685
        ]
    },
    "2": {
        "top5_index": [
            46,
            637,
            1561,
            1995,
            1101
        ],
        "scores": [
            1.0,
            -0.9887730479240417,
            0.9615715146064758,
            0.9212870597839355,
            0.8991039395332336
        ]
    },
    "3": {
        "top5_index": [
            1531,
            2660,
            68,
            2664,
            824
        ],
        "scores": [
            -1.0,
            -0.9223678112030029,
            -0.8633466362953186,
            -0.8564728498458862,
            -0.7977404594421387
        ]
    },
    "4": {
        "top5_index": [
            2422,
            2606,
            2254,
            117,
            572
        ],
        "scores": [
            1.0,
            -0.9151344299316406,
            -0.8489198088645935,
            -0.844958484172821,
            -0.8292260766029358
        ]
    },
    "5": {
        "top5_index": [
            79,
            1953,
            615,
            1868,
            1420
        ],
        "scores": [
            -1.0,
            0.9737271666526794,
            -0.9376646280288696,
            -0.8026405572891235,
            -0.7764949798583984
        ]
    },
    "6": {
        "top5_index": [
            684,
            96,
            764,
            1580,
            2503
        ],
        "scores": [
            1.0,
            0.7779432535171509,
            0.7763478755950928,
            0.6844486594200134,
            0.646530032157898
        ]
    },
    "7": {
        "top5_index": [
            2390,
            2547,
            164,
            115,
            536
        ],
        "scores": [
            -1.0,
            -0.9742428660392761,
            0.9309318661689758,
            0.9038845300674438,
            -0.6819189190864563
        ]
    },
    "8": {
        "top5_index": [
            1794,
            936,
            2833,
            670,
            1493
        ],
        "scores": [
            -1.0,
            -0.7672873735427856,
            -0.7509035468101501,
            -0.6557543873786926,
            -0.6428546905517578
        ]
    },
    "9": {
        "top5_index": [
            2194,
            737,
            2207,
            904,
            1043
        ],
        "scores": [
            -1.0,
            -0.970535933971405,
            -0.9554427862167358,
            -0.9539520740509033,
            0.9355047345161438
        ]
    },
    "10": {
        "top5_index": [
            2761,
            749,
            2872,
            753,
            653
        ],
        "scores": [
            1.0,
            0.9274580478668213,
            0.8004212975502014,
            -0.7983621954917908,
            0.7898173332214355
        ]
    },
    "11": {
        "top5_index": [
            2493,
            1225,
            1056,
            2123,
            3062
        ],
        "scores": [
            1.0,
            0.5929200053215027,
            0.5812897086143494,
            -0.554571807384491,
            0.5473113059997559
        ]
    }
}