{
    "0": {
        "top5_index": [
            281,
            82,
            259,
            357,
            377
        ],
        "scores": [
            1.0,
            0.9519863128662109,
            0.787060022354126,
            -0.7728468775749207,
            -0.7451993227005005
        ]
    },
    "1": {
        "top5_index": [
            106,
            507,
            522,
            91,
            287
        ],
        "scores": [
            1.0,
            0.9761741161346436,
            0.7762032747268677,
            -0.771757960319519,
            -0.7293460965156555
        ]
    },
    "2": {
        "top5_index": [
            507,
            128,
            554,
            522,
            91
        ],
        "scores": [
            1.0,
            0.9678471088409424,
            0.936608612537384,
            0.8678115010261536,
            -0.7591379284858704
        ]
    },
    "3": {
        "top5_index": [
            128,
            522,
            507,
            554,
            236
        ],
        "scores": [
            1.0,
            0.7786080837249756,
            0.7653059363365173,
            0.7454935908317566,
            -0.6947768926620483
        ]
    },
    "4": {
        "top5_index": [
            507,
            100,
            556,
            356,
            76
        ],
        "scores": [
            1.0,
            0.9688612222671509,
            -0.9618831872940063,
            -0.9475763440132141,
            0.9110488295555115
        ]
    },
    "5": {
        "top5_index": [
            75,
            507,
            311,
            100,
            5
        ],
        "scores": [
            -1.0,
            0.856281042098999,
            -0.8298764228820801,
            0.8181394934654236,
            -0.8150642514228821
        ]
    },
    "6": {
        "top5_index": [
            314,
            605,
            405,
            588,
            741
        ],
        "scores": [
            1.0,
            -0.9918217658996582,
            0.9870632290840149,
            -0.9547669291496277,
            0.9301732778549194
        ]
    },
    "7": {
        "top5_index": [
            663,
            605,
            393,
            345,
            674
        ],
        "scores": [
            -1.0,
            -0.8954432010650635,
            0.8447341918945312,
            0.842333972454071,
            0.8139311075210571
        ]
    },
    "8": {
        "top5_index": [
            238,
            134,
            414,
            674,
            663
        ],
        "scores": [
            1.0,
            -0.8990538120269775,
            -0.8739631772041321,
            0.8418847918510437,
            -0.8196020126342773
        ]
    },
    "9": {
        "top5_index": [
            414,
            238,
            663,
            356,
            287
        ],
        "scores": [
            -1.0,
            0.9384191632270813,
            -0.9226042628288269,
            -0.8707961440086365,
            -0.8472797274589539
        ]
    },
    "10": {
        "top5_index": [
            605,
            414,
            748,
            663,
            88
        ],
        "scores": [
            -1.0,
            -0.8993831872940063,
            0.8298587799072266,
            -0.8074082136154175,
            -0.7971718907356262
        ]
    },
    "11": {
        "top5_index": [
            605,
            702,
            577,
            169,
            319
        ],
        "scores": [
            -1.0,
            0.9249410629272461,
            -0.8609997034072876,
            0.8334484100341797,
            0.8219586610794067
        ]
    }
}