{
    "0": {
        "top5_index": [
            367,
            563,
            450,
            83,
            317
        ],
        "scores": [
            1.0,
            0.971244215965271,
            -0.9632555246353149,
            0.8948630094528198,
            -0.8849057555198669
        ]
    },
    "1": {
        "top5_index": [
            106,
            205,
            512,
            264,
            447
        ],
        "scores": [
            1.0,
            -0.8591617345809937,
            0.8150152564048767,
            0.7109655141830444,
            -0.6420084238052368
        ]
    },
    "2": {
        "top5_index": [
            522,
            236,
            128,
            489,
            512
        ],
        "scores": [
            1.0,
            -0.9486375451087952,
            0.8522674441337585,
            0.847225546836853,
            0.8313257694244385
        ]
    },
    "3": {
        "top5_index": [
            128,
            236,
            522,
            602,
            624
        ],
        "scores": [
            1.0,
            -0.9332637190818787,
            0.7921409010887146,
            -0.7526203393936157,
            -0.7513066530227661
        ]
    },
    "4": {
        "top5_index": [
            134,
            311,
            69,
            396,
            285
        ],
        "scores": [
            -1.0,
            -0.9972195029258728,
            -0.9743024110794067,
            0.8652803301811218,
            -0.858755350112915
        ]
    },
    "5": {
        "top5_index": [
            69,
            311,
            33,
            85,
            134
        ],
        "scores": [
            -1.0,
            -0.940144956111908,
            -0.8529196977615356,
            0.8434045314788818,
            -0.8307504653930664
        ]
    },
    "6": {
        "top5_index": [
            69,
            57,
            667,
            314,
            499
        ],
        "scores": [
            -1.0,
            0.913103461265564,
            0.9048652052879333,
            0.8671379089355469,
            0.8608896136283875
        ]
    },
    "7": {
        "top5_index": [
            134,
            414,
            762,
            393,
            395
        ],
        "scores": [
            -1.0,
            -0.8938016295433044,
            -0.8783608078956604,
            0.8760972023010254,
            0.8503900170326233
        ]
    },
    "8": {
        "top5_index": [
            134,
            414,
            88,
            762,
            395
        ],
        "scores": [
            -1.0,
            -0.8996391296386719,
            -0.8441835641860962,
            -0.8439620137214661,
            0.814058780670166
        ]
    },
    "9": {
        "top5_index": [
            663,
            414,
            356,
            88,
            134
        ],
        "scores": [
            -1.0,
            -0.7697005867958069,
            -0.7277863621711731,
            -0.7015260457992554,
            -0.6687813997268677
        ]
    },
    "10": {
        "top5_index": [
            605,
            663,
            88,
            748,
            393
        ],
        "scores": [
            -1.0,
            -0.9228541851043701,
            -0.9101791977882385,
            0.8487438559532166,
            0.8430988192558289
        ]
    },
    "11": {
        "top5_index": [
            605,
            702,
            577,
            169,
            319
        ],
        "scores": [
            -1.0,
            0.9249410629272461,
            -0.8609997034072876,
            0.8334484100341797,
            0.8219587206840515
        ]
    }
}