{
    "0": {
        "top5_index": [
            271,
            95,
            291,
            623,
            738
        ],
        "scores": [
            1.0,
            -0.948339581489563,
            -0.9353001117706299,
            -0.8789151906967163,
            -0.8754476308822632
        ]
    },
    "1": {
        "top5_index": [
            2563,
            312,
            18,
            2442,
            2605
        ],
        "scores": [
            -1.0,
            0.9274498224258423,
            0.8634445667266846,
            0.8610633611679077,
            -0.8575593829154968
        ]
    },
    "2": {
        "top5_index": [
            3017,
            2038,
            637,
            471,
            666
        ],
        "scores": [
            -1.0,
            0.984140157699585,
            -0.9409517645835876,
            -0.9271754026412964,
            -0.919871985912323
        ]
    },
    "3": {
        "top5_index": [
            1531,
            68,
            824,
            2660,
            1470
        ],
        "scores": [
            -1.0,
            -0.8974812626838684,
            -0.8945059180259705,
            -0.8865916132926941,
            -0.8250854015350342
        ]
    },
    "4": {
        "top5_index": [
            2033,
            2570,
            1014,
            1574,
            1296
        ],
        "scores": [
            1.0,
            0.7642905712127686,
            -0.673128604888916,
            -0.5375253558158875,
            -0.5366842150688171
        ]
    },
    "5": {
        "top5_index": [
            1932,
            1420,
            79,
            951,
            528
        ],
        "scores": [
            -1.0,
            -0.8970251083374023,
            -0.8843641877174377,
            0.8735291361808777,
            -0.8627678155899048
        ]
    },
    "6": {
        "top5_index": [
            684,
            1142,
            1235,
            764,
            2503
        ],
        "scores": [
            1.0,
            0.92812180519104,
            -0.8395793437957764,
            0.8239420056343079,
            0.7700688242912292
        ]
    },
    "7": {
        "top5_index": [
            2547,
            2390,
            1562,
            2765,
            501
        ],
        "scores": [
            -1.0,
            -0.8646448254585266,
            -0.6502513289451599,
            0.6258130669593811,
            -0.5428355932235718
        ]
    },
    "8": {
        "top5_index": [
            1794,
            936,
            670,
            1493,
            2833
        ],
        "scores": [
            -1.0,
            -0.9315664768218994,
            -0.925273597240448,
            -0.6808910369873047,
            -0.6087782382965088
        ]
    },
    "9": {
        "top5_index": [
            1043,
            107,
            1436,
            2228,
            2173
        ],
        "scores": [
            1.0,
            -0.8331980109214783,
            0.8229755163192749,
            -0.6446942687034607,
            0.6427351236343384
        ]
    },
    "10": {
        "top5_index": [
            2761,
            1148,
            1041,
            2872,
            2678
        ],
        "scores": [
            1.0,
            0.9431120753288269,
            0.8506588339805603,
            0.8149188756942749,
            0.8145782351493835
        ]
    },
    "11": {
        "top5_index": [
            2493,
            1225,
            1056,
            2123,
            3062
        ],
        "scores": [
            1.0,
            0.592919647693634,
            0.5812896490097046,
            -0.5545715689659119,
            0.5473112463951111
        ]
    }
}